TimeLog,arKOFXUSDD,arKOFXJPYD,arKOFXEURD,arKOFXJPDD,arKOFXDERD,arKOFXDUKD,arKOFXDAUD,arKOFXCNDD,arKOFXSWDD,arKOFXHKDD,arKOFXTHDD,arKOFXINDD,afUSFXMCN,afUSFXBRI,afUSFXOTN,afUSFXMCRR,afUSFXBRIR,afUSFXOTRR,arKOFXUSDD_YoY,arKOFXJPYD_YoY,arKOFXEURD_YoY,arKOFXJPDD_YoY,arKOFXDERD_YoY,arKOFXDUKD_YoY,arKOFXDAUD_YoY,arKOFXCNDD_YoY,arKOFXSWDD_YoY,arKOFXHKDD_YoY,arKOFXTHDD_YoY,arKOFXINDD_YoY
2000.1.31,1122.10 ,1049.67 ,1097.08 ,106.90 ,0.98 ,1.62 ,0.64 ,1.45 ,1.64 ,7.78 ,37.56 ,7425.00 ,96.23 ,115.23 ,128.19 ,98.19 ,99.85 ,110.80 ,-4.51 ,3.93 ,-18.14 ,-8.12 ,-14.27 ,-1.55 ,1.64 ,-4.65 ,16.33 ,0.40 ,1.79 ,-18.63 
2000.2.29,1131.80 ,1034.36 ,1096.09 ,109.42 ,0.97 ,1.60 ,0.61 ,1.45 ,1.66 ,7.78 ,37.95 ,7420.00 ,98.45 ,116.68 ,128.10 ,100.71 ,101.25 ,110.72 ,-7.36 ,1.36 ,-18.69 ,-8.60 ,-12.23 ,-0.42 ,-1.24 ,-4.10 ,15.04 ,0.44 ,1.34 ,-15.30 
2000.3.31,1108.30 ,1046.95 ,1065.46 ,105.86 ,0.96 ,1.59 ,0.61 ,1.45 ,1.66 ,7.79 ,37.82 ,7585.00 ,98.83 ,116.67 ,127.44 ,101.51 ,101.72 ,110.78 ,-9.50 ,3.05 ,-18.94 ,-12.19 ,-10.43 ,-1.12 ,-2.12 ,-3.66 ,11.22 ,0.48 ,0.67 ,-12.56 
2000.4.28,1110.40 ,1042.43 ,1012.02 ,106.52 ,0.91 ,1.57 ,0.59 ,1.48 ,1.72 ,7.79 ,38.08 ,7890.00 ,99.52 ,117.33 ,127.94 ,102.34 ,102.25 ,110.93 ,-5.61 ,5.76 ,-19.00 ,-10.75 ,-14.18 ,-2.18 ,-11.00 ,0.87 ,13.63 ,0.49 ,1.95 ,-3.37 
2000.5.31,1133.80 ,1063.30 ,1053.64 ,106.63 ,0.93 ,1.50 ,0.58 ,1.51 ,1.69 ,7.79 ,39.22 ,8640.00 ,102.65 ,119.93 ,129.25 ,105.64 ,104.54 ,112.01 ,-4.43 ,9.10 ,-14.98 ,-12.40 ,-11.05 ,-6.50 ,-11.54 ,2.37 ,10.68 ,0.49 ,5.80 ,6.67 
2000.6.30,1114.80 ,1060.00 ,1061.40 ,105.17 ,0.95 ,1.52 ,0.60 ,1.48 ,1.64 ,7.80 ,39.16 ,8725.00 ,100.04 ,118.70 ,130.51 ,103.15 ,103.64 ,113.25 ,-3.56 ,11.00 ,-11.03 ,-13.11 ,-7.75 ,-3.53 ,-8.81 ,0.37 ,5.47 ,0.48 ,6.41 ,31.10 
2000.7.31,1116.20 ,1018.38 ,1031.03 ,109.61 ,0.92 ,1.50 ,0.59 ,1.48 ,1.68 ,7.80 ,41.38 ,8920.00 ,101.00 ,119.03 ,129.74 ,104.20 ,103.87 ,112.36 ,-7.07 ,-1.94 ,-19.85 ,-5.23 ,-13.75 ,-7.01 ,-9.79 ,-1.83 ,12.51 ,0.47 ,11.75 ,31.15 
2000.8.31,1108.80 ,1039.27 ,992.27 ,106.69 ,0.89 ,1.46 ,0.58 ,1.48 ,1.73 ,7.80 ,40.95 ,8335.00 ,102.55 ,119.82 ,129.15 ,105.73 ,104.39 ,111.53 ,-6.42 ,-2.95 ,-20.25 ,-3.58 ,-14.77 ,-8.33 ,-9.52 ,-1.08 ,13.24 ,0.45 ,6.89 ,8.05 
2000.9.29,1114.70 ,1033.76 ,983.72 ,107.83 ,0.88 ,1.46 ,0.54 ,1.50 ,1.73 ,7.80 ,42.48 ,8800.00 ,104.27 ,121.29 ,130.00 ,107.84 ,105.88 ,112.30 ,-8.53 ,-9.09 ,-24.08 ,0.62 ,-17.00 ,-11.01 ,-16.62 ,2.36 ,15.13 ,0.37 ,2.96 ,5.50 
2000.10.31,1136.70 ,1042.65 ,954.32 ,109.02 ,0.84 ,1.45 ,0.52 ,1.53 ,1.81 ,7.80 ,43.74 ,9415.00 ,105.88 ,123.02 ,131.64 ,109.57 ,107.35 ,113.54 ,-5.21 ,-8.71 ,-24.40 ,3.83 ,-20.24 ,-11.50 ,-19.77 ,3.97 ,18.88 ,0.38 ,12.94 ,36.45 
2000.11.30,1195.30 ,1073.46 ,1024.73 ,111.35 ,0.86 ,1.42 ,0.52 ,1.54 ,1.76 ,7.80 ,43.82 ,9475.00 ,106.79 ,123.97 ,132.51 ,110.33 ,108.00 ,114.11 ,3.27 ,-4.68 ,-12.33 ,8.33 ,-15.10 ,-11.40 ,-17.98 ,4.75 ,10.92 ,0.38 ,12.27 ,29.34 
2000.12.29,1252.00 ,1093.16 ,1163.55 ,114.53 ,0.93 ,1.49 ,0.55 ,1.50 ,1.64 ,7.80 ,43.16 ,9610.00 ,104.83 ,122.99 ,133.27 ,108.40 ,107.13 ,114.59 ,9.31 ,-2.56 ,1.13 ,12.17 ,-7.48 ,-7.73 ,-14.85 ,3.25 ,2.40 ,0.35 ,15.43 ,35.33 
2001.1.31,1265.50 ,1093.78 ,1172.68 ,115.70 ,0.93 ,1.46 ,0.55 ,1.50 ,1.65 ,7.80 ,42.67 ,9390.00 ,103.69 ,122.85 ,134.81 ,107.77 ,107.46 ,116.27 ,12.78 ,4.20 ,6.89 ,8.23 ,-5.22 ,-9.88 ,-14.22 ,3.89 ,0.13 ,0.24 ,13.60 ,26.46 
2001.2.28,1245.70 ,1071.48 ,1144.05 ,116.26 ,0.92 ,1.44 ,0.53 ,1.53 ,1.68 ,7.80 ,42.75 ,9810.00 ,105.00 ,123.54 ,134.34 ,109.27 ,108.30 ,116.27 ,10.06 ,3.59 ,4.38 ,6.25 ,-5.17 ,-9.56 ,-14.50 ,5.49 ,1.04 ,0.22 ,12.65 ,32.21 
2001.3.30,1314.00 ,1064.27 ,1159.41 ,123.47 ,0.88 ,1.43 ,0.49 ,1.57 ,1.73 ,7.80 ,44.70 ,10380.00 ,107.51 ,125.56 ,135.25 ,111.83 ,109.88 ,116.67 ,18.56 ,1.65 ,8.82 ,16.63 ,-8.22 ,-10.42 ,-19.86 ,8.07 ,4.37 ,0.17 ,18.19 ,36.85 
2001.4.30,1324.70 ,1067.70 ,1179.98 ,124.07 ,0.89 ,1.43 ,0.51 ,1.54 ,1.73 ,7.80 ,45.68 ,11750.00 ,108.66 ,126.53 ,135.76 ,112.83 ,110.48 ,116.77 ,19.30 ,2.42 ,16.60 ,16.48 ,-2.26 ,-8.86 ,-13.43 ,4.46 ,0.12 ,0.14 ,19.96 ,48.92 
2001.5.31,1292.90 ,1073.39 ,1106.21 ,120.45 ,0.86 ,1.43 ,0.51 ,1.54 ,1.78 ,7.80 ,45.37 ,11370.00 ,108.72 ,126.39 ,135.31 ,113.04 ,110.56 ,116.69 ,14.03 ,0.95 ,4.99 ,12.96 ,-7.93 ,-4.71 ,-11.22 ,2.55 ,5.70 ,0.09 ,15.67 ,31.60 
2001.6.29,1302.30 ,1043.51 ,1099.79 ,124.80 ,0.84 ,1.41 ,0.51 ,1.52 ,1.80 ,7.80 ,45.26 ,11440.00 ,109.75 ,127.24 ,135.75 ,114.27 ,111.38 ,117.03 ,16.82 ,-1.56 ,3.62 ,18.67 ,-11.30 ,-7.41 ,-15.73 ,2.69 ,10.14 ,0.06 ,15.58 ,31.12 
2001.7.31,1301.40 ,1039.46 ,1137.23 ,125.20 ,0.87 ,1.43 ,0.51 ,1.53 ,1.73 ,7.80 ,45.71 ,9650.00 ,109.81 ,127.67 ,136.70 ,114.26 ,111.49 ,117.30 ,16.59 ,2.07 ,10.30 ,14.23 ,-5.39 ,-5.07 ,-13.80 ,3.62 ,3.10 ,0.02 ,10.46 ,8.18 
2001.8.31,1283.80 ,1074.53 ,1176.15 ,119.48 ,0.92 ,1.46 ,0.53 ,1.54 ,1.65 ,7.80 ,44.20 ,8900.00 ,107.36 ,125.57 ,135.50 ,111.62 ,109.55 ,116.12 ,15.78 ,3.39 ,18.53 ,11.98 ,2.38 ,-0.12 ,-7.66 ,4.53 ,-4.24 ,0.00 ,7.94 ,6.78 
2001.9.28,1305.90 ,1090.98 ,1197.84 ,119.70 ,0.92 ,1.47 ,0.49 ,1.58 ,1.62 ,7.80 ,44.46 ,9645.00 ,106.91 ,125.93 ,137.13 ,111.53 ,110.15 ,117.72 ,17.15 ,5.54 ,21.77 ,11.01 ,3.94 ,0.73 ,-10.54 ,5.27 ,-6.79 ,0.03 ,4.66 ,9.60 
2001.10.31,1296.10 ,1061.29 ,1173.49 ,122.13 ,0.91 ,1.45 ,0.50 ,1.58 ,1.62 ,7.80 ,44.62 ,10375.00 ,107.85 ,126.77 ,137.67 ,112.30 ,110.50 ,117.53 ,14.02 ,1.79 ,22.97 ,12.02 ,7.84 ,0.15 ,-2.66 ,3.09 ,-10.30 ,0.00 ,2.01 ,10.20 
2001.11.30,1274.00 ,1027.96 ,1129.72 ,123.94 ,0.89 ,1.43 ,0.52 ,1.58 ,1.66 ,7.80 ,44.04 ,10402.00 ,109.20 ,127.29 ,136.74 ,113.86 ,111.01 ,116.66 ,6.58 ,-4.24 ,10.25 ,11.30 ,3.44 ,0.31 ,-0.56 ,2.49 ,-5.95 ,-0.01 ,0.50 ,9.78 
2001.12.31,1326.10 ,1009.40 ,1172.60 ,131.38 ,0.88 ,1.45 ,0.51 ,1.59 ,1.67 ,7.80 ,44.15 ,10450.00 ,109.71 ,127.36 ,136.10 ,114.12 ,110.94 ,116.15 ,5.92 ,-7.66 ,0.78 ,14.71 ,-4.85 ,-2.79 ,-7.70 ,6.04 ,2.40 ,-0.02 ,2.29 ,8.74 
2002.1.31,1314.80 ,989.65 ,1133.29 ,132.86 ,0.86 ,1.41 ,0.51 ,1.59 ,1.71 ,7.80 ,43.93 ,10315.00 ,111.42 ,128.95 ,137.26 ,115.70 ,112.15 ,117.01 ,3.90 ,-9.52 ,-3.36 ,14.83 ,-6.98 ,-3.27 ,-7.33 ,5.64 ,3.77 ,0.01 ,2.95 ,9.85 
2002.2.28,1327.70 ,988.35 ,1149.59 ,134.34 ,0.87 ,1.42 ,0.52 ,1.61 ,1.71 ,7.80 ,43.78 ,10180.00 ,112.20 ,129.69 ,137.84 ,116.64 ,112.81 ,117.38 ,6.58 ,-7.76 ,0.48 ,15.55 ,-5.72 ,-1.74 ,-1.83 ,5.15 ,1.75 ,-0.01 ,2.41 ,3.77 
2002.3.28,1327.00 ,999.40 ,1156.41 ,132.78 ,0.87 ,1.43 ,0.53 ,1.59 ,1.68 ,7.80 ,43.50 ,9800.00 ,111.17 ,128.94 ,137.63 ,115.64 ,112.23 ,117.27 ,0.99 ,-6.10 ,-0.26 ,7.54 ,-1.24 ,-0.22 ,8.42 ,1.30 ,-2.62 ,0.00 ,-2.68 ,-5.59 
2002.4.30,1292.20 ,1008.31 ,1167.31 ,128.16 ,0.90 ,1.46 ,0.54 ,1.57 ,1.62 ,7.80 ,43.20 ,9315.00 ,110.36 ,128.57 ,137.96 ,114.95 ,112.01 ,117.63 ,-2.45 ,-5.56 ,-1.07 ,3.29 ,1.41 ,1.69 ,6.18 ,1.55 ,-6.12 ,0.00 ,-5.43 ,-20.72 
2002.5.31,1233.30 ,998.50 ,1155.05 ,123.52 ,0.94 ,1.46 ,0.56 ,1.53 ,1.56 ,7.80 ,42.40 ,8833.00 ,107.35 ,127.01 ,138.90 ,111.88 ,110.57 ,118.14 ,-4.61 ,-6.98 ,4.42 ,2.54 ,9.47 ,2.63 ,10.09 ,-0.67 ,-12.21 ,0.00 ,-6.54 ,-22.31 
2002.6.28,1204.80 ,1007.57 ,1194.56 ,119.58 ,0.99 ,1.53 ,0.57 ,1.51 ,1.49 ,7.80 ,41.58 ,8630.00 ,104.52 ,125.57 ,139.94 ,108.87 ,109.14 ,118.65 ,-7.49 ,-3.44 ,8.62 ,-4.19 ,17.41 ,8.79 ,12.00 ,-0.64 ,-17.39 ,0.00 ,-8.13 ,-24.56 
2002.7.31,1197.00 ,994.35 ,1177.07 ,120.38 ,0.98 ,1.57 ,0.54 ,1.57 ,1.48 ,7.80 ,42.00 ,9100.00 ,101.95 ,123.81 ,139.80 ,106.16 ,107.53 ,118.41 ,-8.02 ,-4.34 ,3.50 ,-3.85 ,12.53 ,10.13 ,7.72 ,2.89 ,-14.24 ,0.01 ,-8.12 ,-5.70 
2002.8.30,1204.90 ,1018.73 ,1185.44 ,118.28 ,0.98 ,1.55 ,0.55 ,1.56 ,1.50 ,7.80 ,42.19 ,8860.00 ,103.40 ,125.23 ,140.95 ,107.76 ,108.87 ,119.50 ,-6.15 ,-5.19 ,0.79 ,-1.00 ,7.39 ,6.10 ,3.87 ,0.85 ,-9.56 ,0.00 ,-4.55 ,-0.45 
2002.9.30,1225.50 ,998.37 ,1202.34 ,122.75 ,0.98 ,1.56 ,0.54 ,1.58 ,1.49 ,7.80 ,43.42 ,9015.00 ,103.62 ,126.16 ,142.91 ,108.10 ,109.71 ,121.09 ,-6.16 ,-8.49 ,0.38 ,2.55 ,6.96 ,5.91 ,11.68 ,-0.04 ,-7.57 ,0.00 ,-2.34 ,-6.53 
2002.10.31,1233.40 ,1003.54 ,1213.97 ,122.91 ,0.98 ,1.56 ,0.55 ,1.57 ,1.49 ,7.80 ,43.40 ,9222.00 ,104.09 ,127.07 ,144.41 ,108.60 ,110.48 ,122.30 ,-4.84 ,-5.44 ,3.45 ,0.64 ,8.71 ,7.19 ,9.55 ,-0.79 ,-8.38 ,-0.01 ,-2.73 ,-11.11 
2002.11.29,1207.70 ,988.18 ,1200.39 ,122.22 ,0.99 ,1.55 ,0.56 ,1.57 ,1.48 ,7.80 ,43.41 ,8975.00 ,102.63 ,125.78 ,143.64 ,107.02 ,109.27 ,121.50 ,-5.20 ,-3.87 ,6.26 ,-1.39 ,12.09 ,8.64 ,8.38 ,-0.61 ,-10.43 ,-0.01 ,-1.43 ,-13.72 
2002.12.31,1200.40 ,1012.87 ,1257.36 ,118.52 ,1.05 ,1.60 ,0.57 ,1.58 ,1.39 ,7.80 ,43.21 ,8940.00 ,101.65 ,125.13 ,143.68 ,106.06 ,108.67 ,121.36 ,-9.48 ,0.34 ,7.23 ,-9.79 ,18.46 ,10.58 ,10.63 ,-0.90 ,-17.10 ,0.02 ,-2.13 ,-14.45 
2003.1.31,1170.50 ,987.06 ,1265.72 ,118.59 ,1.08 ,1.65 ,0.59 ,1.52 ,1.36 ,7.80 ,42.67 ,8845.00 ,98.94 ,123.59 ,144.45 ,103.29 ,107.34 ,121.91 ,-10.98 ,-0.26 ,11.69 ,-10.74 ,25.45 ,16.40 ,16.27 ,-4.18 ,-20.46 ,0.00 ,-2.87 ,-14.25 
2003.2.28,1186.80 ,1008.54 ,1275.63 ,117.68 ,1.07 ,1.58 ,0.61 ,1.49 ,1.36 ,7.80 ,42.64 ,8895.00 ,97.87 ,123.44 ,145.92 ,102.45 ,107.50 ,123.51 ,-10.61 ,2.04 ,10.96 ,-12.40 ,24.14 ,11.33 ,17.43 ,-7.12 ,-20.18 ,0.00 ,-2.60 ,-12.62 
2003.3.31,1252.90 ,1044.65 ,1351.06 ,119.94 ,1.08 ,1.57 ,0.60 ,1.47 ,1.37 ,7.80 ,42.97 ,8905.00 ,97.17 ,122.96 ,145.94 ,101.74 ,106.99 ,123.25 ,-5.58 ,4.53 ,16.83 ,-9.67 ,23.74 ,10.39 ,12.82 ,-7.59 ,-18.70 ,0.00 ,-1.22 ,-9.13 
2003.4.30,1213.10 ,1014.00 ,1348.30 ,119.64 ,1.11 ,1.60 ,0.62 ,1.44 ,1.36 ,7.80 ,42.89 ,8700.00 ,96.82 ,121.99 ,144.02 ,101.25 ,105.79 ,120.94 ,-6.12 ,0.56 ,15.50 ,-6.65 ,23.04 ,9.49 ,15.49 ,-7.91 ,-16.17 ,0.00 ,-0.72 ,-6.60 
2003.5.30,1206.60 ,1020.94 ,1434.71 ,118.19 ,1.19 ,1.65 ,0.65 ,1.37 ,1.29 ,7.80 ,41.77 ,8340.00 ,92.30 ,118.01 ,141.81 ,96.47 ,102.28 ,118.98 ,-2.16 ,2.25 ,24.21 ,-4.32 ,26.96 ,12.84 ,15.79 ,-10.75 ,-17.79 ,-0.02 ,-1.49 ,-5.58 
2003.6.30,1193.10 ,996.41 ,1362.34 ,119.74 ,1.14 ,1.65 ,0.67 ,1.35 ,1.35 ,7.80 ,41.97 ,8265.00 ,91.21 ,117.37 ,142.12 ,95.34 ,101.78 ,119.37 ,-0.97 ,-1.11 ,14.05 ,0.14 ,15.17 ,7.89 ,17.58 ,-10.97 ,-9.24 ,-0.02 ,0.94 ,-4.23 
2003.7.31,1180.00 ,980.92 ,1338.42 ,120.30 ,1.13 ,1.62 ,0.65 ,1.40 ,1.37 ,7.80 ,42.03 ,8505.00 ,93.08 ,118.58 ,141.88 ,97.46 ,103.01 ,119.39 ,-1.42 ,-1.35 ,13.71 ,-0.07 ,15.34 ,2.85 ,20.01 ,-11.07 ,-7.86 ,-0.01 ,0.07 ,-6.54 
2003.8.29,1179.90 ,1005.33 ,1284.56 ,117.37 ,1.09 ,1.58 ,0.64 ,1.39 ,1.41 ,7.80 ,41.10 ,8510.00 ,94.23 ,119.89 ,143.22 ,98.92 ,104.41 ,120.81 ,-2.07 ,-1.32 ,8.36 ,-0.77 ,10.65 ,2.06 ,15.84 ,-10.51 ,-5.45 ,-0.01 ,-2.58 ,-3.95 
2003.9.30,1150.20 ,1028.94 ,1331.24 ,111.79 ,1.16 ,1.66 ,0.68 ,1.35 ,1.33 ,7.75 ,40.01 ,8412.00 ,92.43 ,118.55 ,142.99 ,97.17 ,103.33 ,120.63 ,-6.14 ,3.06 ,10.72 ,-8.93 ,17.97 ,6.50 ,24.25 ,-14.30 ,-11.05 ,-0.63 ,-7.85 ,-6.69 
2003.10.31,1177.30 ,1083.52 ,1369.02 ,108.66 ,1.16 ,1.70 ,0.70 ,1.31 ,1.33 ,7.76 ,39.88 ,8475.00 ,88.94 ,116.21 ,143.29 ,93.41 ,100.99 ,120.25 ,-4.55 ,7.97 ,12.77 ,-11.59 ,18.14 ,8.97 ,27.47 ,-16.06 ,-10.45 ,-0.49 ,-8.11 ,-8.10 
2003.11.28,1202.60 ,1100.73 ,1432.84 ,109.26 ,1.19 ,1.71 ,0.72 ,1.31 ,1.30 ,7.76 ,39.93 ,8515.00 ,88.63 ,116.08 ,143.54 ,92.99 ,100.63 ,119.94 ,-0.42 ,11.39 ,19.36 ,-10.60 ,19.87 ,10.59 ,28.47 ,-16.88 ,-12.42 ,-0.44 ,-8.03 ,-5.13 
2003.12.31,1197.80 ,1119.60 ,1502.58 ,106.99 ,1.25 ,1.78 ,0.75 ,1.29 ,1.24 ,7.76 ,39.62 ,8473.00 ,86.36 ,114.51 ,143.69 ,90.66 ,99.25 ,119.96 ,-0.22 ,10.54 ,19.50 ,-9.73 ,19.76 ,10.85 ,32.24 ,-17.98 ,-10.50 ,-0.45 ,-8.31 ,-5.22 
2004.1.30,1173.60 ,1107.85 ,1456.67 ,105.94 ,1.24 ,1.82 ,0.76 ,1.33 ,1.26 ,7.77 ,39.23 ,8428.00 ,84.52 ,112.60 ,142.12 ,89.00 ,97.77 ,118.61 ,0.26 ,12.24 ,15.09 ,-10.67 ,14.78 ,10.32 ,29.09 ,-12.61 ,-7.39 ,-0.34 ,-8.06 ,-4.71 
2004.2.27,1174.50 ,1072.46 ,1461.02 ,109.52 ,1.24 ,1.86 ,0.77 ,1.34 ,1.27 ,7.78 ,39.30 ,8465.00 ,85.10 ,113.14 ,142.49 ,89.71 ,98.39 ,119.16 ,-1.04 ,6.34 ,14.53 ,-6.93 ,15.73 ,17.90 ,27.38 ,-10.18 ,-6.88 ,-0.18 ,-7.83 ,-4.83 
2004.3.31,1153.60 ,1090.00 ,1404.80 ,105.84 ,1.22 ,1.83 ,0.75 ,1.31 ,1.28 ,7.80 ,39.55 ,8600.00 ,86.61 ,114.26 ,142.65 ,91.43 ,99.30 ,118.94 ,-7.93 ,4.34 ,3.98 ,-11.76 ,12.93 ,16.07 ,25.52 ,-11.21 ,-6.36 ,-0.04 ,-7.96 ,-3.43 
2004.4.30,1167.70 ,1062.08 ,1396.22 ,109.95 ,1.20 ,1.77 ,0.72 ,1.37 ,1.29 ,7.80 ,39.99 ,8696.00 ,87.59 ,115.07 ,142.97 ,92.49 ,99.88 ,118.88 ,-3.74 ,4.74 ,3.55 ,-8.10 ,7.58 ,11.05 ,15.51 ,-5.04 ,-4.90 ,0.01 ,-6.76 ,-0.05 
2004.5.28,1165.70 ,1056.17 ,1426.70 ,110.37 ,1.22 ,1.84 ,0.71 ,1.36 ,1.25 ,7.79 ,40.51 ,9268.00 ,89.15 ,116.94 ,145.06 ,94.24 ,101.66 ,120.85 ,-3.39 ,3.45 ,-0.56 ,-6.61 ,2.93 ,11.09 ,9.53 ,-0.53 ,-2.82 ,-0.05 ,-3.02 ,11.13 
2004.6.30,1152.50 ,1064.03 ,1393.66 ,108.32 ,1.21 ,1.81 ,0.69 ,1.34 ,1.26 ,7.80 ,40.88 ,9410.00 ,87.71 ,115.83 ,144.77 ,92.92 ,100.81 ,120.62 ,-3.40 ,6.79 ,2.30 ,-9.54 ,5.90 ,9.57 ,3.75 ,-0.10 ,-6.35 ,0.02 ,-2.60 ,13.85 
2004.7.30,1168.30 ,1041.59 ,1405.76 ,112.17 ,1.20 ,1.82 ,0.70 ,1.32 ,1.28 ,7.80 ,41.36 ,9175.00 ,86.57 ,115.02 ,144.73 ,91.78 ,100.01 ,120.24 ,-0.99 ,6.19 ,5.03 ,-6.76 ,6.08 ,12.52 ,6.95 ,-5.38 ,-6.13 ,0.01 ,-1.59 ,7.88 
2004.8.31,1153.80 ,1048.48 ,1389.81 ,110.05 ,1.20 ,1.79 ,0.70 ,1.32 ,1.28 ,7.80 ,41.64 ,9335.00 ,86.82 ,115.18 ,144.72 ,92.06 ,100.00 ,119.81 ,-2.21 ,4.29 ,8.19 ,-6.24 ,10.65 ,13.73 ,9.20 ,-5.44 ,-9.48 ,0.01 ,1.31 ,9.69 
2004.9.30,1147.90 ,1033.45 ,1416.34 ,111.08 ,1.23 ,1.80 ,0.72 ,1.27 ,1.26 ,7.80 ,41.49 ,9182.00 ,86.32 ,114.71 ,144.38 ,91.75 ,99.72 ,119.54 ,-0.20 ,0.44 ,6.39 ,-0.64 ,6.61 ,8.28 ,6.04 ,-6.15 ,-5.22 ,0.62 ,3.70 ,9.15 
2004.10.29,1126.00 ,1059.22 ,1434.81 ,106.31 ,1.27 ,1.83 ,0.75 ,1.22 ,1.20 ,7.78 ,41.07 ,9090.00 ,84.37 ,113.10 ,143.77 ,89.82 ,98.53 ,119.35 ,-4.36 ,-2.24 ,4.81 ,-2.16 ,9.58 ,7.88 ,5.76 ,-6.92 ,-9.92 ,0.25 ,2.98 ,7.26 
2004.11.30,1047.90 ,1018.32 ,1390.77 ,102.91 ,1.33 ,1.89 ,0.78 ,1.19 ,1.14 ,7.78 ,39.45 ,9000.00 ,81.13 ,110.23 ,142.22 ,86.55 ,96.34 ,118.61 ,-12.86 ,-7.49 ,-2.94 ,-5.81 ,11.39 ,10.48 ,8.35 ,-9.22 ,-12.10 ,0.15 ,-1.19 ,5.70 
2004.12.31,1043.80 ,1012.07 ,1422.96 ,103.13 ,1.36 ,1.92 ,0.78 ,1.20 ,1.13 ,7.78 ,38.96 ,9320.00 ,80.24 ,109.01 ,140.63 ,85.58 ,95.19 ,117.10 ,-12.86 ,-9.60 ,-5.30 ,-3.60 ,8.66 ,8.27 ,3.99 ,-6.90 ,-8.85 ,0.16 ,-1.67 ,10.00 
2005.1.31,1026.40 ,990.06 ,1336.17 ,103.67 ,1.30 ,1.89 ,0.77 ,1.24 ,1.19 ,7.80 ,38.47 ,9146.00 ,81.19 ,109.58 ,140.39 ,86.55 ,95.56 ,116.63 ,-12.54 ,-10.63 ,-8.27 ,-2.14 ,4.88 ,3.79 ,1.71 ,-6.77 ,-5.47 ,0.33 ,-1.94 ,8.52 
2005.2.28,1008.10 ,957.59 ,1334.42 ,105.27 ,1.32 ,1.92 ,0.79 ,1.24 ,1.16 ,7.80 ,38.35 ,9264.00 ,81.95 ,109.79 ,139.54 ,87.58 ,95.82 ,115.82 ,-14.17 ,-10.71 ,-8.67 ,-3.88 ,6.41 ,2.92 ,1.93 ,-7.73 ,-8.27 ,0.19 ,-2.42 ,9.44 
2005.3.31,1024.30 ,952.53 ,1323.50 ,107.53 ,1.29 ,1.88 ,0.77 ,1.22 ,1.20 ,7.80 ,39.24 ,9505.00 ,81.00 ,109.19 ,139.71 ,86.70 ,95.43 ,116.08 ,-11.21 ,-12.61 ,-5.79 ,1.60 ,6.10 ,2.90 ,2.16 ,-6.93 ,-6.41 ,0.04 ,-0.78 ,10.52 
2005.4.29,1002.50 ,944.73 ,1293.73 ,106.11 ,1.29 ,1.91 ,0.78 ,1.25 ,1.19 ,7.80 ,39.63 ,9575.00 ,82.35 ,110.11 ,139.68 ,88.35 ,96.36 ,116.08 ,-14.15 ,-11.05 ,-7.34 ,-3.49 ,7.93 ,7.64 ,8.05 ,-8.66 ,-7.72 ,-0.01 ,-0.90 ,10.11 
2005.5.31,1002.50 ,928.37 ,1251.27 ,107.98 ,1.25 ,1.82 ,0.76 ,1.26 ,1.24 ,7.78 ,40.36 ,9480.00 ,83.48 ,110.59 ,138.90 ,89.50 ,96.62 ,115.12 ,-14.00 ,-12.10 ,-12.30 ,-2.17 ,1.98 ,-0.64 ,6.53 ,-7.77 ,-0.90 ,-0.20 ,-0.37 ,2.29 
2005.6.30,1024.40 ,927.27 ,1237.68 ,110.47 ,1.21 ,1.81 ,0.76 ,1.23 ,1.28 ,7.77 ,41.29 ,9710.00 ,85.03 ,111.68 ,138.95 ,91.11 ,97.49 ,115.04 ,-11.11 ,-12.85 ,-11.19 ,1.99 ,-0.09 ,-0.09 ,10.35 ,-8.67 ,1.32 ,-0.38 ,1.00 ,3.19 
2005.7.29,1028.30 ,915.79 ,1247.23 ,112.28 ,1.21 ,1.76 ,0.76 ,1.23 ,1.29 ,7.77 ,41.74 ,9830.00 ,85.80 ,112.12 ,138.76 ,92.31 ,98.14 ,115.04 ,-11.98 ,-12.08 ,-11.28 ,0.10 ,0.80 ,-3.42 ,8.66 ,-7.06 ,0.30 ,-0.38 ,0.92 ,7.14 
2005.8.31,1031.00 ,925.62 ,1259.16 ,111.38 ,1.22 ,1.78 ,0.75 ,1.19 ,1.27 ,7.77 ,41.33 ,10300.00 ,84.27 ,110.68 ,137.72 ,91.05 ,97.32 ,114.72 ,-10.64 ,-11.72 ,-9.40 ,1.21 ,1.39 ,-0.56 ,6.90 ,-9.62 ,-0.81 ,-0.38 ,-0.74 ,10.34 
2005.9.30,1038.00 ,915.87 ,1247.42 ,113.33 ,1.20 ,1.76 ,0.76 ,1.17 ,1.30 ,7.76 ,41.06 ,10315.00 ,83.87 ,110.59 ,138.20 ,91.35 ,98.20 ,116.47 ,-9.57 ,-11.38 ,-11.93 ,2.03 ,-2.61 ,-2.36 ,5.86 ,-7.75 ,2.94 ,-0.51 ,-1.04 ,12.34 
2005.10.31,1042.70 ,900.39 ,1256.71 ,115.80 ,1.21 ,1.77 ,0.75 ,1.18 ,1.28 ,7.75 ,40.72 ,10025.00 ,85.14 ,111.63 ,138.65 ,92.87 ,99.08 ,116.57 ,-7.40 ,-14.99 ,-12.41 ,8.93 ,-5.42 ,-3.06 ,0.39 ,-3.80 ,6.77 ,-0.34 ,-0.86 ,10.29 
2005.11.30,1036.30 ,865.35 ,1219.31 ,119.75 ,1.18 ,1.72 ,0.74 ,1.17 ,1.31 ,7.75 ,41.21 ,10030.00 ,86.58 ,112.41 ,138.15 ,94.00 ,99.22 ,115.40 ,-1.11 ,-15.02 ,-12.33 ,16.37 ,-11.35 ,-9.35 ,-5.76 ,-1.47 ,15.10 ,-0.27 ,4.46 ,11.44 
2005.12.30,1013.00 ,859.90 ,1199.34 ,117.80 ,1.18 ,1.72 ,0.73 ,1.16 ,1.31 ,7.75 ,41.01 ,9825.00 ,85.82 ,111.70 ,137.64 ,93.06 ,98.41 ,114.69 ,-2.95 ,-15.04 ,-15.72 ,14.22 ,-13.15 ,-10.41 ,-5.96 ,-3.32 ,16.12 ,-0.29 ,5.25 ,5.42 
2006.1.31,971.00 ,824.94 ,1173.79 ,117.70 ,1.21 ,1.77 ,0.75 ,1.15 ,1.29 ,7.76 ,39.11 ,9375.00 ,84.43 ,110.16 ,136.07 ,91.76 ,97.27 ,113.62 ,-5.40 ,-16.68 ,-12.15 ,13.53 ,-7.14 ,-6.22 ,-3.26 ,-7.46 ,8.19 ,-0.56 ,1.66 ,2.50 
2006.2.28,969.00 ,833.80 ,1147.88 ,116.21 ,1.18 ,1.74 ,0.74 ,1.14 ,1.32 ,7.76 ,39.20 ,9230.00 ,85.21 ,110.41 ,135.43 ,92.65 ,97.47 ,113.00 ,-3.88 ,-12.93 ,-13.98 ,10.39 ,-10.51 ,-9.24 ,-6.16 ,-7.92 ,13.79 ,-0.53 ,2.22 ,-0.37 
2006.3.31,975.90 ,831.72 ,1187.13 ,117.33 ,1.22 ,1.75 ,0.72 ,1.16 ,1.30 ,7.76 ,38.84 ,9110.00 ,85.17 ,110.58 ,135.91 ,92.70 ,97.66 ,113.37 ,-4.73 ,-12.68 ,-10.30 ,9.11 ,-5.86 ,-7.03 ,-7.25 ,-4.75 ,8.16 ,-0.51 ,-1.03 ,-4.16 
2006.4.28,945.70 ,828.29 ,1184.91 ,114.17 ,1.25 ,1.80 ,0.76 ,1.12 ,1.26 ,7.75 ,37.50 ,8775.00 ,84.04 ,109.80 ,135.82 ,91.66 ,97.16 ,113.50 ,-5.67 ,-12.33 ,-8.41 ,7.60 ,-2.91 ,-5.61 ,-2.87 ,-10.28 ,5.70 ,-0.57 ,-5.37 ,-8.36 
2006.5.31,947.40 ,842.21 ,1208.03 ,112.49 ,1.28 ,1.86 ,0.76 ,1.11 ,1.22 ,7.76 ,38.24 ,9215.00 ,80.77 ,107.56 ,135.60 ,88.21 ,95.24 ,113.33 ,-5.50 ,-9.28 ,-3.46 ,4.18 ,2.16 ,1.95 ,-0.20 ,-11.99 ,-1.11 ,-0.29 ,-5.27 ,-2.80 
2006.6.30,960.30 ,834.03 ,1215.93 ,115.14 ,1.27 ,1.83 ,0.74 ,1.11 ,1.24 ,7.77 ,38.44 ,9362.00 ,81.66 ,108.83 ,137.32 ,89.34 ,96.49 ,114.85 ,-6.26 ,-10.06 ,-1.76 ,4.23 ,4.80 ,1.20 ,-3.12 ,-9.57 ,-3.45 ,-0.04 ,-6.91 ,-3.58 
2006.7.31,953.10 ,830.23 ,1216.39 ,114.80 ,1.28 ,1.86 ,0.77 ,1.13 ,1.23 ,7.77 ,37.92 ,9085.00 ,82.08 ,108.56 ,135.93 ,90.16 ,96.65 ,114.19 ,-7.31 ,-9.34 ,-2.47 ,2.24 ,5.22 ,6.10 ,0.90 ,-8.08 ,-4.14 ,-0.01 ,-9.15 ,-7.58 
2006.8.31,959.60 ,820.28 ,1232.27 ,116.98 ,1.28 ,1.90 ,0.76 ,1.11 ,1.23 ,7.78 ,37.59 ,9101.00 ,81.31 ,107.84 ,135.41 ,89.56 ,96.22 ,113.93 ,-6.93 ,-11.38 ,-2.14 ,5.03 ,5.14 ,6.73 ,2.25 ,-6.91 ,-3.38 ,0.09 ,-9.06 ,-11.64 
2006.9.29,945.20 ,802.21 ,1200.64 ,117.82 ,1.27 ,1.88 ,0.75 ,1.11 ,1.25 ,7.79 ,37.53 ,9207.00 ,81.74 ,108.11 ,135.38 ,89.69 ,95.90 ,113.00 ,-8.94 ,-12.41 ,-3.75 ,3.96 ,5.70 ,6.73 ,-1.37 ,-5.11 ,-3.73 ,0.39 ,-8.60 ,-10.74 
2006.10.31,944.20 ,803.47 ,1200.79 ,117.51 ,1.27 ,1.90 ,0.77 ,1.13 ,1.25 ,7.78 ,36.70 ,9090.00 ,82.50 ,108.38 ,134.80 ,90.13 ,95.62 ,111.81 ,-9.45 ,-10.76 ,-4.45 ,1.48 ,5.52 ,7.12 ,2.79 ,-4.32 ,-2.54 ,0.30 ,-9.86 ,-9.33 
2006.11.30,929.90 ,798.99 ,1222.96 ,116.38 ,1.32 ,1.95 ,0.78 ,1.14 ,1.21 ,7.78 ,36.03 ,9160.00 ,81.61 ,107.50 ,134.05 ,89.00 ,94.64 ,110.91 ,-10.27 ,-7.67 ,0.30 ,-2.81 ,11.77 ,13.35 ,6.05 ,-2.67 ,-7.99 ,0.28 ,-12.57 ,-8.67 
2006.12.29,929.60 ,781.83 ,1222.24 ,118.90 ,1.31 ,1.96 ,0.79 ,1.16 ,1.22 ,7.77 ,35.35 ,9035.00 ,80.99 ,106.68 ,133.02 ,88.59 ,94.03 ,109.97 ,-8.23 ,-9.08 ,1.91 ,0.93 ,11.06 ,13.80 ,7.88 ,-0.33 ,-7.10 ,0.25 ,-13.79 ,-8.04 
2007.1.31,940.90 ,773.10 ,1220.07 ,121.70 ,1.30 ,1.96 ,0.77 ,1.18 ,1.25 ,7.81 ,34.25 ,9100.00 ,82.47 ,107.70 ,133.16 ,90.21 ,94.95 ,110.16 ,-3.10 ,-6.28 ,3.94 ,3.40 ,7.27 ,10.96 ,3.11 ,2.82 ,-2.78 ,0.69 ,-12.43 ,-2.93 
2007.2.28,938.30 ,793.89 ,1241.89 ,118.19 ,1.32 ,1.96 ,0.79 ,1.17 ,1.22 ,7.81 ,34.05 ,9090.00 ,82.16 ,107.33 ,132.74 ,90.07 ,94.80 ,109.96 ,-3.17 ,-4.79 ,8.19 ,1.70 ,11.73 ,12.82 ,6.55 ,2.34 ,-7.95 ,0.73 ,-13.14 ,-1.52 
2007.3.30,940.30 ,797.00 ,1253.94 ,117.98 ,1.33 ,1.96 ,0.81 ,1.16 ,1.22 ,7.81 ,32.35 ,9126.00 ,81.31 ,106.79 ,132.75 ,89.39 ,94.54 ,110.19 ,-3.65 ,-4.17 ,5.63 ,0.55 ,9.63 ,12.35 ,12.84 ,0.04 ,-6.13 ,0.69 ,-16.70 ,0.18 
2007.4.30,929.40 ,778.33 ,1266.91 ,119.41 ,1.36 ,2.00 ,0.83 ,1.12 ,1.21 ,7.82 ,32.82 ,9077.50 ,79.95 ,105.44 ,131.62 ,87.97 ,93.41 ,109.31 ,-1.72 ,-6.03 ,6.92 ,4.59 ,8.80 ,10.76 ,9.49 ,-0.61 ,-4.34 ,0.86 ,-12.48 ,3.45 
2007.5.31,929.90 ,764.75 ,1249.00 ,121.59 ,1.34 ,1.98 ,0.82 ,1.07 ,1.23 ,7.81 ,32.88 ,8840.00 ,79.31 ,104.55 ,130.45 ,87.52 ,92.75 ,108.32 ,-1.85 ,-9.20 ,3.39 ,8.09 ,5.33 ,6.28 ,8.38 ,-2.86 ,0.09 ,0.63 ,-14.02 ,-4.07 
2007.6.29,926.80 ,752.43 ,1245.99 ,123.17 ,1.34 ,2.00 ,0.85 ,1.06 ,1.23 ,7.82 ,31.85 ,9077.00 ,79.06 ,104.28 ,130.20 ,87.47 ,92.48 ,107.77 ,-3.49 ,-9.78 ,2.47 ,6.97 ,6.18 ,9.50 ,14.59 ,-4.62 ,-0.47 ,0.63 ,-17.13 ,-3.04 
2007.7.31,923.20 ,774.56 ,1266.91 ,119.19 ,1.37 ,2.03 ,0.86 ,1.07 ,1.20 ,7.82 ,29.85 ,9195.00 ,77.62 ,102.95 ,129.22 ,85.93 ,91.12 ,106.47 ,-3.14 ,-6.71 ,4.15 ,3.82 ,7.53 ,9.06 ,12.25 ,-5.88 ,-2.44 ,0.71 ,-21.28 ,1.21 
2007.8.31,939.90 ,809.91 ,1282.26 ,116.05 ,1.36 ,2.01 ,0.82 ,1.06 ,1.20 ,7.80 ,32.50 ,9420.00 ,77.65 ,103.52 ,130.61 ,85.97 ,91.33 ,106.91 ,-2.05 ,-1.26 ,4.06 ,-0.80 ,6.24 ,5.74 ,6.89 ,-4.71 ,-1.88 ,0.28 ,-13.53 ,3.51 
2007.9.28,920.70 ,796.73 ,1302.88 ,115.56 ,1.42 ,2.03 ,0.88 ,1.00 ,1.17 ,7.76 ,31.80 ,9140.00 ,75.98 ,102.08 ,129.78 ,84.34 ,90.25 ,106.40 ,-2.59 ,-0.68 ,8.52 ,-1.92 ,11.41 ,8.00 ,17.59 ,-9.87 ,-5.95 ,-0.39 ,-15.27 ,-0.73 
2007.10.31,907.40 ,791.11 ,1309.92 ,114.70 ,1.44 ,2.07 ,0.92 ,0.95 ,1.16 ,7.75 ,31.73 ,9105.00 ,74.06 ,100.07 ,127.92 ,82.13 ,88.30 ,104.58 ,-3.90 ,-1.54 ,9.09 ,-2.39 ,13.52 ,8.85 ,19.53 ,-15.30 ,-7.22 ,-0.34 ,-13.56 ,0.17 
2007.11.30,929.60 ,846.51 ,1371.76 ,109.81 ,1.48 ,2.06 ,0.88 ,1.00 ,1.12 ,7.79 ,30.95 ,9380.00 ,72.33 ,98.65 ,127.28 ,80.47 ,87.26 ,104.22 ,-0.03 ,5.95 ,12.17 ,-5.65 ,12.20 ,6.04 ,12.74 ,-12.37 ,-7.64 ,0.16 ,-14.10 ,2.40 
2007.12.31,938.20 ,833.33 ,1381.26 ,112.58 ,1.47 ,2.00 ,0.88 ,0.98 ,1.13 ,7.80 ,29.95 ,9395.00 ,73.79 ,99.48 ,126.88 ,82.10 ,87.89 ,103.67 ,0.93 ,6.59 ,13.01 ,-5.32 ,11.97 ,1.80 ,11.00 ,-15.50 ,-7.69 ,0.37 ,-15.27 ,3.98 
2008.1.31,943.90 ,889.09 ,1402.31 ,106.16 ,1.49 ,1.99 ,0.89 ,1.00 ,1.08 ,7.80 ,31.50 ,9287.50 ,73.14 ,98.65 ,125.88 ,81.55 ,87.21 ,102.78 ,0.32 ,15.00 ,14.94 ,-12.77 ,14.57 ,1.29 ,15.31 ,-15.58 ,-13.54 ,-0.10 ,-8.03 ,2.06 
2008.2.29,937.30 ,889.70 ,1423.52 ,105.35 ,1.52 ,1.99 ,0.95 ,0.98 ,1.05 ,7.78 ,29.55 ,9075.00 ,72.67 ,97.83 ,124.62 ,81.05 ,86.15 ,100.95 ,-0.11 ,12.07 ,14.63 ,-10.86 ,14.75 ,1.29 ,20.50 ,-16.36 ,-13.59 ,-0.40 ,-13.22 ,-0.17 
2008.3.31,991.70 ,1000.20 ,1565.00 ,99.15 ,1.58 ,1.99 ,0.92 ,1.02 ,1.00 ,7.78 ,31.45 ,9205.00 ,70.34 ,95.91 ,123.66 ,78.55 ,84.47 ,100.06 ,5.47 ,25.50 ,24.81 ,-15.96 ,18.34 ,1.58 ,13.45 ,-11.78 ,-18.21 ,-0.40 ,-2.80 ,0.87 
2008.4.30,999.70 ,961.76 ,1556.23 ,103.94 ,1.56 ,1.97 ,0.93 ,1.01 ,1.04 ,7.79 ,31.70 ,9220.00 ,70.43 ,95.54 ,122.58 ,78.72 ,84.02 ,98.83 ,7.56 ,23.57 ,22.84 ,-12.96 ,14.20 ,-1.40 ,12.68 ,-9.32 ,-13.94 ,-0.37 ,-3.41 ,1.57 
2008.5.30,1031.40 ,977.03 ,1599.60 ,105.56 ,1.55 ,1.97 ,0.96 ,0.99 ,1.05 ,7.80 ,32.48 ,9310.00 ,70.74 ,95.90 ,122.97 ,79.05 ,84.38 ,99.26 ,10.92 ,27.76 ,28.07 ,-13.18 ,15.47 ,-0.10 ,16.18 ,-7.88 ,-14.35 ,-0.02 ,-1.22 ,5.32 
2008.6.30,1043.40 ,981.79 ,1647.06 ,106.27 ,1.58 ,1.99 ,0.96 ,1.01 ,1.02 ,7.80 ,33.52 ,9215.00 ,71.37 ,96.08 ,122.38 ,80.17 ,84.87 ,99.04 ,12.58 ,30.48 ,32.19 ,-13.72 ,17.41 ,-0.44 ,13.60 ,-4.73 ,-17.25 ,-0.17 ,5.24 ,1.52 
2008.7.31,1008.50 ,932.85 ,1571.04 ,108.11 ,1.56 ,1.98 ,0.94 ,1.02 ,1.05 ,7.80 ,33.49 ,9123.00 ,70.85 ,95.37 ,121.48 ,79.83 ,84.48 ,98.56 ,9.24 ,20.44 ,24.01 ,-9.30 ,13.52 ,-2.50 ,9.72 ,-3.91 ,-12.79 ,-0.28 ,12.19 ,-0.78 
2008.8.29,1081.80 ,987.90 ,1590.25 ,109.51 ,1.47 ,1.83 ,0.86 ,1.05 ,1.10 ,7.81 ,34.10 ,9145.00 ,74.07 ,97.89 ,122.53 ,83.35 ,86.56 ,99.20 ,15.10 ,21.98 ,24.02 ,-5.64 ,7.76 ,-9.25 ,5.55 ,-0.56 ,-8.71 ,0.10 ,4.92 ,-2.92 
2008.9.30,1187.70 ,1144.22 ,1707.20 ,103.80 ,1.44 ,1.80 ,0.80 ,1.05 ,1.09 ,7.76 ,34.04 ,9430.00 ,75.58 ,100.31 ,126.05 ,85.04 ,88.67 ,102.02 ,29.00 ,43.61 ,31.03 ,-10.18 ,1.58 ,-11.10 ,-9.32 ,4.58 ,-6.80 ,0.06 ,7.04 ,3.17 
2008.10.31,1291.40 ,1306.03 ,1664.36 ,98.88 ,1.29 ,1.64 ,0.67 ,1.20 ,1.14 ,7.75 ,34.85 ,10675.00 ,80.64 ,106.96 ,134.36 ,90.16 ,93.74 ,107.54 ,42.32 ,65.09 ,27.06 ,-13.79 ,-10.72 ,-20.77 ,-26.83 ,25.90 ,-1.57 ,0.01 ,9.85 ,17.24 
2008.11.28,1482.70 ,1553.79 ,1912.61 ,95.43 ,1.29 ,1.54 ,0.66 ,1.23 ,1.20 ,7.75 ,35.43 ,12012.50 ,83.03 ,109.64 ,137.14 ,91.52 ,94.57 ,107.87 ,59.50 ,83.55 ,39.43 ,-13.10 ,-12.58 ,-25.35 ,-25.52 ,23.62 ,7.37 ,-0.46 ,14.47 ,28.07 
2008.12.31,1257.50 ,1393.89 ,1776.22 ,90.22 ,1.41 ,1.45 ,0.69 ,1.21 ,1.06 ,7.75 ,34.83 ,10950.00 ,80.88 ,108.49 ,137.74 ,88.69 ,93.07 ,107.71 ,34.03 ,67.27 ,28.59 ,-19.87 ,-4.06 ,-27.64 ,-21.12 ,23.53 ,-6.37 ,-0.66 ,16.28 ,16.55 
2009.1.30,1368.50 ,1520.98 ,1768.72 ,89.98 ,1.29 ,1.43 ,0.65 ,1.23 ,1.15 ,7.76 ,34.91 ,11315.00 ,81.34 ,109.17 ,138.73 ,89.50 ,93.85 ,108.56 ,44.98 ,71.07 ,26.13 ,-15.25 ,-13.00 ,-28.17 ,-26.93 ,23.14 ,6.73 ,-0.58 ,10.83 ,21.83 
2009.2.27,1516.40 ,1541.14 ,1930.07 ,98.40 ,1.27 ,1.43 ,0.65 ,1.25 ,1.17 ,7.75 ,35.97 ,11975.00 ,83.49 ,111.86 ,141.93 ,92.00 ,96.48 ,111.60 ,61.78 ,73.22 ,35.58 ,-6.60 ,-16.19 ,-28.03 ,-31.63 ,28.45 ,10.73 ,-0.37 ,21.73 ,31.96 
2009.3.31,1377.10 ,1414.80 ,1816.39 ,97.34 ,1.32 ,1.43 ,0.68 ,1.26 ,1.15 ,7.75 ,35.57 ,11555.00 ,84.01 ,112.34 ,142.31 ,92.64 ,96.67 ,111.34 ,38.86 ,41.45 ,16.06 ,-1.83 ,-16.42 ,-28.48 ,-25.65 ,23.42 ,15.58 ,-0.40 ,13.12 ,25.53 
2009.4.30,1348.00 ,1382.92 ,1786.84 ,97.48 ,1.33 ,1.48 ,0.72 ,1.20 ,1.14 ,7.75 ,35.36 ,10825.00 ,82.47 ,109.55 ,137.98 ,91.12 ,94.28 ,107.79 ,34.84 ,43.79 ,14.82 ,-6.22 ,-14.85 ,-25.02 ,-22.37 ,18.92 ,9.57 ,-0.54 ,11.55 ,17.41 
2009.5.29,1272.90 ,1314.10 ,1772.70 ,96.87 ,1.39 ,1.59 ,0.78 ,1.12 ,1.09 ,7.75 ,34.42 ,10325.00 ,79.09 ,106.40 ,135.50 ,87.38 ,91.54 ,105.79 ,23.41 ,34.50 ,10.82 ,-8.24 ,-10.21 ,-19.33 ,-17.99 ,12.71 ,3.46 ,-0.65 ,5.99 ,10.90 
2009.6.30,1284.70 ,1336.28 ,1809.31 ,96.14 ,1.41 ,1.66 ,0.81 ,1.16 ,1.08 ,7.75 ,34.05 ,10235.00 ,77.16 ,105.04 ,135.13 ,85.77 ,90.92 ,106.17 ,23.13 ,36.11 ,9.85 ,-9.53 ,-10.78 ,-16.85 ,-15.84 ,14.58 ,6.29 ,-0.68 ,1.58 ,11.07 
2009.7.31,1240.50 ,1299.16 ,1745.88 ,95.49 ,1.41 ,1.65 ,0.82 ,1.08 ,1.09 ,7.75 ,34.06 ,9955.00 ,76.55 ,104.65 ,135.12 ,85.22 ,90.52 ,105.88 ,23.00 ,39.27 ,11.13 ,-11.68 ,-9.65 ,-16.70 ,-12.60 ,5.93 ,3.79 ,-0.67 ,1.70 ,9.12 
2009.8.31,1244.90 ,1332.80 ,1779.09 ,93.41 ,1.43 ,1.62 ,0.84 ,1.09 ,1.06 ,7.75 ,34.01 ,10050.00 ,75.36 ,103.39 ,133.93 ,83.93 ,89.47 ,104.99 ,15.08 ,34.91 ,11.87 ,-14.70 ,-2.78 ,-11.15 ,-2.48 ,4.10 ,-3.48 ,-0.72 ,-0.26 ,9.90 
2009.9.30,1188.70 ,1318.80 ,1734.25 ,90.14 ,1.46 ,1.60 ,0.87 ,1.08 ,1.04 ,7.75 ,33.62 ,9692.50 ,74.08 ,102.61 ,134.03 ,82.67 ,88.83 ,104.96 ,0.08 ,15.26 ,1.58 ,-13.16 ,1.50 ,-11.38 ,9.41 ,3.51 ,-5.26 ,-0.16 ,-1.25 ,2.78 
2009.10.30,1200.60 ,1312.63 ,1781.33 ,91.47 ,1.48 ,1.66 ,0.92 ,1.07 ,1.02 ,7.75 ,33.46 ,9590.00 ,72.85 ,101.15 ,132.39 ,81.49 ,87.67 ,103.68 ,-7.03 ,0.51 ,7.03 ,-7.50 ,15.12 ,1.06 ,36.08 ,-11.13 ,-10.74 ,-0.01 ,-3.99 ,-10.16 
2009.11.30,1167.40 ,1348.27 ,1751.68 ,86.59 ,1.50 ,1.65 ,0.91 ,1.06 ,1.01 ,7.75 ,33.24 ,9415.00 ,72.42 ,100.67 ,131.88 ,81.01 ,87.22 ,103.24 ,-21.27 ,-13.23 ,-8.41 ,-9.26 ,16.33 ,7.19 ,38.88 ,-14.04 ,-16.23 ,-0.02 ,-6.18 ,-21.62 
2009.12.31,1167.60 ,1262.82 ,1674.28 ,92.46 ,1.43 ,1.61 ,0.90 ,1.05 ,1.04 ,7.75 ,33.35 ,9435.00 ,73.30 ,101.12 ,131.60 ,81.97 ,87.44 ,102.66 ,-7.15 ,-9.40 ,-5.74 ,2.49 ,1.52 ,11.26 ,29.37 ,-12.91 ,-1.83 ,0.06 ,-4.25 ,-13.84 
2010.1.29,1156.50 ,1287.00 ,1614.59 ,89.86 ,1.40 ,1.61 ,0.89 ,1.07 ,1.05 ,7.77 ,33.11 ,9325.00 ,73.85 ,101.41 ,131.45 ,82.44 ,87.46 ,102.23 ,-15.49 ,-15.38 ,-8.71 ,-0.13 ,8.02 ,12.94 ,37.22 ,-12.97 ,-8.85 ,0.15 ,-5.16 ,-17.59 
2010.2.26,1158.40 ,1299.31 ,1569.23 ,89.16 ,1.35 ,1.53 ,0.89 ,1.06 ,1.08 ,7.76 ,33.09 ,9335.00 ,75.53 ,102.93 ,132.60 ,84.19 ,88.45 ,102.57 ,-23.61 ,-15.69 ,-18.70 ,-9.39 ,6.43 ,6.68 ,37.10 ,-15.42 ,-7.29 ,0.13 ,-8.01 ,-22.05 
2010.3.31,1130.80 ,1217.68 ,1518.21 ,92.87 ,1.34 ,1.51 ,0.92 ,1.02 ,1.07 ,7.76 ,32.34 ,9090.00 ,75.23 ,102.05 ,130.98 ,83.82 ,87.56 ,101.07 ,-17.89 ,-13.93 ,-16.42 ,-4.59 ,1.79 ,5.74 ,35.06 ,-19.23 ,-7.38 ,0.18 ,-9.08 ,-21.33 
2010.4.30,1115.50 ,1186.77 ,1479.32 ,94.00 ,1.33 ,1.54 ,0.93 ,1.00 ,1.08 ,7.77 ,32.33 ,9019.50 ,75.41 ,101.54 ,129.55 ,83.97 ,86.94 ,99.64 ,-17.25 ,-14.18 ,-17.21 ,-3.57 ,0.05 ,4.07 ,28.53 ,-16.61 ,-4.83 ,0.20 ,-8.58 ,-16.68 
2010.5.28,1200.20 ,1318.54 ,1474.21 ,91.03 ,1.23 ,1.45 ,0.84 ,1.05 ,1.16 ,7.79 ,32.56 ,9260.00 ,78.51 ,104.35 ,131.76 ,87.31 ,89.14 ,101.00 ,-5.71 ,0.34 ,-16.84 ,-6.03 ,-11.80 ,-9.24 ,7.76 ,-5.42 ,6.62 ,0.45 ,-5.40 ,-10.31 
2010.6.30,1210.30 ,1364.56 ,1475.42 ,88.70 ,1.22 ,1.51 ,0.85 ,1.05 ,1.08 ,7.79 ,32.42 ,9055.00 ,79.08 ,104.93 ,132.29 ,87.82 ,89.49 ,101.25 ,-5.79 ,2.12 ,-18.45 ,-7.74 ,-13.44 ,-9.11 ,5.13 ,-8.90 ,-0.15 ,0.46 ,-4.80 ,-11.53 
2010.7.30,1187.20 ,1369.95 ,1552.38 ,86.66 ,1.31 ,1.56 ,0.90 ,1.04 ,1.04 ,7.77 ,32.25 ,8977.50 ,76.78 ,103.29 ,131.69 ,85.25 ,88.04 ,100.68 ,-4.30 ,5.45 ,-11.08 ,-9.24 ,-7.09 ,-5.39 ,9.28 ,-4.52 ,-4.43 ,0.22 ,-5.31 ,-9.82 
2010.8.31,1189.10 ,1405.97 ,1505.94 ,84.58 ,1.27 ,1.55 ,0.89 ,1.06 ,1.03 ,7.78 ,31.31 ,9014.50 ,75.96 ,102.49 ,130.98 ,84.44 ,87.29 ,99.91 ,-4.48 ,5.49 ,-15.35 ,-9.45 ,-11.38 ,-4.74 ,6.18 ,-3.13 ,-3.29 ,0.36 ,-7.95 ,-10.30 
2010.9.30,1142.00 ,1363.34 ,1555.98 ,83.77 ,1.36 ,1.58 ,0.97 ,1.03 ,0.98 ,7.76 ,30.44 ,8934.50 ,75.00 ,101.49 ,130.00 ,83.40 ,86.34 ,98.95 ,-3.93 ,3.38 ,-10.28 ,-7.07 ,-6.61 ,-1.04 ,10.95 ,-4.80 ,-5.65 ,0.11 ,-9.46 ,-7.82 
2010.10.29,1126.60 ,1390.69 ,1569.30 ,81.01 ,1.39 ,1.60 ,0.98 ,1.02 ,0.98 ,7.76 ,29.96 ,8934.00 ,72.31 ,98.85 ,127.67 ,80.42 ,83.96 ,96.86 ,-6.16 ,5.95 ,-11.90 ,-11.43 ,-6.12 ,-3.67 ,6.90 ,-4.47 ,-3.43 ,0.07 ,-10.48 ,-6.84 
2010.11.30,1157.30 ,1373.41 ,1518.26 ,84.27 ,1.31 ,1.56 ,0.96 ,1.02 ,1.00 ,7.77 ,30.23 ,9015.50 ,72.83 ,99.13 ,127.58 ,81.02 ,84.00 ,96.38 ,-0.87 ,1.86 ,-13.33 ,-2.68 ,-12.57 ,-5.75 ,5.49 ,-3.84 ,-0.72 ,0.19 ,-9.06 ,-4.24 
2010.12.31,1138.90 ,1397.08 ,1513.60 ,81.52 ,1.33 ,1.54 ,1.02 ,1.00 ,0.94 ,7.78 ,30.15 ,8995.00 ,73.80 ,99.79 ,127.75 ,82.15 ,84.62 ,96.58 ,-2.46 ,10.63 ,-9.60 ,-11.83 ,-7.32 ,-4.04 ,13.60 ,-5.17 ,-9.79 ,0.35 ,-9.60 ,-4.66 
2011.1.31,1114.30 ,1356.59 ,1514.00 ,82.14 ,1.36 ,1.58 ,0.99 ,1.00 ,0.94 ,7.79 ,31.05 ,9028.00 ,72.93 ,98.64 ,126.29 ,81.28 ,83.60 ,95.30 ,-3.65 ,5.41 ,-6.23 ,-8.59 ,-2.68 ,-1.77 ,10.83 ,-6.12 ,-10.50 ,0.26 ,-6.22 ,-3.18 
2011.2.28,1127.90 ,1380.96 ,1549.45 ,81.68 ,1.37 ,1.61 ,1.01 ,0.98 ,0.93 ,7.79 ,30.64 ,8841.50 ,71.98 ,97.88 ,125.88 ,80.41 ,83.01 ,94.90 ,-2.63 ,6.28 ,-1.26 ,-8.39 ,1.41 ,5.37 ,14.18 ,-7.83 ,-14.05 ,0.38 ,-7.42 ,-5.29 
2011.3.31,1107.20 ,1331.89 ,1563.48 ,83.13 ,1.41 ,1.61 ,1.03 ,0.97 ,0.92 ,7.78 ,30.32 ,8719.00 ,70.79 ,96.95 ,125.38 ,79.15 ,82.31 ,94.64 ,-2.09 ,9.38 ,2.98 ,-10.48 ,5.18 ,6.58 ,12.23 ,-4.67 ,-13.83 ,0.26 ,-6.25 ,-4.08 
2011.4.29,1072.30 ,1313.77 ,1591.24 ,81.62 ,1.48 ,1.66 ,1.09 ,0.95 ,0.87 ,7.77 ,29.91 ,8582.50 ,69.52 ,95.34 ,123.44 ,77.84 ,81.02 ,93.23 ,-3.87 ,10.70 ,7.57 ,-13.17 ,11.90 ,8.42 ,17.55 ,-5.33 ,-19.27 ,0.05 ,-7.49 ,-4.85 
2011.5.31,1080.60 ,1335.56 ,1549.69 ,80.91 ,1.43 ,1.65 ,1.07 ,0.98 ,0.85 ,7.78 ,30.34 ,8544.50 ,69.62 ,95.30 ,123.21 ,78.11 ,81.04 ,93.02 ,-9.97 ,1.29 ,5.12 ,-11.11 ,16.75 ,14.11 ,26.82 ,-7.41 ,-26.61 ,-0.11 ,-6.82 ,-7.73 
2011.6.30,1078.10 ,1335.69 ,1560.50 ,80.72 ,1.45 ,1.61 ,1.07 ,0.97 ,0.83 ,7.78 ,30.80 ,8617.00 ,69.53 ,95.28 ,123.27 ,78.06 ,80.83 ,92.64 ,-10.92 ,-2.12 ,5.77 ,-9.00 ,18.74 ,6.71 ,25.64 ,-8.16 ,-22.91 ,-0.05 ,-5.00 ,-4.84 
2011.7.29,1052.60 ,1353.22 ,1507.85 ,77.79 ,1.43 ,1.64 ,1.10 ,0.95 ,0.80 ,7.79 ,29.72 ,8499.00 ,69.10 ,94.62 ,122.37 ,77.68 ,80.26 ,91.83 ,-11.34 ,-1.22 ,-2.87 ,-10.24 ,9.55 ,4.84 ,22.09 ,-8.27 ,-22.88 ,0.33 ,-7.86 ,-5.33 
2011.8.31,1071.70 ,1396.81 ,1547.27 ,76.73 ,1.44 ,1.63 ,1.07 ,0.98 ,0.82 ,7.79 ,30.01 ,8533.00 ,69.06 ,95.16 ,123.68 ,77.78 ,80.82 ,92.88 ,-9.87 ,-0.65 ,2.74 ,-9.28 ,14.00 ,5.40 ,19.66 ,-7.67 ,-20.12 ,0.20 ,-4.14 ,-5.34 
2011.9.30,1179.50 ,1536.61 ,1601.35 ,76.76 ,1.36 ,1.56 ,0.98 ,1.04 ,0.90 ,7.79 ,31.16 ,8855.00 ,71.20 ,98.01 ,127.28 ,80.11 ,83.21 ,95.60 ,3.28 ,12.71 ,2.92 ,-8.36 ,-0.36 ,-1.27 ,0.70 ,0.55 ,-8.10 ,0.43 ,2.37 ,-0.89 
2011.10.31,1104.50 ,1457.99 ,1562.65 ,75.76 ,1.41 ,1.61 ,1.07 ,0.99 ,0.86 ,7.76 ,30.49 ,8790.00 ,71.64 ,98.92 ,128.77 ,80.47 ,83.76 ,96.38 ,-1.96 ,4.84 ,-0.42 ,-6.49 ,1.57 ,1.11 ,9.05 ,-2.60 ,-12.30 ,0.11 ,1.77 ,-1.61 
2011.11.30,1150.30 ,1475.69 ,1532.89 ,77.95 ,1.33 ,1.56 ,1.00 ,1.03 ,0.92 ,7.79 ,31.26 ,9155.00 ,72.27 ,99.55 ,129.35 ,81.27 ,84.27 ,96.69 ,-0.60 ,7.45 ,0.96 ,-7.49 ,1.58 ,0.26 ,4.24 ,1.22 ,-7.76 ,0.31 ,3.41 ,1.55 
2011.12.30,1153.30 ,1485.16 ,1494.10 ,77.66 ,1.30 ,1.54 ,1.01 ,1.02 ,0.94 ,7.77 ,31.75 ,9072.50 ,73.29 ,100.49 ,130.09 ,82.41 ,84.95 ,97.01 ,1.26 ,6.30 ,-1.29 ,-4.74 ,-2.52 ,-0.15 ,-0.29 ,2.06 ,0.62 ,-0.12 ,5.32 ,0.86 
2012.1.31,1125.00 ,1473.09 ,1478.19 ,76.37 ,1.31 ,1.57 ,1.06 ,1.00 ,0.92 ,7.76 ,31.15 ,8990.00 ,73.43 ,99.87 ,128.47 ,82.52 ,84.29 ,95.58 ,0.96 ,8.59 ,-2.37 ,-7.02 ,-3.30 ,-0.85 ,7.06 ,0.04 ,-2.63 ,-0.42 ,0.31 ,-0.42 
2012.2.29,1126.50 ,1399.21 ,1516.33 ,80.51 ,1.35 ,1.59 ,1.08 ,1.00 ,0.90 ,7.76 ,30.35 ,9030.00 ,72.35 ,98.14 ,125.96 ,81.38 ,83.03 ,94.05 ,-0.12 ,1.32 ,-2.14 ,-1.43 ,-2.02 ,-1.14 ,6.25 ,1.80 ,-3.54 ,-0.49 ,-0.93 ,2.13 
2012.3.30,1137.80 ,1380.74 ,1513.44 ,82.41 ,1.33 ,1.60 ,1.04 ,1.00 ,0.91 ,7.76 ,30.88 ,9165.00 ,73.03 ,98.73 ,126.41 ,82.12 ,83.38 ,94.09 ,2.76 ,3.67 ,-3.20 ,-0.87 ,-5.81 ,-0.72 ,0.58 ,2.60 ,-1.33 ,-0.26 ,1.83 ,5.12 
2012.4.30,1134.20 ,1412.01 ,1501.68 ,80.33 ,1.32 ,1.63 ,1.05 ,0.98 ,0.91 ,7.76 ,30.76 ,9189.00 ,72.90 ,99.05 ,127.32 ,81.93 ,83.58 ,94.67 ,5.77 ,7.48 ,-5.63 ,-1.59 ,-10.78 ,-2.22 ,-4.40 ,3.22 ,3.88 ,-0.13 ,2.84 ,7.07 
2012.5.31,1177.80 ,1489.10 ,1456.64 ,79.10 ,1.24 ,1.55 ,0.97 ,1.03 ,0.97 ,7.77 ,31.89 ,9435.00 ,74.01 ,100.78 ,129.75 ,83.17 ,84.80 ,96.01 ,9.00 ,11.50 ,-6.00 ,-2.24 ,-13.76 ,-6.20 ,-9.39 ,5.48 ,14.32 ,-0.17 ,5.09 ,10.42 
2012.6.29,1153.80 ,1453.79 ,1435.04 ,79.37 ,1.24 ,1.55 ,1.00 ,1.03 ,0.97 ,7.76 ,31.90 ,9445.00 ,75.12 ,102.22 ,131.54 ,84.47 ,85.90 ,97.06 ,7.02 ,8.84 ,-8.04 ,-1.67 ,-14.07 ,-3.50 ,-6.20 ,6.82 ,15.85 ,-0.29 ,3.57 ,9.61 
2012.7.31,1136.20 ,1453.59 ,1393.09 ,78.17 ,1.23 ,1.57 ,1.05 ,1.00 ,0.98 ,7.76 ,31.59 ,9455.00 ,75.32 ,101.74 ,130.16 ,84.66 ,85.39 ,95.86 ,7.94 ,7.42 ,-7.61 ,0.49 ,-14.41 ,-3.98 ,-4.53 ,5.48 ,22.17 ,-0.48 ,6.29 ,11.25 
2012.8.31,1134.60 ,1443.97 ,1419.55 ,78.58 ,1.25 ,1.58 ,1.03 ,0.99 ,0.96 ,7.76 ,31.40 ,9545.00 ,74.35 ,100.86 ,129.46 ,83.85 ,84.85 ,95.50 ,5.87 ,3.38 ,-8.25 ,2.41 ,-13.34 ,-3.17 ,-3.59 ,1.37 ,17.15 ,-0.49 ,4.62 ,11.86 
2012.9.28,1118.60 ,1441.12 ,1444.28 ,77.62 ,1.29 ,1.62 ,1.04 ,0.98 ,0.94 ,7.75 ,30.88 ,9575.00 ,72.68 ,99.28 ,128.13 ,82.17 ,83.71 ,94.70 ,-5.16 ,-6.21 ,-9.81 ,1.12 ,-4.90 ,4.08 ,7.06 ,-5.54 ,4.41 ,-0.49 ,-0.90 ,8.13 
2012.10.31,1094.10 ,1374.50 ,1418.34 ,79.60 ,1.30 ,1.61 ,1.04 ,1.00 ,0.93 ,7.75 ,30.72 ,9615.00 ,72.85 ,99.00 ,127.26 ,82.43 ,83.49 ,94.05 ,-0.94 ,-5.73 ,-9.23 ,5.08 ,-8.38 ,-0.26 ,-2.78 ,0.61 ,8.05 ,-0.18 ,0.77 ,9.39 
2012.11.30,1084.70 ,1320.55 ,1407.34 ,82.14 ,1.30 ,1.60 ,1.04 ,0.99 ,0.93 ,7.75 ,30.72 ,9600.00 ,73.71 ,99.63 ,127.54 ,83.29 ,83.78 ,93.85 ,-5.70 ,-10.51 ,-8.19 ,5.38 ,-2.64 ,2.79 ,3.93 ,-3.72 ,0.79 ,-0.51 ,-1.74 ,4.86 
2012.12.31,1071.10 ,1247.50 ,1416.26 ,85.86 ,1.32 ,1.62 ,1.04 ,1.00 ,0.91 ,7.75 ,30.63 ,9637.50 ,73.22 ,99.05 ,126.88 ,82.66 ,83.07 ,92.99 ,-7.13 ,-16.00 ,-5.21 ,10.57 ,2.06 ,4.87 ,2.35 ,-2.49 ,-2.95 ,-0.27 ,-3.54 ,6.23 
2013.1.31,1082.70 ,1188.47 ,1469.28 ,91.10 ,1.36 ,1.58 ,1.04 ,1.00 ,0.91 ,7.76 ,29.78 ,9687.50 ,73.66 ,98.97 ,126.10 ,83.18 ,82.93 ,92.28 ,-3.76 ,-19.32 ,-0.60 ,19.29 ,3.28 ,0.60 ,-1.62 ,-0.01 ,-0.71 ,0.03 ,-4.38 ,7.76 
2013.2.28,1085.40 ,1176.20 ,1425.78 ,92.28 ,1.31 ,1.52 ,1.02 ,1.02 ,0.93 ,7.76 ,29.88 ,9685.50 ,74.66 ,99.78 ,126.62 ,84.58 ,83.82 ,92.83 ,-3.65 ,-15.94 ,-5.97 ,14.62 ,-2.41 ,-4.65 ,-5.08 ,2.86 ,3.82 ,0.02 ,-1.57 ,7.26 
2013.3.28,1112.10 ,1180.13 ,1425.21 ,94.24 ,1.28 ,1.52 ,1.04 ,1.02 ,0.95 ,7.76 ,29.33 ,9717.50 ,76.31 ,100.66 ,126.45 ,86.16 ,84.22 ,92.29 ,-2.26 ,-14.53 ,-5.83 ,14.36 ,-3.65 ,-4.75 ,0.37 ,1.94 ,4.78 ,-0.02 ,-5.02 ,6.03 
2013.4.30,1108.10 ,1132.04 ,1451.28 ,97.89 ,1.31 ,1.55 ,1.04 ,1.01 ,0.94 ,7.76 ,29.27 ,9720.50 ,76.27 ,100.30 ,125.70 ,86.08 ,83.61 ,91.18 ,-2.30 ,-19.83 ,-3.36 ,21.86 ,-1.08 ,-4.80 ,-1.00 ,3.11 ,3.30 ,0.02 ,-4.84 ,5.78 
2013.5.31,1128.30 ,1116.58 ,1471.42 ,101.05 ,1.30 ,1.52 ,0.97 ,1.03 ,0.95 ,7.76 ,30.13 ,9805.00 ,76.97 ,100.73 ,125.78 ,86.85 ,83.92 ,91.14 ,-4.20 ,-25.02 ,1.01 ,27.76 ,5.45 ,-1.57 ,-0.35 ,0.00 ,-1.81 ,-0.03 ,-5.52 ,3.92 
2013.6.28,1149.70 ,1167.15 ,1498.23 ,98.51 ,1.30 ,1.53 ,0.93 ,1.05 ,0.95 ,7.76 ,31.15 ,9925.00 ,76.24 ,101.54 ,128.51 ,86.06 ,84.53 ,92.98 ,-0.36 ,-19.72 ,4.40 ,24.12 ,4.78 ,-1.65 ,-7.61 ,1.39 ,-2.11 ,-0.02 ,-2.35 ,5.08 
2013.7.31,1113.60 ,1135.40 ,1476.74 ,98.08 ,1.33 ,1.52 ,0.91 ,1.03 ,0.93 ,7.76 ,31.28 ,10272.50 ,77.22 ,102.10 ,128.50 ,87.20 ,84.99 ,92.94 ,-1.99 ,-21.89 ,6.00 ,25.48 ,8.16 ,-3.01 ,-13.61 ,2.93 ,-5.07 ,0.00 ,-0.98 ,8.65 
2013.8.30,1110.90 ,1129.19 ,1470.61 ,98.38 ,1.32 ,1.55 ,0.89 ,1.05 ,0.93 ,7.76 ,32.13 ,10935.00 ,76.31 ,101.98 ,129.40 ,86.25 ,84.89 ,93.51 ,-2.09 ,-21.80 ,3.60 ,25.21 ,5.81 ,-1.82 ,-13.42 ,6.19 ,-2.98 ,-0.02 ,2.33 ,14.56 
2013.9.30,1075.60 ,1098.67 ,1451.31 ,97.90 ,1.35 ,1.62 ,0.93 ,1.03 ,0.91 ,7.75 ,31.37 ,11537.50 ,76.01 ,101.77 ,129.32 ,85.91 ,84.57 ,93.19 ,-3.84 ,-23.76 ,0.49 ,26.13 ,4.51 ,-0.44 ,-10.90 ,5.18 ,-3.41 ,0.00 ,1.59 ,20.50 
2013.10.31,1061.40 ,1077.51 ,1456.61 ,98.51 ,1.37 ,1.60 ,0.95 ,1.05 ,0.90 ,7.75 ,31.07 ,11175.00 ,75.05 ,100.74 ,128.27 ,84.91 ,83.60 ,92.13 ,-2.99 ,-21.61 ,2.70 ,23.75 ,5.86 ,-0.36 ,-8.77 ,4.86 ,-3.39 ,0.04 ,1.14 ,16.22 
2013.11.29,1062.10 ,1038.17 ,1444.83 ,102.31 ,1.36 ,1.63 ,0.91 ,1.06 ,0.91 ,7.75 ,32.09 ,12015.00 ,76.03 ,101.64 ,129.00 ,86.04 ,84.26 ,92.47 ,-2.08 ,-21.38 ,2.66 ,24.55 ,4.85 ,1.89 ,-12.88 ,6.63 ,-2.36 ,0.04 ,4.48 ,25.16 
2013.12.31,1055.30 ,1004.66 ,1456.26 ,105.04 ,1.38 ,1.65 ,0.89 ,1.07 ,0.89 ,7.75 ,32.83 ,12210.00 ,76.18 ,101.80 ,129.17 ,86.23 ,84.43 ,92.64 ,-1.48 ,-19.47 ,2.82 ,22.34 ,4.36 ,2.07 ,-14.16 ,6.99 ,-2.76 ,0.04 ,7.20 ,26.69 
2014.1.31,1079.20 ,1043.71 ,1473.59 ,103.40 ,1.37 ,1.66 ,0.88 ,1.11 ,0.90 ,7.76 ,32.91 ,12190.00 ,77.08 ,102.77 ,130.18 ,87.40 ,85.25 ,93.27 ,-0.32 ,-12.18 ,0.29 ,13.50 ,0.62 ,4.85 ,-15.63 ,11.30 ,-1.19 ,0.09 ,10.51 ,25.83 
2014.2.28,1067.70 ,1044.82 ,1463.60 ,102.19 ,1.37 ,1.67 ,0.90 ,1.11 ,0.89 ,7.76 ,32.58 ,11665.00 ,76.94 ,103.02 ,130.92 ,87.21 ,85.41 ,93.74 ,-1.63 ,-11.17 ,2.65 ,10.74 ,4.35 ,10.09 ,-12.35 ,8.73 ,-4.44 ,0.05 ,9.05 ,20.44 
2014.3.31,1068.80 ,1038.73 ,1469.39 ,102.90 ,1.37 ,1.66 ,0.93 ,1.11 ,0.89 ,7.76 ,32.51 ,11360.00 ,76.59 ,102.93 ,131.17 ,86.89 ,85.28 ,93.74 ,-3.89 ,-11.98 ,3.10 ,9.19 ,7.28 ,9.50 ,-11.16 ,8.78 ,-6.57 ,-0.06 ,10.84 ,16.90 
2014.4.30,1031.70 ,1005.31 ,1425.04 ,102.63 ,1.38 ,1.68 ,0.93 ,1.10 ,0.88 ,7.75 ,32.27 ,11547.50 ,76.35 ,102.54 ,130.62 ,86.42 ,84.86 ,93.33 ,-6.89 ,-11.19 ,-1.81 ,4.84 ,5.46 ,8.58 ,-10.46 ,8.31 ,-5.72 ,-0.10 ,10.25 ,18.80 
2014.5.30,1021.60 ,1004.18 ,1389.63 ,101.74 ,1.36 ,1.67 ,0.93 ,1.08 ,0.90 ,7.75 ,32.80 ,11630.00 ,76.22 ,102.22 ,130.05 ,86.42 ,84.52 ,92.66 ,-9.46 ,-10.07 ,-5.56 ,0.68 ,4.30 ,9.80 ,-3.77 ,5.22 ,-5.85 ,-0.14 ,8.86 ,18.61 
2014.6.30,1014.40 ,1000.00 ,1384.15 ,101.44 ,1.36 ,1.70 ,0.94 ,1.07 ,0.89 ,7.75 ,32.46 ,11995.00 ,76.45 ,102.37 ,130.10 ,86.59 ,84.55 ,92.58 ,-11.77 ,-14.32 ,-7.61 ,2.98 ,4.71 ,11.67 ,1.64 ,1.75 ,-5.74 ,-0.07 ,4.21 ,20.86 
2014.7.31,1024.30 ,995.72 ,1371.84 ,102.87 ,1.34 ,1.69 ,0.93 ,1.09 ,0.91 ,7.75 ,31.95 ,11577.50 ,76.33 ,102.13 ,129.71 ,86.60 ,84.36 ,92.20 ,-8.02 ,-12.30 ,-7.10 ,4.88 ,1.00 ,10.96 ,2.78 ,5.76 ,-2.26 ,-0.07 ,2.14 ,12.70 
2014.8.29,1013.60 ,977.58 ,1336.23 ,103.69 ,1.32 ,1.66 ,0.94 ,1.09 ,0.92 ,7.75 ,31.94 ,11700.50 ,77.55 ,103.05 ,130.19 ,87.86 ,84.94 ,92.30 ,-8.76 ,-13.43 ,-9.14 ,5.39 ,-0.42 ,7.01 ,4.97 ,3.06 ,-1.74 ,-0.06 ,-0.59 ,7.00 
2014.9.30,1050.60 ,960.24 ,1333.32 ,109.41 ,1.27 ,1.62 ,0.87 ,1.12 ,0.95 ,7.77 ,32.39 ,12170.00 ,79.59 ,104.60 ,131.06 ,90.20 ,86.17 ,92.79 ,-2.32 ,-12.60 ,-8.13 ,11.76 ,-5.94 ,0.52 ,-6.29 ,8.15 ,5.01 ,0.19 ,3.25 ,5.48 
2014.10.31,1054.00 ,964.05 ,1328.78 ,109.33 ,1.26 ,1.60 ,0.88 ,1.12 ,0.96 ,7.76 ,32.55 ,12125.00 ,80.83 ,105.95 ,132.48 ,91.63 ,87.14 ,93.52 ,-0.70 ,-10.53 ,-8.78 ,10.99 ,-8.13 ,-0.21 ,-6.71 ,6.83 ,6.24 ,0.03 ,4.76 ,8.50 
2014.11.28,1101.10 ,933.85 ,1372.19 ,117.91 ,1.25 ,1.57 ,0.85 ,1.13 ,0.96 ,7.75 ,32.79 ,12177.00 ,82.72 ,107.75 ,134.09 ,93.68 ,88.40 ,94.32 ,3.67 ,-10.05 ,-5.03 ,15.25 ,-8.39 ,-3.78 ,-6.14 ,7.10 ,6.48 ,0.00 ,2.18 ,1.35 
2014.12.31,1099.20 ,920.14 ,1336.52 ,119.46 ,1.22 ,1.56 ,0.82 ,1.16 ,0.99 ,7.76 ,32.87 ,12446.50 ,84.13 ,110.39 ,138.13 ,95.04 ,90.13 ,96.52 ,4.16 ,-8.41 ,-8.22 ,13.73 ,-11.88 ,-5.66 ,-8.17 ,9.04 ,11.40 ,0.03 ,0.12 ,1.94 
2015.1.30,1090.80 ,921.36 ,1235.66 ,118.39 ,1.13 ,1.51 ,0.78 ,1.26 ,0.92 ,7.75 ,32.77 ,12567.50 ,87.46 ,112.74 ,139.22 ,98.50 ,91.70 ,96.86 ,1.07 ,-11.72 ,-16.15 ,14.50 ,-17.04 ,-8.99 ,-11.56 ,13.19 ,2.50 ,-0.16 ,-0.43 ,3.10 
2015.2.27,1099.20 ,920.72 ,1230.66 ,119.39 ,1.12 ,1.54 ,0.78 ,1.25 ,0.95 ,7.76 ,32.37 ,12837.50 ,89.07 ,114.18 ,140.40 ,100.34 ,92.84 ,97.61 ,2.95 ,-11.88 ,-15.92 ,16.83 ,-18.33 ,-7.66 ,-12.98 ,12.42 ,7.22 ,-0.08 ,-0.64 ,10.05 
2015.3.31,1105.00 ,920.26 ,1196.77 ,120.08 ,1.08 ,1.48 ,0.77 ,1.27 ,0.97 ,7.75 ,32.59 ,13075.00 ,91.67 ,116.25 ,141.80 ,103.29 ,94.45 ,98.43 ,3.39 ,-11.41 ,-18.55 ,16.70 ,-21.22 ,-11.01 ,-17.28 ,14.69 ,8.97 ,-0.04 ,0.26 ,15.10 
2015.4.30,1068.10 ,897.22 ,1187.03 ,119.05 ,1.11 ,1.54 ,0.80 ,1.20 ,0.94 ,7.75 ,32.86 ,12940.00 ,90.90 ,115.11 ,140.27 ,102.46 ,93.49 ,97.27 ,3.53 ,-10.75 ,-16.70 ,16.00 ,-19.54 ,-8.30 ,-13.72 ,9.71 ,6.41 ,-0.04 ,1.84 ,12.06 
2015.5.29,1108.00 ,894.63 ,1215.20 ,123.85 ,1.10 ,1.53 ,0.77 ,1.24 ,0.94 ,7.75 ,33.79 ,13221.50 ,89.11 ,114.22 ,140.45 ,100.56 ,92.81 ,97.39 ,8.46 ,-10.91 ,-12.55 ,21.74 ,-19.37 ,-8.38 ,-17.72 ,14.63 ,4.97 ,0.01 ,3.03 ,13.68 
2015.6.30,1124.10 ,917.15 ,1260.51 ,122.57 ,1.12 ,1.57 ,0.77 ,1.24 ,0.93 ,7.75 ,33.80 ,13345.00 ,89.61 ,115.11 ,141.76 ,101.24 ,93.53 ,98.21 ,10.81 ,-8.29 ,-8.93 ,20.83 ,-17.82 ,-7.66 ,-18.49 ,16.33 ,3.91 ,0.01 ,4.14 ,11.25 
2015.7.31,1166.30 ,939.28 ,1275.41 ,124.17 ,1.09 ,1.56 ,0.73 ,1.30 ,0.97 ,7.75 ,35.12 ,13467.50 ,91.56 ,117.10 ,143.75 ,103.61 ,95.15 ,99.47 ,13.86 ,-5.67 ,-7.03 ,20.71 ,-18.35 ,-7.74 ,-21.79 ,19.28 ,6.62 ,0.04 ,9.94 ,16.32 
2015.8.31,1176.30 ,970.06 ,1317.28 ,121.26 ,1.12 ,1.54 ,0.71 ,1.32 ,0.96 ,7.75 ,35.82 ,13982.50 ,91.72 ,119.28 ,148.28 ,103.77 ,96.71 ,102.23 ,16.05 ,-0.77 ,-1.42 ,16.95 ,-15.06 ,-7.09 ,-23.66 ,21.89 ,5.09 ,0.00 ,12.17 ,19.50 
2015.9.30,1194.50 ,996.79 ,1343.93 ,119.84 ,1.13 ,1.52 ,0.70 ,1.34 ,0.97 ,7.75 ,36.44 ,14682.50 ,91.52 ,120.19 ,150.49 ,103.51 ,97.33 ,103.57 ,13.70 ,3.81 ,0.80 ,9.53 ,-11.35 ,-6.70 ,-19.70 ,20.32 ,2.16 ,-0.24 ,12.52 ,20.65 
2015.10.30,1142.30 ,944.09 ,1254.76 ,121.00 ,1.10 ,1.53 ,0.71 ,1.32 ,0.99 ,7.75 ,35.67 ,13635.00 ,91.07 ,119.14 ,148.76 ,103.03 ,96.41 ,102.22 ,8.38 ,-2.07 ,-5.57 ,10.67 ,-12.87 ,-4.23 ,-19.81 ,17.56 ,3.44 ,-0.07 ,9.59 ,12.45 
2015.11.30,1150.40 ,936.73 ,1218.33 ,122.81 ,1.06 ,1.50 ,0.72 ,1.34 ,1.03 ,7.75 ,35.89 ,13780.00 ,93.78 ,120.96 ,149.42 ,106.19 ,97.87 ,102.59 ,4.48 ,0.31 ,-11.21 ,4.16 ,-15.02 ,-4.35 ,-15.65 ,17.92 ,6.76 ,-0.03 ,9.45 ,13.16 
2015.12.31,1172.00 ,972.01 ,1280.53 ,120.58 ,1.09 ,1.48 ,0.73 ,1.39 ,0.99 ,7.75 ,36.08 ,13782.50 ,93.92 ,122.18 ,151.91 ,106.27 ,98.58 ,103.84 ,6.62 ,5.64 ,-4.19 ,0.93 ,-10.14 ,-4.82 ,-11.00 ,19.50 ,-0.03 ,-0.08 ,9.77 ,10.73 
2016.1.29,1208.40 ,1017.13 ,1322.17 ,118.81 ,1.09 ,1.44 ,0.71 ,1.40 ,1.01 ,7.79 ,35.82 ,13874.50 ,95.06 ,124.93 ,156.51 ,107.77 ,100.90 ,107.02 ,10.78 ,10.39 ,7.00 ,0.35 ,-3.42 ,-4.76 ,-8.93 ,11.22 ,9.94 ,0.51 ,9.31 ,10.40 
2016.2.29,1235.40 ,1085.83 ,1348.32 ,113.78 ,1.09 ,1.39 ,0.71 ,1.35 ,1.00 ,7.77 ,35.73 ,13370.00 ,92.98 ,123.85 ,156.72 ,105.37 ,99.57 ,106.34 ,12.39 ,17.93 ,9.56 ,-4.70 ,-2.52 ,-10.06 ,-8.72 ,8.19 ,4.76 ,0.25 ,10.36 ,4.15 
2016.3.31,1153.50 ,1026.02 ,1307.43 ,112.43 ,1.13 ,1.44 ,0.77 ,1.30 ,0.97 ,7.75 ,35.24 ,13267.50 ,91.39 ,121.36 ,153.22 ,103.46 ,97.49 ,103.91 ,4.39 ,11.49 ,9.25 ,-6.37 ,4.65 ,-2.91 ,0.17 ,2.28 ,-0.18 ,-0.02 ,8.13 ,1.47 
2016.4.29,1143.90 ,1058.19 ,1298.38 ,108.10 ,1.14 ,1.46 ,0.76 ,1.26 ,0.97 ,7.76 ,35.00 ,13186.50 ,89.30 ,119.42 ,151.58 ,101.46 ,96.13 ,102.88 ,7.10 ,17.94 ,9.38 ,-9.19 ,2.13 ,-5.31 ,-4.64 ,4.44 ,2.87 ,0.09 ,6.51 ,1.90 
2016.5.31,1190.60 ,1072.76 ,1326.80 ,110.99 ,1.11 ,1.46 ,0.72 ,1.31 ,0.99 ,7.77 ,35.73 ,13645.00 ,89.66 ,120.68 ,153.92 ,101.88 ,97.13 ,104.44 ,7.45 ,19.91 ,9.18 ,-10.39 ,1.61 ,-4.50 ,-6.13 ,5.04 ,5.25 ,0.21 ,5.74 ,3.20 
2016.6.30,1164.70 ,1132.15 ,1295.50 ,102.88 ,1.11 ,1.35 ,0.75 ,1.29 ,0.98 ,7.76 ,35.13 ,13161.50 ,89.51 ,121.13 ,155.11 ,101.73 ,97.47 ,105.19 ,3.61 ,23.44 ,2.78 ,-16.06 ,-0.80 ,-14.47 ,-2.94 ,4.35 ,5.79 ,0.09 ,3.93 ,-1.38 
2016.7.29,1125.70 ,1073.68 ,1246.71 ,104.85 ,1.11 ,1.32 ,0.75 ,1.32 ,0.98 ,7.76 ,34.85 ,13101.00 ,90.90 ,121.97 ,155.19 ,103.31 ,98.03 ,105.03 ,-3.48 ,14.31 ,-2.25 ,-15.56 ,1.28 ,-15.62 ,2.95 ,1.16 ,1.18 ,0.04 ,-0.77 ,-2.72 
2016.8.31,1118.50 ,1086.29 ,1246.85 ,102.97 ,1.11 ,1.31 ,0.75 ,1.31 ,0.98 ,7.76 ,34.62 ,13277.50 ,89.84 ,120.85 ,154.05 ,102.32 ,97.23 ,104.29 ,-4.91 ,11.98 ,-5.35 ,-15.09 ,-0.45 ,-15.11 ,5.21 ,-1.09 ,2.28 ,0.10 ,-3.35 ,-5.04 
2016.9.30,1096.30 ,1083.68 ,1230.32 ,101.17 ,1.12 ,1.30 ,0.76 ,1.31 ,0.97 ,7.76 ,34.66 ,12975.00 ,90.10 ,121.78 ,155.79 ,102.80 ,98.05 ,105.46 ,-8.22 ,8.72 ,-8.45 ,-15.58 ,-0.25 ,-14.40 ,9.07 ,-2.06 ,-0.58 ,0.07 ,-4.88 ,-11.63 
2016.10.31,1145.20 ,1094.42 ,1257.14 ,104.64 ,1.10 ,1.22 ,0.76 ,1.34 ,0.99 ,7.75 ,35.05 ,13050.50 ,91.92 ,122.91 ,155.99 ,104.93 ,98.96 ,105.54 ,0.25 ,15.92 ,0.19 ,-13.52 ,-0.05 ,-20.42 ,7.19 ,1.92 ,-0.13 ,0.06 ,-1.74 ,-4.29 
2016.11.30,1168.50 ,1038.81 ,1244.34 ,112.49 ,1.06 ,1.25 ,0.75 ,1.34 ,1.01 ,7.76 ,35.68 ,13572.50 ,93.66 ,125.80 ,160.20 ,107.04 ,101.28 ,108.27 ,1.57 ,10.90 ,2.13 ,-8.41 ,0.56 ,-16.94 ,4.16 ,0.44 ,-1.75 ,0.08 ,-0.59 ,-1.51 
2016.12.30,1208.50 ,1036.81 ,1267.60 ,116.56 ,1.05 ,1.22 ,0.72 ,1.35 ,1.02 ,7.76 ,35.93 ,13462.50 ,95.43 ,127.74 ,162.25 ,109.00 ,102.84 ,109.72 ,3.11 ,6.67 ,-1.01 ,-3.33 ,-4.00 ,-17.30 ,-0.87 ,-2.67 ,3.47 ,0.06 ,-0.42 ,-2.32 