TimeLog,bIXMLACWF,bIXMLWRLD,bIXMLEMKF,bIXMLEURO,bIXMLAAPF,bIXMLNAMR,bIXNRCN,bIXNRUSDW,bIXMLEROP,bIXNRUK,bIXMLPACF,bIXNRAU,bIXNRHKHS,bIXNRJPTP,bIXNRNZ,bIXNRSP,bIXMLEFLA,bIXNRAG,bIXNRCL,bIXNRMX,bIXMLEMEA,bIXNRSA,bIXNRTK,bIXMLEMFA,bIXNRKOKS,bIXNRID,bIXNRMY,bIXNRPH,bIXNRTW,bIXNRTH
2000-01-31,383.5 ,1068.8 ,21296.6 ,500.9 ,116.5 ,1510.3 ,8481.1 ,10940.5 ,1427.9 ,6268.5 ,889.5 ,3085.7 ,15532.3 ,1708.0 ,2917.2 ,2231.8 ,1843295.0 ,566.3 ,1151.4 ,6585.7 ,1925.4 ,8249.4 ,16715.0 ,403.8 ,943.9 ,636.4 ,922.1 ,1989.4 ,9744.9 ,477.6 
2000-02-29,388.1 ,1081.5 ,21571.8 ,535.4 ,116.1 ,1478.5 ,9129.0 ,10128.3 ,1527.5 ,6232.6 ,891.0 ,3133.4 ,17169.4 ,1718.9 ,2917.2 ,2163.8 ,1953951.0 ,631.6 ,1106.2 ,7368.6 ,2084.6 ,7733.2 ,15945.9 ,387.2 ,828.4 ,576.5 ,982.2 ,1641.9 ,9435.9 ,374.3 
2000-03-31,409.6 ,1144.8 ,21587.0 ,547.5 ,117.3 ,1623.9 ,9462.4 ,10921.9 ,1561.9 ,6540.2 ,900.3 ,3133.3 ,17406.5 ,1705.9 ,2917.2 ,2150.2 ,1948405.0 ,569.2 ,1129.8 ,7473.3 ,2067.6 ,7765.4 ,15920.1 ,392.4 ,860.9 ,583.3 ,974.4 ,1681.7 ,9855.0 ,400.3 
2000-04-28,398.7 ,1117.6 ,19875.1 ,543.2 ,113.0 ,1571.1 ,9347.6 ,10733.9 ,1549.3 ,6327.4 ,876.9 ,3085.1 ,15519.3 ,1648.9 ,2917.2 ,2176.6 ,1776311.0 ,509.5 ,1075.0 ,6640.7 ,2061.9 ,7250.2 ,19205.7 ,347.4 ,725.4 ,526.7 ,898.4 ,1598.7 ,8824.4 ,390.4 
2000-05-31,388.5 ,1089.3 ,19248.5 ,539.1 ,106.6 ,1529.4 ,9252.0 ,10522.3 ,1539.2 ,6359.4 ,824.6 ,3040.6 ,14713.9 ,1522.8 ,2917.2 ,1865.3 ,1703674.0 ,464.3 ,1124.2 ,5961.1 ,2014.0 ,7175.9 ,16206.4 ,335.0 ,731.9 ,454.3 ,911.5 ,1478.8 ,8939.5 ,323.3 
2000-06-30,396.5 ,1111.2 ,19789.9 ,533.8 ,112.1 ,1571.1 ,10195.5 ,10447.9 ,1527.6 ,6312.7 ,871.2 ,3257.6 ,16155.8 ,1591.6 ,2917.2 ,2088.9 ,1873364.0 ,496.9 ,1108.7 ,6948.3 ,1897.6 ,7570.4 ,14466.1 ,344.4 ,821.2 ,515.1 ,833.4 ,1534.0 ,8265.1 ,325.7 
2000-07-31,389.5 ,1093.8 ,18806.1 ,539.0 ,104.3 ,1545.6 ,10406.3 ,10522.0 ,1542.6 ,6365.3 ,813.1 ,3213.6 ,16841.0 ,1453.2 ,2917.2 ,2077.3 ,1795439.0 ,502.0 ,1074.8 ,6514.2 ,1910.2 ,7621.7 ,13870.2 ,316.8 ,706.0 ,492.2 ,798.8 ,1417.2 ,8114.9 ,284.7 
2000-08-31,404.4 ,1137.7 ,18938.9 ,551.5 ,106.7 ,1626.7 ,11247.9 ,11215.1 ,1580.1 ,6672.7 ,838.4 ,3261.7 ,17097.5 ,1511.4 ,2917.2 ,2164.9 ,1841932.0 ,474.7 ,1123.3 ,6664.8 ,1937.4 ,8361.6 ,13132.1 ,310.0 ,688.6 ,466.4 ,795.8 ,1537.5 ,7617.0 ,307.8 
2000-09-29,383.1 ,1079.5 ,17470.0 ,524.9 ,101.2 ,1534.4 ,10377.9 ,10650.9 ,1503.7 ,6294.2 ,807.0 ,3246.1 ,15649.0 ,1470.8 ,2917.2 ,2021.8 ,1758144.0 ,475.4 ,1109.8 ,6334.6 ,1900.3 ,8146.8 ,11350.3 ,270.9 ,613.2 ,421.3 ,713.5 ,1434.5 ,6432.4 ,277.3 
2000-10-31,380.0 ,1073.4 ,16564.0 ,537.4 ,96.0 ,1517.1 ,9639.6 ,10971.1 ,1540.6 ,6438.4 ,769.7 ,3203.9 ,14895.3 ,1380.0 ,2917.2 ,2036.5 ,1729433.0 ,440.9 ,1060.8 ,6394.2 ,1827.2 ,8026.4 ,13538.4 ,249.2 ,514.5 ,405.3 ,752.4 ,1287.9 ,5544.2 ,271.8 
2000-11-30,355.7 ,1005.4 ,15264.5 ,508.2 ,93.5 ,1395.5 ,8819.9 ,10414.5 ,1463.3 ,6142.2 ,750.0 ,3222.0 ,13984.4 ,1362.7 ,2917.2 ,2010.8 ,1580723.0 ,399.5 ,1086.6 ,5652.6 ,1474.4 ,7687.1 ,8747.7 ,242.7 ,509.2 ,429.2 ,730.0 ,1404.8 ,5256.9 ,277.9 
2000-12-29,354.3 ,1000.5 ,15538.1 ,508.1 ,91.3 ,1392.0 ,8933.7 ,10786.9 ,1460.9 ,6222.5 ,733.4 ,3154.7 ,15095.5 ,1283.7 ,1926.4 ,1976.7 ,1657431.0 ,417.0 ,1084.4 ,5652.2 ,1586.4 ,8164.3 ,9437.2 ,234.7 ,504.6 ,416.3 ,679.6 ,1494.5 ,4743.9 ,269.2 
2001-01-31,365.4 ,1026.1 ,17653.7 ,515.6 ,94.8 ,1442.3 ,9321.9 ,10887.4 ,1481.4 ,6297.5 ,742.6 ,3291.5 ,16102.4 ,1300.2 ,2066.5 ,2036.5 ,1896371.0 ,532.8 ,1138.4 ,6496.9 ,1650.8 ,8942.4 ,10685.1 ,277.7 ,617.9 ,425.6 ,727.7 ,1687.0 ,5936.2 ,332.8 
2001-02-28,336.5 ,944.5 ,16442.3 ,475.7 ,91.3 ,1308.3 ,8078.7 ,10495.3 ,1367.7 ,5917.9 ,719.0 ,3274.1 ,14787.9 ,1241.5 ,2003.8 ,1990.6 ,1754726.0 ,435.9 ,1096.2 ,6032.1 ,1459.7 ,8916.3 ,8791.6 ,261.0 ,578.1 ,428.3 ,709.4 ,1613.5 ,5674.7 ,325.2 
2001-03-30,319.3 ,897.8 ,15087.2 ,453.1 ,90.5 ,1223.6 ,7608.0 ,9878.8 ,1302.6 ,5633.7 ,724.8 ,3096.9 ,12760.6 ,1277.3 ,2082.7 ,1692.6 ,1665621.0 ,443.8 ,1062.4 ,5727.9 ,1338.1 ,8093.8 ,8022.7 ,237.0 ,523.2 ,381.1 ,647.5 ,1446.4 ,5797.9 ,291.9 
2001-04-30,340.7 ,959.3 ,15759.2 ,483.1 ,94.2 ,1316.2 ,7946.6 ,10735.0 ,1387.2 ,5967.0 ,760.0 ,3270.3 ,13386.0 ,1366.5 ,2211.5 ,1707.4 ,1748073.0 ,435.6 ,1105.7 ,5987.3 ,1505.8 ,8902.3 ,12367.4 ,237.3 ,577.4 ,358.2 ,584.5 ,1378.8 ,5381.7 ,300.6 
2001-05-31,338.2 ,950.6 ,16068.9 ,472.7 ,91.5 ,1323.1 ,8161.9 ,10911.9 ,1357.2 ,5796.2 ,733.8 ,3317.2 ,13174.4 ,1310.8 ,2070.6 ,1627.6 ,1844279.0 ,439.2 ,1208.3 ,6595.4 ,1472.5 ,9270.8 ,10879.8 ,238.9 ,612.2 ,405.9 ,572.9 ,1402.3 ,5048.9 ,310.1 
2001-06-29,329.4 ,925.6 ,15753.3 ,456.0 ,90.5 ,1290.1 ,7736.4 ,10502.4 ,1309.1 ,5642.5 ,725.9 ,3425.2 ,13042.5 ,1301.0 ,2141.0 ,1670.5 ,1804302.0 ,402.3 ,1169.2 ,6666.2 ,1434.5 ,9089.9 ,11204.2 ,235.8 ,595.1 ,437.6 ,593.0 ,1410.1 ,4883.4 ,322.6 
2001-07-31,321.6 ,905.4 ,14884.6 ,444.3 ,84.8 ,1277.4 ,7689.7 ,10522.8 ,1276.6 ,5529.1 ,679.2 ,3270.8 ,12316.7 ,1190.3 ,2134.4 ,1607.0 ,1743611.0 ,320.8 ,1201.2 ,6474.4 ,1359.1 ,8456.0 ,9914.6 ,222.1 ,541.6 ,444.1 ,659.4 ,1362.9 ,4353.0 ,297.7 
2001-08-31,302.1 ,847.8 ,14760.4 ,419.2 ,79.9 ,1192.0 ,7399.2 ,9949.8 ,1203.7 ,5345.0 ,634.6 ,3217.8 ,11090.5 ,1103.7 ,2111.4 ,1583.1 ,1711705.0 ,319.9 ,1239.3 ,6310.7 ,1303.5 ,8886.7 ,9878.9 ,219.7 ,545.1 ,435.6 ,687.2 ,1265.4 ,4509.4 ,335.6 
2001-09-28,274.2 ,771.5 ,12757.1 ,373.9 ,71.4 ,1099.7 ,6838.6 ,8847.6 ,1074.0 ,4903.4 ,571.0 ,2988.0 ,9950.7 ,1023.4 ,1890.7 ,1313.8 ,1488433.0 ,243.6 ,1071.3 ,5403.5 ,1105.7 ,7997.9 ,7625.9 ,188.5 ,479.7 ,392.5 ,615.3 ,1126.6 ,3636.9 ,277.0 
2001-10-31,281.5 ,790.6 ,13574.6 ,390.2 ,74.0 ,1114.2 ,6885.7 ,9075.1 ,1119.5 ,5039.7 ,588.5 ,3185.3 ,10074.0 ,1059.4 ,2010.9 ,1361.9 ,1534000.0 ,224.8 ,1121.9 ,5537.0 ,1250.8 ,8473.5 ,9848.8 ,201.0 ,537.8 ,383.7 ,600.1 ,993.4 ,3903.5 ,275.1 
2001-11-30,299.3 ,839.3 ,14933.8 ,410.1 ,77.4 ,1198.5 ,7425.7 ,9851.6 ,1175.9 ,5203.6 ,605.5 ,3276.9 ,11279.3 ,1050.2 ,2144.4 ,1471.8 ,1581519.0 ,202.5 ,1192.1 ,5832.8 ,1371.0 ,9404.1 ,11633.9 ,228.1 ,643.9 ,380.3 ,638.0 ,1128.5 ,4441.1 ,302.6 
2001-12-31,303.4 ,847.9 ,16330.6 ,419.2 ,79.0 ,1205.7 ,7688.4 ,10021.5 ,1201.0 ,5217.4 ,608.0 ,3359.9 ,11397.2 ,1032.1 ,2115.4 ,1634.4 ,1678821.0 ,295.4 ,1183.1 ,6372.3 ,1481.1 ,10456.5 ,13782.8 ,252.3 ,693.7 ,392.0 ,696.1 ,1168.1 ,5551.2 ,303.9 
2002-01-31,298.1 ,830.9 ,16970.3 ,410.1 ,77.1 ,1187.6 ,7648.5 ,9920.0 ,1173.6 ,5164.8 ,583.9 ,3404.0 ,10725.3 ,971.8 ,2198.6 ,1802.6 ,1752530.0 ,439.2 ,1153.0 ,6927.9 ,1544.7 ,10333.5 ,13252.3 ,263.9 ,748.1 ,451.6 ,718.8 ,1361.9 ,5872.1 ,340.8 
2002-02-28,295.2 ,821.6 ,17268.8 ,407.4 ,79.0 ,1163.4 ,7637.5 ,10106.1 ,1167.1 ,5101.0 ,597.6 ,3358.6 ,10482.6 ,1013.8 ,2143.7 ,1723.4 ,1803552.0 ,398.3 ,1144.4 ,6734.4 ,1403.8 ,10875.1 ,11055.7 ,272.1 ,820.0 ,453.2 ,708.9 ,1406.2 ,5696.1 ,371.8 
2002-03-28,306.7 ,853.0 ,18173.0 ,425.0 ,82.4 ,1205.4 ,7851.5 ,10403.9 ,1217.0 ,5271.8 ,620.1 ,3363.3 ,11032.9 ,1060.2 ,2126.2 ,1821.2 ,1861934.0 ,436.1 ,1163.6 ,7361.9 ,1490.2 ,11015.0 ,11679.4 ,290.7 ,895.6 ,481.8 ,756.1 ,1403.6 ,6167.5 ,374.0 
2002-04-30,292.9 ,812.9 ,18083.4 ,409.0 ,83.4 ,1128.1 ,7663.4 ,9946.2 ,1169.8 ,5165.6 ,631.2 ,3299.5 ,11497.6 ,1082.1 ,2088.8 ,1729.9 ,1869219.0 ,387.8 ,1137.8 ,7480.7 ,1475.8 ,11007.7 ,11441.5 ,287.6 ,842.3 ,534.1 ,794.0 ,1346.1 ,6065.7 ,371.4 
2002-05-31,288.8 ,802.3 ,17513.3 ,395.9 ,83.9 ,1118.0 ,7656.1 ,9925.3 ,1132.2 ,5085.1 ,641.8 ,3325.1 ,11301.9 ,1120.1 ,2165.2 ,1669.3 ,1802380.0 ,317.6 ,1099.7 ,7031.6 ,1475.6 ,11200.9 ,10413.7 ,274.9 ,796.4 ,530.8 ,741.8 ,1315.0 ,5675.7 ,408.0 
2002-06-28,266.3 ,739.3 ,16359.1 ,362.8 ,77.7 ,1032.1 ,7145.6 ,9243.3 ,1037.8 ,4656.4 ,592.6 ,3163.2 ,10598.6 ,1024.9 ,2090.4 ,1542.2 ,1670006.0 ,350.7 ,1032.0 ,6461.0 ,1327.7 ,10657.7 ,9379.9 ,258.6 ,742.7 ,505.0 ,725.4 ,1156.4 ,5153.7 ,389.1 
2002-07-31,243.8 ,676.4 ,15256.6 ,320.6 ,72.9 ,956.7 ,6605.4 ,8736.6 ,916.4 ,4246.2 ,554.8 ,3032.6 ,10267.4 ,965.0 ,1992.4 ,1500.6 ,1527908.0 ,359.3 ,1039.6 ,6021.8 ,1282.2 ,9239.0 ,10236.5 ,247.1 ,718.0 ,463.7 ,721.6 ,1123.2 ,4940.4 ,376.0 
2002-08-30,243.9 ,676.4 ,15437.0 ,321.1 ,71.8 ,959.5 ,6612.0 ,8663.5 ,917.7 ,4227.3 ,545.0 ,3073.7 ,10043.9 ,941.6 ,2074.3 ,1471.3 ,1574878.0 ,375.2 ,1022.4 ,6216.4 ,1304.3 ,9677.3 ,9547.3 ,246.0 ,736.4 ,443.7 ,711.4 ,1103.4 ,4764.9 ,361.2 
2002-09-30,216.9 ,600.9 ,14148.8 ,275.6 ,68.6 ,851.6 ,6180.4 ,7591.9 ,786.4 ,3721.8 ,527.9 ,2928.3 ,9072.2 ,921.1 ,2014.4 ,1319.7 ,1442536.0 ,395.2 ,927.4 ,5728.5 ,1256.6 ,9465.3 ,8842.2 ,219.1 ,646.4 ,419.3 ,638.0 ,1129.3 ,4191.8 ,331.8 
2002-10-31,232.6 ,644.8 ,14821.2 ,302.3 ,66.8 ,925.2 ,6248.8 ,8397.0 ,862.8 ,4039.7 ,507.1 ,2995.0 ,9441.3 ,862.2 ,2037.0 ,1434.9 ,1584045.0 ,434.8 ,958.5 ,5967.7 ,1338.6 ,9376.2 ,10251.9 ,228.8 ,658.9 ,369.0 ,659.6 ,1048.5 ,4579.1 ,357.2 
2002-11-29,244.7 ,678.5 ,15591.2 ,316.9 ,69.3 ,979.2 ,6570.4 ,8896.1 ,904.3 ,4169.4 ,523.6 ,3025.2 ,10069.9 ,892.7 ,1968.7 ,1363.6 ,1628756.0 ,497.8 ,960.3 ,6156.8 ,1434.3 ,9563.7 ,13300.4 ,243.5 ,724.8 ,390.4 ,629.2 ,1047.2 ,4646.7 ,364.9 
2002-12-31,228.9 ,634.3 ,14849.2 ,291.1 ,65.6 ,920.7 ,6614.5 ,8341.6 ,830.4 ,3940.4 ,497.0 ,2975.5 ,9321.3 ,843.3 ,1955.5 ,1302.9 ,1667493.0 ,525.0 ,1000.0 ,6127.1 ,1337.8 ,9277.2 ,10369.9 ,226.2 ,627.6 ,424.9 ,646.3 ,1018.4 ,4452.5 ,356.5 
2003-01-31,220.7 ,610.6 ,14743.9 ,271.7 ,64.2 ,898.0 ,6569.5 ,8053.8 ,774.8 ,3567.4 ,483.5 ,2935.4 ,9259.0 ,821.2 ,1958.3 ,1254.0 ,1632588.0 ,549.9 ,1002.0 ,5954.4 ,1310.4 ,8798.4 ,11032.0 ,228.1 ,591.9 ,388.4 ,664.8 ,1056.7 ,5015.2 ,370.0 
2003-02-28,216.6 ,599.7 ,14266.8 ,266.1 ,62.7 ,883.4 ,6555.1 ,7891.1 ,757.8 ,3655.6 ,475.6 ,2778.4 ,9122.7 ,818.7 ,1880.9 ,1236.4 ,1613268.0 ,593.8 ,1014.9 ,5927.1 ,1363.0 ,8402.1 ,11574.4 ,216.5 ,575.4 ,399.2 ,646.8 ,1019.3 ,4432.5 ,361.3 
2003-03-31,214.7 ,595.1 ,13801.4 ,258.9 ,60.7 ,889.1 ,6343.3 ,7992.1 ,737.8 ,3613.3 ,460.3 ,2848.6 ,8634.5 ,788.0 ,1906.1 ,1235.3 ,1634640.0 ,566.5 ,1009.1 ,5914.0 ,1325.2 ,7679.9 ,9475.1 ,208.9 ,535.7 ,398.0 ,635.7 ,1039.7 ,4321.2 ,364.6 
2003-04-30,231.7 ,643.0 ,14418.6 ,288.0 ,61.3 ,960.5 ,6586.1 ,8480.1 ,820.2 ,3926.0 ,463.2 ,2970.9 ,8717.2 ,796.6 ,1982.2 ,1251.6 ,1752398.0 ,636.0 ,1164.0 ,6509.9 ,1517.1 ,7510.4 ,11510.0 ,214.9 ,599.4 ,450.9 ,630.4 ,1068.2 ,4148.1 ,374.6 
2003-05-30,241.3 ,668.7 ,15556.7 ,293.3 ,64.1 ,1009.7 ,6859.8 ,8850.3 ,834.8 ,4048.1 ,481.9 ,2979.8 ,9487.4 ,837.7 ,2050.6 ,1324.6 ,1826143.0 ,678.3 ,1231.0 ,6699.2 ,1639.3 ,8564.3 ,11381.4 ,231.4 ,633.4 ,494.8 ,671.5 ,1073.7 ,4555.9 ,403.8 
2003-06-30,246.2 ,681.7 ,16193.2 ,299.7 ,68.1 ,1020.9 ,6983.1 ,8985.4 ,852.7 ,4031.2 ,510.7 ,2999.7 ,9577.1 ,903.4 ,2153.8 ,1425.2 ,1841173.0 ,765.6 ,1228.1 ,7055.0 ,1715.5 ,8352.2 ,10884.4 ,247.7 ,669.9 ,505.5 ,692.0 ,1222.8 ,4872.2 ,461.8 
2003-07-31,253.3 ,700.4 ,17166.4 ,311.8 ,71.4 ,1039.3 ,7257.9 ,9233.8 ,887.9 ,4157.0 ,532.6 ,3106.7 ,10134.8 ,939.4 ,2089.1 ,1533.7 ,1963569.0 ,755.3 ,1321.4 ,7355.1 ,1675.1 ,8809.6 ,10572.0 ,268.2 ,713.5 ,508.0 ,720.6 ,1240.4 ,5318.3 ,484.1 
2003-08-29,259.5 ,716.3 ,18281.2 ,317.3 ,75.9 ,1057.9 ,7510.3 ,9415.8 ,902.1 ,4161.1 ,565.9 ,3202.9 ,10909.0 ,1002.0 ,2152.3 ,1583.1 ,2081459.0 ,713.3 ,1369.6 ,7591.4 ,1836.2 ,9226.2 ,11611.8 ,285.2 ,759.5 ,529.7 ,743.3 ,1192.8 ,5650.8 ,537.7 
2003-09-30,255.2 ,704.2 ,18055.8 ,306.2 ,76.1 ,1044.3 ,7421.1 ,9275.1 ,869.7 ,4091.3 ,571.0 ,3176.2 ,11229.9 ,1018.8 ,2197.3 ,1606.0 ,2123748.0 ,827.7 ,1430.5 ,7822.5 ,1876.6 ,8925.7 ,13055.9 ,278.1 ,697.5 ,597.7 ,733.5 ,1297.4 ,5611.4 ,579.0 
2003-10-31,269.2 ,741.8 ,19639.2 ,324.4 ,79.5 ,1101.6 ,7772.7 ,9801.1 ,922.1 ,4287.6 ,589.0 ,3282.4 ,12190.1 ,1043.4 ,2212.2 ,1707.0 ,2245066.0 ,929.9 ,1516.0 ,8064.8 ,1920.9 ,9765.3 ,15754.3 ,309.9 ,782.4 ,625.5 ,817.1 ,1399.1 ,6045.1 ,639.5 
2003-11-28,270.6 ,745.7 ,19789.7 ,329.4 ,77.4 ,1110.7 ,7859.4 ,9782.5 ,936.6 ,4342.6 ,570.6 ,3195.7 ,12317.5 ,999.8 ,2246.2 ,1682.0 ,2381576.0 ,996.6 ,1458.3 ,8554.5 ,1944.1 ,9729.6 ,14617.5 ,307.5 ,796.2 ,617.1 ,779.3 ,1313.9 ,5771.8 ,646.0 
2003-12-31,282.8 ,778.6 ,21136.3 ,340.7 ,81.0 ,1166.4 ,8220.9 ,10453.9 ,967.7 ,4476.9 ,595.1 ,3306.0 ,12575.9 ,1043.7 ,2304.9 ,1730.4 ,2579832.0 ,1072.0 ,1484.8 ,8795.3 ,2066.1 ,10387.2 ,18625.0 ,327.8 ,810.7 ,691.9 ,793.9 ,1442.4 ,5890.7 ,772.2 
2004-01-30,287.7 ,791.3 ,21870.9 ,346.2 ,82.1 ,1187.4 ,8521.4 ,10488.1 ,983.2 ,4390.7 ,600.4 ,3283.6 ,13289.4 ,1047.5 ,2324.8 ,1813.2 ,2588914.0 ,1140.8 ,1408.9 ,9428.8 ,2170.3 ,10849.3 ,17259.3 ,340.3 ,848.5 ,752.9 ,818.9 ,1508.3 ,6375.4 ,698.9 
2004-02-27,292.7 ,804.4 ,22686.5 ,354.0 ,84.6 ,1200.8 ,8788.5 ,10583.9 ,1004.5 ,4492.2 ,617.4 ,3372.5 ,13907.0 ,1082.5 ,2292.4 ,1848.7 ,2717061.0 ,1183.1 ,1543.1 ,9991.8 ,2315.6 ,10895.9 ,18889.2 ,352.7 ,883.4 ,761.1 ,879.2 ,1483.2 ,6750.5 ,716.3 
2004-03-31,289.5 ,795.3 ,22566.2 ,345.3 ,87.9 ,1179.7 ,8585.9 ,10357.7 ,978.0 ,4385.7 ,651.0 ,3416.4 ,12681.7 ,1179.2 ,2383.9 ,1808.0 ,2760099.0 ,1201.7 ,1458.9 ,10517.5 ,2453.2 ,10692.6 ,20190.8 ,344.3 ,880.5 ,735.7 ,901.9 ,1424.3 ,6522.2 ,647.3 
2004-04-30,287.1 ,790.9 ,21196.5 ,350.0 ,87.1 ,1158.9 ,8244.0 ,10225.6 ,993.4 ,4489.7 ,649.9 ,3407.7 ,11943.0 ,1186.3 ,2415.6 ,1794.2 ,2492302.0 ,1077.9 ,1430.6 ,9948.1 ,2277.2 ,10385.8 ,18022.7 ,327.1 ,862.8 ,783.4 ,838.2 ,1555.0 ,6117.8 ,648.2 
2004-05-28,286.6 ,790.3 ,20636.0 ,344.7 ,84.6 ,1172.8 ,8417.3 ,10188.5 ,978.9 ,4430.7 ,634.1 ,3456.9 ,12198.2 ,1139.9 ,2365.1 ,1740.3 ,2523061.0 ,952.6 ,1428.8 ,10036.3 ,2208.7 ,10413.8 ,17081.1 ,312.6 ,803.8 ,732.5 ,810.7 ,1511.4 ,5977.8 ,641.1 
2004-06-30,291.9 ,805.9 ,20543.1 ,350.6 ,86.8 ,1193.4 ,8545.6 ,10435.5 ,995.7 ,4464.1 ,656.0 ,3530.3 ,12285.8 ,1189.6 ,2443.3 ,1786.4 ,2611493.0 ,945.5 ,1483.0 ,10281.8 ,2258.8 ,10108.6 ,17967.6 ,307.9 ,785.8 ,732.4 ,819.9 ,1579.4 ,5839.4 ,646.6 
2004-07-30,283.4 ,782.0 ,20154.0 ,343.0 ,84.3 ,1152.8 ,8458.1 ,10139.7 ,974.3 ,4413.1 ,637.0 ,3546.1 ,12238.0 ,1139.3 ,2526.4 ,1834.5 ,2665556.0 ,966.1 ,1520.9 ,10116.4 ,2135.6 ,10305.9 ,19380.9 ,297.7 ,735.3 ,757.0 ,834.0 ,1584.7 ,5420.6 ,636.7 
2004-08-31,283.9 ,781.9 ,21032.2 ,341.7 ,84.7 ,1156.0 ,8377.0 ,10173.9 ,969.6 ,4459.3 ,635.8 ,3561.9 ,12850.3 ,1129.6 ,2465.7 ,1847.6 ,2730945.0 ,952.1 ,1631.4 ,10264.3 ,2193.6 ,11160.4 ,20218.4 ,309.4 ,803.6 ,754.7 ,828.0 ,1579.8 ,5765.5 ,624.6 
2004-09-30,287.7 ,791.0 ,21987.9 ,349.9 ,84.6 ,1168.2 ,8668.3 ,10080.3 ,992.2 ,4570.8 ,630.0 ,3674.7 ,13120.0 ,1102.1 ,2530.8 ,1908.6 ,2901605.0 ,1142.5 ,1707.0 ,10957.4 ,2285.0 ,11761.0 ,21953.5 ,321.1 ,835.1 ,820.1 ,850.0 ,1761.6 ,5845.7 ,644.7 
2004-10-29,290.9 ,800.1 ,22097.7 ,354.9 ,84.1 ,1185.1 ,8871.0 ,10027.5 ,1005.8 ,4624.2 ,626.9 ,3786.3 ,13054.7 ,1085.4 ,2495.3 ,1903.7 ,2984797.0 ,1287.1 ,1768.2 ,11564.3 ,2368.7 ,11655.3 ,22899.9 ,318.9 ,834.8 ,860.5 ,861.1 ,1819.0 ,5705.9 ,628.2 
2004-11-30,300.4 ,825.6 ,23230.1 ,363.3 ,86.5 ,1230.0 ,9030.1 ,10428.0 ,1030.2 ,4703.2 ,641.2 ,3942.8 ,14060.1 ,1098.8 ,2627.6 ,1943.7 ,3115558.0 ,1213.1 ,1790.5 ,12102.6 ,2402.0 ,12490.8 ,22486.2 ,337.4 ,878.1 ,977.8 ,917.2 ,1831.0 ,5844.8 ,656.7 
2004-12-31,310.2 ,852.5 ,23927.8 ,373.5 ,89.9 ,1270.5 ,9246.7 ,10783.0 ,1058.9 ,4814.3 ,668.4 ,4053.1 ,14230.1 ,1149.6 ,2684.1 ,1999.9 ,3291488.0 ,1375.4 ,1796.5 ,12917.9 ,2503.6 ,12656.9 ,24971.7 ,344.4 ,895.9 ,1000.2 ,907.4 ,1822.8 ,6139.7 ,668.1 
2005-01-31,307.2 ,843.5 ,24111.5 ,379.0 ,89.4 ,1239.1 ,9204.1 ,10489.9 ,1074.3 ,4852.3 ,662.5 ,4106.7 ,13721.7 ,1146.1 ,2693.9 ,2018.0 ,3228436.0 ,1373.8 ,1809.9 ,13097.1 ,2573.0 ,12798.6 ,27330.4 ,348.5 ,932.7 ,1045.4 ,916.3 ,2019.6 ,5994.2 ,701.9 
2005-02-28,315.2 ,863.2 ,25770.8 ,389.9 ,92.2 ,1264.5 ,9668.3 ,10766.2 ,1103.6 ,4968.5 ,680.5 ,4156.5 ,14195.4 ,1177.4 ,2790.9 ,2033.9 ,3604831.0 ,1558.6 ,1895.2 ,13789.5 ,2793.9 ,13476.6 ,28396.2 ,366.4 ,1011.4 ,1073.8 ,907.4 ,2080.0 ,6207.8 ,741.6 
2005-03-31,310.6 ,852.6 ,24508.1 ,386.5 ,90.9 ,1243.4 ,9612.4 ,10503.8 ,1095.4 ,4894.4 ,676.0 ,4100.6 ,13516.9 ,1182.2 ,2619.2 ,2056.6 ,3376620.0 ,1400.4 ,1961.7 ,12676.9 ,2640.0 ,13298.6 ,25557.8 ,349.2 ,965.7 ,1080.2 ,871.4 ,1954.7 ,6005.9 ,681.5 
2005-04-29,302.6 ,831.2 ,23530.6 ,374.6 ,87.7 ,1219.5 ,9369.3 ,10192.5 ,1061.7 ,4801.7 ,652.1 ,3943.1 ,13909.0 ,1129.9 ,2562.7 ,2043.9 ,3164093.0 ,1348.4 ,1957.0 ,12323.0 ,2590.2 ,12556.0 ,23591.6 ,336.0 ,911.3 ,1029.6 ,879.0 ,1854.6 ,5818.1 ,658.9 
2005-05-31,312.7 ,858.6 ,24466.3 ,391.0 ,89.6 ,1256.4 ,9607.3 ,10467.5 ,1108.4 ,4964.0 ,663.5 ,4070.4 ,13867.1 ,1144.3 ,2584.2 ,2081.8 ,3247038.0 ,1485.6 ,1968.8 ,12964.4 ,2672.0 ,13787.0 ,25236.5 ,349.8 ,970.2 ,1088.2 ,860.7 ,1929.4 ,6011.6 ,667.6 
2005-06-30,317.8 ,871.7 ,25316.2 ,403.8 ,92.4 ,1259.8 ,9902.8 ,10275.0 ,1144.4 ,5113.2 ,684.0 ,4229.9 ,14201.1 ,1177.2 ,2750.8 ,2161.3 ,3357852.0 ,1367.4 ,2056.8 ,13486.1 ,2743.6 ,14154.7 ,26957.3 ,362.2 ,1008.2 ,1122.4 ,888.3 ,1924.2 ,6241.9 ,675.5 
2005-07-29,330.0 ,903.9 ,26921.0 ,420.7 ,95.5 ,1306.9 ,10422.9 ,10640.9 ,1190.9 ,5282.3 ,701.7 ,4346.7 ,14881.0 ,1205.0 ,2845.8 ,2288.4 ,3559116.0 ,1507.6 ,2175.1 ,14409.7 ,2975.9 ,15143.6 ,29615.3 ,383.7 ,1111.3 ,1182.3 ,937.4 ,2000.3 ,6312.0 ,675.7 
2005-08-31,329.9 ,902.9 ,27214.6 ,419.4 ,98.3 ,1294.9 ,10668.9 ,10481.6 ,1184.8 ,5296.9 ,732.7 ,4413.5 ,14903.6 ,1271.3 ,2788.7 ,2220.3 ,3743884.0 ,1581.7 ,2086.3 ,14243.2 ,3184.8 ,15414.0 ,30908.0 ,375.6 ,1083.3 ,1050.1 ,913.6 ,1936.9 ,6033.5 ,697.9 
2005-09-30,341.4 ,931.4 ,29517.4 ,438.4 ,107.4 ,1306.6 ,11011.8 ,10568.7 ,1236.1 ,5477.7 ,805.0 ,4592.6 ,15428.5 ,1412.3 ,2849.9 ,2226.8 ,4173597.0 ,1694.8 ,2152.8 ,16120.1 ,3530.2 ,16875.7 ,33333.2 ,400.1 ,1221.0 ,1079.3 ,927.5 ,1942.1 ,6118.6 ,723.2 
2005-10-31,333.8 ,913.0 ,27866.6 ,425.5 ,105.8 ,1280.5 ,10383.3 ,10440.1 ,1201.4 ,5317.3 ,803.9 ,4412.7 ,14386.4 ,1444.7 ,2710.9 ,2143.4 ,3991954.0 ,1608.9 ,2072.6 ,15759.7 ,3350.9 ,16433.1 ,31964.0 ,374.2 ,1158.1 ,1066.2 ,910.8 ,1960.2 ,5764.3 ,682.6 
2005-11-30,348.0 ,949.8 ,29890.7 ,440.4 ,112.9 ,1329.3 ,10824.1 ,10805.9 ,1241.8 ,5423.2 ,854.4 ,4583.6 ,14937.1 ,1536.2 ,2715.2 ,2224.6 ,4205494.0 ,1554.7 ,2027.6 ,16831.0 ,3619.8 ,16774.5 ,38088.7 ,406.2 ,1297.4 ,1096.6 ,896.1 ,2099.7 ,6203.5 ,667.8 
2005-12-30,356.0 ,969.6 ,31473.6 ,456.8 ,119.5 ,1331.7 ,11272.3 ,10717.5 ,1288.1 ,5618.8 ,904.9 ,4708.8 ,14876.4 ,1649.8 ,2752.4 ,2280.8 ,4374827.0 ,1543.3 ,1964.5 ,17802.7 ,3730.0 ,18096.5 ,39777.7 ,429.0 ,1379.4 ,1162.6 ,899.8 ,2096.0 ,6548.3 ,713.7 
2006-01-31,368.3 ,1000.2 ,33951.8 ,472.4 ,124.5 ,1369.9 ,11945.6 ,10864.9 ,1329.1 ,5760.3 ,942.2 ,4880.2 ,15753.1 ,1710.8 ,2736.2 ,2348.9 ,4957460.0 ,1794.0 ,2118.5 ,18907.1 ,4092.3 ,19745.2 ,44590.2 ,447.8 ,1399.8 ,1232.3 ,914.0 ,2145.4 ,6532.2 ,762.6 
2006-02-28,368.9 ,1002.0 ,33902.1 ,481.4 ,123.2 ,1366.2 ,11688.3 ,10993.4 ,1352.9 ,5791.5 ,928.7 ,4878.4 ,15918.5 ,1660.4 ,2763.1 ,2416.9 ,4891393.0 ,1714.1 ,2166.8 ,18706.3 ,4231.4 ,19085.4 ,47015.9 ,448.8 ,1371.6 ,1230.7 ,928.9 ,2123.0 ,6561.6 ,744.1 
2006-03-31,376.8 ,1024.1 ,34329.9 ,494.9 ,127.3 ,1384.3 ,12110.6 ,11109.3 ,1392.8 ,5964.6 ,964.1 ,5087.2 ,15805.0 ,1728.2 ,2979.0 ,2465.8 ,4875200.0 ,1800.6 ,2182.0 ,19272.6 ,4161.2 ,20351.7 ,42911.3 ,456.6 ,1359.6 ,1323.0 ,926.6 ,2196.0 ,6614.0 ,733.3 
2006-04-28,380.8 ,1031.7 ,36038.4 ,497.1 ,129.1 ,1400.3 ,12204.2 ,11367.1 ,1395.9 ,6023.1 ,968.3 ,5207.0 ,16661.3 ,1716.4 ,3047.9 ,2548.4 ,5146939.0 ,1908.6 ,2201.6 ,20646.2 ,4424.6 ,21135.5 ,43880.4 ,480.1 ,1419.7 ,1464.4 ,949.2 ,2270.5 ,7171.8 ,768.3 
2006-05-31,361.9 ,983.3 ,33100.3 ,467.9 ,119.6 ,1354.7 ,11744.5 ,11168.3 ,1316.7 ,5723.8 ,896.0 ,4972.3 ,15857.9 ,1579.9 ,2888.1 ,2338.1 ,4696427.0 ,1653.7 ,2156.5 ,18677.9 ,3940.2 ,20565.5 ,38132.2 ,445.5 ,1317.7 ,1330.0 ,927.8 ,2296.1 ,6847.0 ,709.4 
2006-06-30,363.1 ,986.8 ,33046.7 ,471.9 ,120.3 ,1353.7 ,11612.9 ,11150.2 ,1327.6 ,5833.4 ,904.4 ,5034.0 ,16267.6 ,1587.0 ,2853.9 ,2398.4 ,4733433.0 ,1711.1 ,2126.0 ,19147.2 ,3907.9 ,21237.9 ,35453.3 ,442.7 ,1295.2 ,1310.3 ,914.7 ,2178.8 ,6704.4 ,678.1 
2006-07-31,364.9 ,991.5 ,33289.4 ,478.2 ,119.7 ,1358.4 ,11831.0 ,11185.7 ,1343.9 ,5928.3 ,899.2 ,4957.1 ,16971.3 ,1572.0 ,2849.4 ,2401.8 ,4822083.0 ,1701.6 ,2131.6 ,20095.9 ,4041.8 ,20885.6 ,36067.9 ,442.4 ,1297.8 ,1351.6 ,935.9 ,2390.8 ,6454.6 ,691.5 
2006-08-31,373.5 ,1014.8 ,34146.7 ,487.9 ,124.1 ,1387.6 ,12073.8 ,11381.2 ,1371.4 ,5906.1 ,932.3 ,5079.8 ,17392.3 ,1634.5 ,2777.0 ,2452.5 ,4821870.0 ,1662.8 ,2206.4 ,21049.4 ,4126.8 ,21953.8 ,37285.9 ,457.6 ,1352.7 ,1431.3 ,958.1 ,2312.2 ,6611.8 ,690.9 
2006-09-29,379.7 ,1031.9 ,34573.5 ,497.4 ,124.2 ,1416.3 ,11761.3 ,11679.1 ,1402.2 ,5960.8 ,924.5 ,5113.0 ,17543.1 ,1610.7 ,2816.8 ,2523.0 ,4906718.0 ,1637.3 ,2280.5 ,21937.1 ,3945.3 ,22374.6 ,36924.9 ,472.6 ,1371.4 ,1534.6 ,967.6 ,2556.7 ,6883.1 ,686.1 
2006-10-31,391.3 ,1063.1 ,35755.4 ,512.2 ,126.4 ,1464.9 ,12344.6 ,12080.7 ,1443.4 ,6129.2 ,940.3 ,5352.9 ,18324.4 ,1617.4 ,2961.5 ,2646.4 ,5192064.0 ,1781.7 ,2380.3 ,23047.0 ,4090.1 ,23338.2 ,40582.3 ,483.2 ,1364.6 ,1582.6 ,988.3 ,2708.5 ,7021.3 ,722.5 
2006-11-30,396.6 ,1073.1 ,38052.4 ,511.9 ,128.7 ,1493.2 ,12752.4 ,12221.9 ,1438.3 ,6048.9 ,942.9 ,5461.6 ,18960.5 ,1603.0 ,3008.0 ,2769.4 ,5545637.0 ,1967.0 ,2559.7 ,24962.0 ,4350.5 ,23950.0 ,38168.5 ,515.6 ,1432.2 ,1719.0 ,1080.7 ,2788.5 ,7567.7 ,739.1 
2006-12-29,407.2 ,1100.6 ,39521.0 ,531.4 ,134.8 ,1509.1 ,12908.4 ,12463.2 ,1493.5 ,6220.8 ,991.6 ,5644.3 ,19964.7 ,1681.1 ,3150.3 ,2918.6 ,5846947.0 ,2090.5 ,2693.2 ,26448.3 ,4459.2 ,24915.2 ,39117.5 ,533.6 ,1434.5 ,1805.5 ,1096.2 ,2982.5 ,7823.7 ,679.8 
2007-01-31,413.5 ,1119.7 ,39340.8 ,539.0 ,136.6 ,1534.2 ,13034.1 ,12621.7 ,1517.0 ,6203.1 ,1014.7 ,5757.7 ,20106.4 ,1722.0 ,3225.0 ,3044.2 ,5973978.0 ,2070.6 ,2895.3 ,27561.5 ,4413.5 ,25447.7 ,41182.6 ,524.2 ,1360.2 ,1757.3 ,1189.4 ,3239.3 ,7699.6 ,654.0 
2007-02-28,408.3 ,1105.0 ,39047.3 ,530.5 ,138.1 ,1504.7 ,13045.0 ,12268.6 ,1493.5 ,6171.5 ,1029.0 ,5816.5 ,19651.5 ,1752.7 ,3126.2 ,3034.4 ,5806279.0 ,2067.6 ,2811.6 ,26639.0 ,4323.5 ,25796.0 ,41431.0 ,525.0 ,1417.3 ,1741.0 ,1196.5 ,3067.5 ,7902.0 ,677.1 
2007-03-30,414.1 ,1119.1 ,40225.2 ,545.8 ,137.6 ,1519.1 ,13165.5 ,12354.4 ,1535.5 ,6308.0 ,1019.4 ,5978.8 ,19800.9 ,1713.6 ,3150.2 ,3160.9 ,6075219.0 ,2102.8 ,2929.0 ,28747.7 ,4503.2 ,27267.2 ,43661.1 ,533.8 ,1452.6 ,1830.9 ,1246.9 ,3203.6 ,7884.4 ,673.7 
2007-04-30,427.7 ,1156.0 ,41511.8 ,564.5 ,139.1 ,1579.9 ,13416.7 ,13062.9 ,1591.0 ,6449.2 ,1021.6 ,6158.3 ,20319.0 ,1701.0 ,3214.2 ,3285.7 ,6322791.0 ,2154.6 ,3161.2 ,28996.7 ,4527.8 ,28170.6 ,44984.5 ,554.0 ,1542.2 ,1999.2 ,1322.3 ,3270.7 ,7875.4 ,699.2 
2007-05-31,440.9 ,1191.1 ,43041.8 ,577.3 ,144.3 ,1633.3 ,14056.8 ,13627.6 ,1630.7 ,6621.5 ,1053.4 ,6341.8 ,20634.5 ,1755.7 ,3283.0 ,3441.3 ,6725893.0 ,2243.0 ,3279.5 ,31399.0 ,4410.9 ,28627.8 ,47081.5 ,585.1 ,1700.9 ,2084.3 ,1346.9 ,3474.7 ,8145.0 ,737.4 
2007-06-29,438.2 ,1178.0 ,44917.4 ,573.6 ,147.3 ,1605.2 ,13906.6 ,13408.6 ,1615.2 ,6607.9 ,1062.0 ,6310.6 ,21772.7 ,1774.9 ,3220.0 ,3475.9 ,6909552.0 ,2190.9 ,3470.2 ,31151.1 ,4676.2 ,28337.2 ,47093.7 ,618.3 ,1743.6 ,2139.3 ,1354.4 ,3660.9 ,8883.2 ,776.8 
2007-07-31,427.6 ,1141.2 ,46955.3 ,555.1 ,147.2 ,1557.8 ,13868.6 ,13212.0 ,1557.9 ,6360.1 ,1033.1 ,6187.5 ,23184.9 ,1706.2 ,3203.2 ,3481.0 ,6912076.0 ,2180.3 ,3340.4 ,30659.7 ,4855.7 ,28561.8 ,52824.9 ,662.3 ,1933.3 ,2348.7 ,1373.7 ,3501.2 ,9287.3 ,859.8 
2007-08-31,426.1 ,1138.4 ,46414.4 ,549.8 ,143.0 ,1575.4 ,13660.5 ,13357.7 ,1545.4 ,6303.3 ,995.7 ,6248.3 ,23984.1 ,1608.3 ,3111.5 ,3328.4 ,6904225.0 ,2062.1 ,3310.1 ,30347.9 ,4653.9 ,28660.4 ,50198.6 ,657.9 ,1873.2 ,2194.3 ,1273.9 ,3365.3 ,8982.2 ,813.2 
2007-09-28,440.5 ,1171.0 ,50221.1 ,560.1 ,150.1 ,1632.0 ,14098.9 ,13895.6 ,1571.3 ,6466.8 ,1025.4 ,6580.9 ,27142.5 ,1616.6 ,3198.8 ,3645.4 ,7437801.0 ,2188.0 ,3249.0 ,30296.2 ,4933.9 ,29959.2 ,54044.2 ,722.4 ,1946.5 ,2359.2 ,1336.3 ,3572.9 ,9412.0 ,845.5 
2007-10-31,452.7 ,1195.1 ,54649.9 ,577.3 ,156.0 ,1661.5 ,14625.0 ,13930.0 ,1615.4 ,6721.6 ,1038.2 ,6779.1 ,31352.6 ,1620.1 ,3144.8 ,3763.6 ,7949023.0 ,2351.4 ,3451.2 ,31458.7 ,5311.1 ,31335.0 ,57615.7 ,795.1 ,2064.9 ,2643.5 ,1413.7 ,3759.0 ,9711.4 ,907.3 
2007-11-30,431.7 ,1142.0 ,51253.0 ,555.0 ,146.4 ,1584.9 ,13689.1 ,13371.7 ,1551.3 ,6432.5 ,986.6 ,6593.6 ,28643.6 ,1531.9 ,3021.8 ,3496.4 ,7634549.0 ,2207.2 ,3204.5 ,29770.5 ,5201.8 ,30307.8 ,54213.8 ,726.4 ,1906.0 ,2688.3 ,1397.0 ,3578.6 ,8586.4 ,846.4 
2007-12-31,428.5 ,1131.7 ,51535.4 ,553.3 ,143.5 ,1575.7 ,13833.1 ,13264.8 ,1543.3 ,6456.9 ,958.4 ,6421.0 ,27812.7 ,1475.7 ,2998.0 ,3465.6 ,7728484.0 ,2151.7 ,3056.4 ,29536.8 ,5385.0 ,28958.0 ,55538.1 ,725.1 ,1897.1 ,2745.8 ,1445.0 ,3621.6 ,8506.3 ,858.1 
2008-01-31,390.3 ,1035.9 ,45066.9 ,488.3 ,127.2 ,1480.3 ,13155.1 ,12650.4 ,1366.3 ,5879.8 ,864.0 ,5697.0 ,23455.7 ,1346.3 ,2722.4 ,2981.8 ,7142760.0 ,2007.3 ,2788.3 ,28793.6 ,4548.9 ,27317.1 ,42697.6 ,619.2 ,1624.7 ,2627.3 ,1393.3 ,3266.0 ,7521.1 ,784.2 
2008-02-29,386.3 ,1016.4 ,47763.6 ,487.4 ,128.2 ,1438.7 ,13582.7 ,12266.4 ,1359.6 ,5884.3 ,850.2 ,5674.7 ,24331.7 ,1324.3 ,2647.6 ,3026.5 ,7502141.0 ,2162.2 ,2836.8 ,28918.5 ,4794.7 ,30673.7 ,44776.9 ,657.2 ,1711.6 ,2721.9 ,1357.4 ,3130.0 ,8412.8 ,845.8 
2008-03-31,376.1 ,991.9 ,45694.6 ,473.2 ,119.4 ,1430.0 ,13350.1 ,12262.9 ,1320.0 ,5702.1 ,787.8 ,5409.7 ,22849.2 ,1213.0 ,2534.9 ,3007.4 ,7378265.0 ,2103.7 ,2902.0 ,30913.0 ,4612.0 ,29587.5 ,39015.4 ,618.9 ,1704.0 ,2447.3 ,1247.5 ,2984.7 ,8572.6 ,817.0 
2008-04-30,398.7 ,1050.1 ,48893.5 ,499.0 ,131.0 ,1499.3 ,13937.0 ,12820.1 ,1393.9 ,6087.3 ,868.3 ,5657.0 ,25755.4 ,1358.7 ,2640.8 ,3147.8 ,7896278.0 ,2095.5 ,2989.4 ,30281.4 ,4761.0 ,30743.5 ,43468.1 ,672.9 ,1825.5 ,2304.5 ,1279.9 ,2749.8 ,8919.9 ,832.5 
2008-05-30,403.6 ,1062.5 ,49651.1 ,500.3 ,132.0 ,1526.0 ,14714.7 ,12638.3 ,1390.0 ,6053.5 ,889.4 ,5773.9 ,24533.1 ,1408.1 ,2628.2 ,3192.6 ,8385316.0 ,2205.7 ,3048.9 ,31975.5 ,5166.7 ,31841.3 ,39969.6 ,653.9 ,1852.0 ,2444.3 ,1276.1 ,2827.4 ,8619.1 ,833.7 
2008-06-30,369.0 ,973.7 ,44655.7 ,450.9 ,120.7 ,1408.0 ,14467.0 ,11350.0 ,1251.6 ,5625.9 ,827.3 ,5332.9 ,22102.0 ,1320.1 ,2308.0 ,2947.5 ,7647268.0 ,2107.9 ,2999.9 ,29395.5 ,4798.5 ,30413.4 ,35089.5 ,574.5 ,1674.9 ,2349.1 ,1186.6 ,2460.0 ,7523.5 ,768.6 
2008-07-31,360.5 ,955.2 ,42206.8 ,440.2 ,118.0 ,1383.5 ,13592.9 ,11378.0 ,1226.6 ,5411.9 ,808.9 ,5052.6 ,22731.1 ,1303.6 ,2409.7 ,2929.7 ,6849397.0 ,1919.8 ,3014.8 ,27501.0 ,4427.8 ,27719.7 ,42200.8 ,561.2 ,1594.7 ,2304.5 ,1163.1 ,2577.1 ,7024.1 ,676.3 
2008-08-29,361.4 ,964.3 ,40065.5 ,446.7 ,114.6 ,1399.4 ,13771.3 ,11543.6 ,1253.5 ,5636.6 ,790.1 ,5215.5 ,21261.9 ,1254.7 ,2421.7 ,2740.0 ,6489620.0 ,1777.1 ,2895.2 ,26291.0 ,4033.7 ,27702.1 ,39844.5 ,537.2 ,1474.2 ,2165.9 ,1100.5 ,2688.1 ,7046.1 ,684.4 
2008-09-30,321.1 ,858.6 ,35016.9 ,392.2 ,99.2 ,1262.8 ,11752.9 ,10850.7 ,1104.4 ,4902.5 ,684.2 ,4631.3 ,18016.2 ,1087.4 ,2194.6 ,2358.9 ,5937061.0 ,1598.2 ,2753.3 ,24888.9 ,3356.1 ,23836.0 ,36051.3 ,465.0 ,1448.1 ,1832.5 ,1018.7 ,2569.7 ,5719.3 ,596.5 
2008-10-31,266.4 ,717.3 ,27153.8 ,335.9 ,79.4 ,1045.9 ,9762.8 ,9325.0 ,954.5 ,4377.3 ,552.2 ,3982.7 ,13968.7 ,867.1 ,1999.6 ,1794.2 ,4533580.0 ,1010.8 ,2489.6 ,20445.3 ,2441.8 ,20991.7 ,27832.9 ,365.1 ,1113.1 ,1256.7 ,863.6 ,1951.1 ,4870.7 ,416.5 
2008-11-28,250.1 ,671.9 ,26039.2 ,317.6 ,76.0 ,968.7 ,9270.6 ,8829.0 ,905.9 ,4288.0 ,527.0 ,3672.7 ,13888.2 ,834.8 ,1916.2 ,1732.6 ,4467134.0 ,994.0 ,2406.3 ,20534.7 ,2169.7 ,21209.5 ,25715.0 ,351.9 ,1076.1 ,1241.5 ,866.1 ,1971.6 ,4460.5 ,401.8 
2008-12-31,253.1 ,677.8 ,27186.6 ,319.4 ,78.4 ,975.2 ,8987.7 ,8776.4 ,911.6 ,4434.2 ,538.5 ,3659.3 ,14387.5 ,859.2 ,1904.8 ,1761.6 ,4669007.0 ,1079.7 ,2376.4 ,22380.3 ,2136.4 ,21509.2 ,26864.1 ,373.1 ,1124.5 ,1355.4 ,876.8 ,1872.9 ,4591.2 ,450.0 
2009-01-30,235.9 ,629.2 ,26338.1 ,299.3 ,73.9 ,898.1 ,8694.9 ,8000.9 ,854.8 ,4149.6 ,503.7 ,3478.1 ,13278.2 ,794.0 ,1945.1 ,1746.5 ,4683596.0 ,1077.1 ,2549.5 ,19565.1 ,2031.8 ,20570.1 ,25934.4 ,359.5 ,1162.1 ,1332.7 ,884.5 ,1825.1 ,4248.0 ,437.7 
2009-02-27,215.6 ,571.2 ,25569.8 ,271.4 ,70.7 ,805.7 ,8123.0 ,7062.9 ,774.2 ,3830.1 ,479.0 ,3296.9 ,12811.6 ,756.7 ,1767.9 ,1594.9 ,4545233.0 ,1019.3 ,2468.6 ,17752.2 ,1997.5 ,18465.3 ,24026.6 ,350.4 ,1063.0 ,1285.5 ,890.7 ,1872.2 ,4557.2 ,431.5 
2009-03-31,229.6 ,605.8 ,28190.5 ,281.5 ,74.8 ,872.8 ,8720.4 ,7608.9 ,800.5 ,3926.1 ,495.1 ,3532.3 ,13576.0 ,773.7 ,1780.1 ,1700.0 ,4848538.0 ,1126.0 ,2478.9 ,19626.8 ,2188.1 ,20363.9 ,25764.8 ,392.6 ,1206.3 ,1434.1 ,872.6 ,1986.2 ,5210.8 ,431.5 
2009-04-30,253.1 ,666.5 ,31528.1 ,316.0 ,82.5 ,953.6 ,9324.8 ,8168.1 ,896.4 ,4243.7 ,539.8 ,3744.7 ,15521.0 ,837.8 ,1880.7 ,1920.3 ,5388382.0 ,1275.3 ,2670.8 ,21898.9 ,2513.7 ,20647.0 ,31651.8 ,444.6 ,1369.4 ,1722.8 ,990.7 ,2103.5 ,5992.6 ,491.7 
2009-05-29,268.2 ,701.2 ,35330.4 ,328.6 ,89.6 ,1008.5 ,10370.1 ,8500.3 ,927.4 ,4417.9 ,576.3 ,3813.3 ,18171.0 ,897.9 ,1887.6 ,2329.1 ,5991015.0 ,1587.2 ,3100.4 ,24331.7 ,2844.9 ,22770.6 ,35003.0 ,500.3 ,1395.9 ,1916.8 ,1044.1 ,2389.3 ,6890.4 ,560.4 
2009-06-30,267.1 ,699.5 ,34785.9 ,320.8 ,91.1 ,1008.9 ,10374.9 ,8447.0 ,907.9 ,4249.2 ,590.7 ,3947.8 ,18378.7 ,929.8 ,1901.7 ,2333.1 ,5815898.0 ,1588.0 ,3090.5 ,24368.4 ,2673.1 ,22049.4 ,36949.2 ,501.1 ,1390.1 ,2026.8 ,1075.2 ,2438.0 ,6432.2 ,597.5 
2009-07-31,287.4 ,750.8 ,38080.7 ,350.3 ,97.4 ,1080.5 ,10787.2 ,9171.6 ,990.6 ,4608.4 ,619.6 ,4249.5 ,20573.3 ,950.3 ,2049.7 ,2659.2 ,6141369.0 ,1719.9 ,3226.2 ,27043.5 ,2951.3 ,24258.5 ,42641.3 ,557.7 ,1557.3 ,2323.2 ,1174.9 ,2798.3 ,7077.7 ,624.0 
2009-08-31,296.2 ,777.1 ,38029.1 ,369.7 ,97.6 ,1112.3 ,10868.2 ,9496.3 ,1046.0 ,4908.9 ,628.4 ,4484.1 ,19724.2 ,965.7 ,2098.5 ,2592.9 ,6265089.0 ,1781.9 ,3175.2 ,28130.0 ,3035.0 ,24929.4 ,46551.2 ,545.1 ,1591.9 ,2341.5 ,1174.3 ,2884.2 ,6826.0 ,653.3 
2009-09-30,305.9 ,799.6 ,40353.5 ,384.3 ,98.4 ,1154.5 ,11395.0 ,9712.3 ,1086.4 ,5133.9 ,617.3 ,4739.3 ,20955.3 ,909.8 ,2119.2 ,2672.6 ,6791144.0 ,2075.1 ,3372.9 ,29232.2 ,3181.3 ,24910.9 ,47910.3 ,580.3 ,1673.1 ,2467.6 ,1202.1 ,2800.8 ,7509.2 ,717.1 
2009-10-30,299.5 ,781.2 ,40155.0 ,374.5 ,97.2 ,1127.7 ,10910.8 ,9712.7 ,1056.4 ,5044.6 ,608.7 ,4646.9 ,21752.9 ,894.7 ,2149.6 ,2651.1 ,6746822.0 ,2115.8 ,3314.5 ,28646.0 ,3228.3 ,26360.6 ,47184.7 ,573.8 ,1580.7 ,2367.7 ,1243.2 ,2908.5 ,7340.1 ,685.2 
2009-11-30,308.3 ,803.7 ,41455.1 ,380.3 ,95.7 ,1191.1 ,11447.2 ,10344.8 ,1073.0 ,5190.7 ,588.4 ,4715.5 ,21821.5 ,839.9 ,2078.3 ,2732.1 ,7258665.0 ,2147.3 ,3255.3 ,30957.1 ,3314.4 ,26894.7 ,45350.2 ,586.7 ,1555.6 ,2415.8 ,1259.1 ,3045.0 ,7582.2 ,689.1 
2009-12-31,319.5 ,832.5 ,43130.3 ,399.0 ,101.5 ,1214.3 ,11746.1 ,10428.1 ,1124.8 ,5412.9 ,628.5 ,4882.7 ,21872.5 ,907.6 ,2140.4 ,2897.6 ,7393208.0 ,2320.7 ,3581.4 ,32120.5 ,3527.0 ,27666.5 ,52825.0 ,612.9 ,1682.8 ,2534.4 ,1272.8 ,3052.7 ,8188.1 ,734.5 
2010-01-29,307.4 ,801.9 ,41204.4 ,384.8 ,97.5 ,1167.7 ,11094.3 ,10067.3 ,1081.5 ,5188.5 ,611.3 ,4596.9 ,20122.0 ,901.1 ,2096.1 ,2745.4 ,7080004.0 ,2298.6 ,3809.0 ,30391.6 ,3577.7 ,26676.0 ,54650.6 ,574.8 ,1602.4 ,2610.8 ,1259.2 ,2953.2 ,7640.4 ,696.6 
2010-02-26,312.1 ,816.1 ,41093.3 ,385.2 ,97.5 ,1203.0 ,11629.6 ,10325.3 ,1086.6 ,5354.5 ,612.3 ,4651.1 ,20608.7 ,894.1 ,2089.7 ,2750.9 ,7174843.0 ,2221.4 ,3827.4 ,31634.5 ,3423.2 ,26764.6 ,49705.5 ,574.2 ,1594.6 ,2549.0 ,1270.8 ,3043.8 ,7436.1 ,721.4 
2010-03-31,331.5 ,867.2 ,43602.5 ,411.1 ,104.6 ,1270.7 ,12037.7 ,10856.6 ,1158.0 ,5679.6 ,660.3 ,4893.1 ,21239.4 ,978.8 ,2136.1 ,2887.5 ,7539164.0 ,2373.7 ,3763.1 ,33266.4 ,3718.1 ,28747.6 ,56538.4 ,608.9 ,1692.9 ,2777.3 ,1320.6 ,3161.8 ,7920.1 ,788.0 
2010-04-30,331.7 ,867.8 ,43537.9 ,402.5 ,104.8 ,1289.3 ,12210.7 ,11008.6 ,1132.2 ,5553.3 ,658.3 ,4833.9 ,21108.6 ,987.0 ,2142.0 ,2974.6 ,7310827.0 ,2396.3 ,3865.5 ,32687.3 ,3668.8 ,28635.8 ,58959.1 ,615.8 ,1741.6 ,2971.3 ,1346.4 ,3290.1 ,8004.3 ,763.5 
2010-05-28,306.4 ,799.1 ,41094.2 ,375.4 ,95.8 ,1188.1 ,11763.0 ,10136.6 ,1056.7 ,5188.4 ,592.9 ,4453.6 ,19765.2 ,880.5 ,1985.6 ,2752.6 ,6962417.0 ,2203.6 ,3886.9 ,32038.5 ,3434.0 ,27145.4 ,54384.9 ,579.0 ,1641.3 ,2797.0 ,1285.0 ,3272.7 ,7374.0 ,750.4 
2010-06-30,294.7 ,764.8 ,40810.4 ,365.2 ,94.1 ,1124.6 ,11294.4 ,9774.0 ,1028.4 ,4916.9 ,571.9 ,4324.8 ,20129.0 ,841.4 ,1919.7 ,2835.5 ,6698970.0 ,2185.0 ,4065.3 ,31157.0 ,3318.5 ,26258.8 ,54839.5 ,587.9 ,1698.3 ,2913.7 ,1314.0 ,3372.7 ,7329.4 ,797.3 
2010-07-30,311.4 ,808.0 ,43195.2 ,386.8 ,97.0 ,1198.3 ,11713.4 ,10465.9 ,1087.6 ,5258.0 ,586.9 ,4507.4 ,21029.8 ,849.5 ,1959.6 ,2987.7 ,7308575.0 ,2394.2 ,4364.2 ,32308.7 ,3597.8 ,28355.2 ,59866.8 ,611.5 ,1759.3 ,3069.3 ,1360.9 ,3427.0 ,7760.6 ,855.8 
2010-08-31,301.1 ,779.3 ,42492.3 ,377.7 ,94.1 ,1149.2 ,11913.9 ,10014.7 ,1061.8 ,5225.2 ,563.4 ,4438.8 ,20536.5 ,804.7 ,1959.5 ,2950.3 ,7144783.0 ,2336.9 ,4525.0 ,31679.9 ,3527.6 ,27253.9 ,59972.6 ,603.8 ,1742.8 ,3081.9 ,1422.5 ,3566.2 ,7616.3 ,913.2 
2010-09-30,321.8 ,831.8 ,45676.5 ,397.6 ,99.4 ,1245.6 ,12368.7 ,10788.1 ,1117.2 ,5548.6 ,587.2 ,4636.9 ,22358.2 ,829.5 ,2021.8 ,3097.6 ,7607078.0 ,2643.4 ,4795.4 ,33330.3 ,3744.7 ,29456.0 ,65774.3 ,653.2 ,1872.8 ,3501.3 ,1463.5 ,4100.1 ,8237.8 ,975.3 
2010-10-29,330.4 ,854.9 ,46690.2 ,409.5 ,99.8 ,1291.1 ,12676.2 ,11118.5 ,1149.8 ,5675.2 ,585.0 ,4733.4 ,23096.3 ,810.9 ,2096.4 ,3142.6 ,7835650.0 ,3007.4 ,4912.5 ,35568.2 ,3912.1 ,30430.9 ,68760.4 ,664.1 ,1883.0 ,3635.3 ,1505.7 ,4268.7 ,8287.1 ,984.5 
2010-11-30,328.4 ,850.4 ,46160.8 ,395.4 ,101.6 ,1292.0 ,12952.9 ,11006.0 ,1108.7 ,5528.3 ,604.6 ,4676.4 ,23008.0 ,860.9 ,2058.2 ,3144.7 ,7654950.0 ,3261.5 ,4957.0 ,36817.3 ,3879.0 ,30266.4 ,65350.9 ,659.7 ,1904.6 ,3531.2 ,1485.2 ,3953.7 ,8372.5 ,1005.1 
2010-12-31,346.1 ,897.7 ,48170.9 ,416.9 ,105.5 ,1372.9 ,13443.2 ,11577.5 ,1168.6 ,5899.9 ,625.7 ,4846.9 ,23035.5 ,898.8 ,2081.8 ,3190.0 ,7877765.0 ,3523.6 ,4927.5 ,38550.8 ,4111.2 ,32118.9 ,66004.4 ,688.1 ,2051.0 ,3703.5 ,1518.9 ,4201.1 ,8972.5 ,1032.8 
2011-01-31,350.6 ,914.4 ,47104.9 ,424.2 ,105.6 ,1402.6 ,13552.0 ,11891.9 ,1190.0 ,5862.9 ,631.8 ,4849.9 ,23447.3 ,910.1 ,2099.9 ,3179.7 ,7549515.0 ,3593.1 ,4673.1 ,36982.2 ,4128.8 ,31398.8 ,63278.1 ,678.4 ,2069.7 ,3409.2 ,1519.9 ,3881.5 ,9145.4 ,964.1 
2011-02-28,358.3 ,939.6 ,46409.5 ,432.5 ,106.0 ,1448.3 ,14136.5 ,12226.3 ,1213.1 ,5994.0 ,648.7 ,4923.6 ,23338.0 ,951.3 ,2115.8 ,3010.5 ,7635082.0 ,3455.7 ,4444.6 ,37019.7 ,4214.5 ,32272.1 ,61283.9 ,653.4 ,1939.3 ,3470.3 ,1491.3 ,3766.7 ,8599.7 ,987.9 
2011-03-31,355.5 ,925.3 ,48317.8 ,424.5 ,104.3 ,1447.3 ,14116.1 ,12319.7 ,1187.1 ,5908.8 ,613.5 ,4928.6 ,23527.5 ,869.4 ,2133.5 ,3105.9 ,7755396.0 ,3388.0 ,4624.5 ,37440.5 ,4367.9 ,32204.1 ,64434.5 ,690.5 ,2106.7 ,3678.7 ,1545.1 ,4055.1 ,8683.3 ,1047.5 
2011-04-29,362.0 ,944.2 ,48579.2 ,435.7 ,104.6 ,1483.4 ,13944.8 ,12810.5 ,1220.3 ,6069.9 ,608.6 ,4899.0 ,23720.8 ,851.9 ,2180.7 ,3179.9 ,7500812.0 ,3406.0 ,4822.5 ,36962.6 ,4363.0 ,32836.2 ,69250.1 ,705.1 ,2192.4 ,3819.6 ,1535.0 ,4319.5 ,9007.9 ,1093.6 
2011-05-31,355.9 ,928.6 ,47622.9 ,425.0 ,103.0 ,1464.3 ,13802.9 ,12569.8 ,1192.3 ,5990.0 ,597.7 ,4788.9 ,23684.1 ,838.5 ,2188.9 ,3159.9 ,7312445.0 ,3250.9 ,4847.9 ,35832.8 ,4136.9 ,32565.7 ,63046.0 ,696.5 ,2142.5 ,3837.0 ,1558.3 ,4244.6 ,8988.8 ,1073.8 
2011-06-30,349.5 ,912.5 ,46567.5 ,417.6 ,101.6 ,1434.9 ,13300.9 ,12414.3 ,1170.6 ,5945.7 ,595.1 ,4659.8 ,22398.1 ,849.2 ,2121.0 ,3120.4 ,7224385.0 ,3360.6 ,4795.3 ,36558.1 ,4111.2 ,31864.5 ,63269.4 ,676.9 ,2100.7 ,3888.6 ,1579.1 ,4291.2 ,8652.6 ,1041.5 
2011-07-29,340.4 ,887.0 ,45984.0 ,399.5 ,100.5 ,1403.5 ,12945.6 ,12143.2 ,1117.1 ,5815.2 ,585.8 ,4500.5 ,22440.3 ,841.4 ,2088.1 ,3189.3 ,6940303.0 ,3321.9 ,4426.0 ,35999.3 ,4108.1 ,31208.0 ,62295.7 ,674.9 ,2133.2 ,4130.8 ,1548.8 ,4503.6 ,8644.2 ,1133.5 
2011-08-31,316.4 ,825.1 ,42494.6 ,360.2 ,92.1 ,1328.5 ,12768.7 ,11613.5 ,1007.7 ,5394.5 ,542.1 ,4369.9 ,20534.9 ,770.6 ,2033.0 ,2885.3 ,6696666.0 ,2964.8 ,4278.8 ,35721.1 ,3670.1 ,31005.5 ,53946.1 ,608.9 ,1880.1 ,3841.7 ,1447.3 ,4348.5 ,7741.4 ,1070.1 
2011-09-30,296.0 ,773.3 ,39248.1 ,342.0 ,86.6 ,1229.2 ,11623.8 ,10913.4 ,959.8 ,5128.5 ,518.1 ,4070.1 ,17592.4 ,761.2 ,2015.5 ,2675.2 ,6337168.0 ,2463.6 ,3888.6 ,33503.3 ,3293.1 ,29674.2 ,59693.4 ,556.7 ,1769.7 ,3549.0 ,1387.1 ,3999.7 ,7225.4 ,916.2 
2011-10-31,321.2 ,838.7 ,42739.3 ,368.5 ,91.4 ,1355.8 ,12252.1 ,11955.0 ,1033.7 ,5544.2 ,535.6 ,4360.5 ,19864.9 ,764.1 ,2005.5 ,2855.8 ,6875103.0 ,2905.5 ,4327.3 ,36160.0 ,3579.4 ,32348.5 ,56061.5 ,609.6 ,1909.0 ,3790.8 ,1491.9 ,4333.7 ,7587.7 ,974.8 
2011-11-30,315.3 ,825.9 ,41053.7 ,362.9 ,86.4 ,1348.3 ,12204.1 ,12045.7 ,1017.2 ,5505.4 ,508.8 ,4184.7 ,17989.4 ,728.5 ,1956.2 ,2702.5 ,6796115.0 ,2562.9 ,4151.3 ,36829.2 ,3570.6 ,32812.6 ,54517.8 ,570.7 ,1847.5 ,3715.1 ,1472.1 ,4211.0 ,6904.1 ,995.3 
2011-12-30,316.6 ,829.8 ,41012.8 ,364.9 ,86.5 ,1354.8 ,11955.1 ,12217.6 ,1026.5 ,5572.3 ,506.7 ,4111.0 ,18434.4 ,728.6 ,1957.5 ,2646.4 ,6862294.0 ,2462.6 ,4177.5 ,37077.5 ,3347.3 ,31985.7 ,51266.6 ,576.3 ,1825.7 ,3822.0 ,1530.7 ,4372.0 ,7072.1 ,1025.3 
2012-01-31,331.2 ,865.0 ,44014.2 ,378.0 ,91.6 ,1416.5 ,12452.2 ,12632.9 ,1060.5 ,5681.6 ,530.7 ,4325.7 ,20390.5 ,755.3 ,1970.1 ,2906.7 ,7247896.0 ,2787.2 ,4260.8 ,37422.7 ,3653.6 ,33792.5 ,57171.3 ,622.8 ,1955.8 ,3941.7 ,1521.3 ,4682.4 ,7517.1 ,1084.0 
2012-02-29,346.1 ,903.9 ,45965.7 ,393.4 ,97.9 ,1472.0 ,12644.0 ,12952.1 ,1103.1 ,5871.5 ,572.6 ,4388.1 ,21680.1 ,836.0 ,1982.3 ,2994.1 ,7472068.0 ,2648.2 ,4535.6 ,37816.7 ,3836.0 ,34296.0 ,60721.2 ,654.7 ,2030.3 ,3985.2 ,1569.7 ,4897.7 ,8121.4 ,1160.9 
2012-03-30,349.9 ,917.5 ,45229.1 ,390.5 ,97.8 ,1510.2 ,12392.2 ,13212.0 ,1096.8 ,5768.5 ,579.1 ,4420.0 ,20555.6 ,854.4 ,2063.5 ,3010.5 ,7525449.0 ,2684.0 ,4671.3 ,39521.2 ,3704.8 ,33554.2 ,62423.0 ,640.7 ,2014.0 ,4121.6 ,1596.3 ,5107.7 ,7933.0 ,1196.8 
2012-04-30,344.1 ,901.2 ,44840.5 ,378.3 ,95.6 ,1499.2 ,12292.7 ,13213.6 ,1062.7 ,5737.8 ,559.0 ,4467.2 ,21094.2 ,804.3 ,2089.5 ,2978.6 ,7373835.0 ,2271.9 ,4585.8 ,39461.0 ,3577.8 ,34399.0 ,60010.4 ,639.3 ,1982.0 ,4180.7 ,1570.6 ,5202.7 ,7501.7 ,1228.5 
2012-05-31,319.5 ,837.0 ,41616.3 ,349.9 ,87.2 ,1403.0 ,11513.2 ,12393.5 ,984.7 ,5320.9 ,505.5 ,4133.7 ,18629.5 ,719.5 ,2042.5 ,2772.5 ,6842038.0 ,2256.7 ,4316.2 ,37873.0 ,3200.5 ,33142.6 ,55099.3 ,592.3 ,1843.5 ,3832.8 ,1580.7 ,5091.2 ,7301.5 ,1141.5 
2012-06-29,331.7 ,871.4 ,42330.8 ,367.9 ,90.3 ,1452.8 ,11596.6 ,12880.1 ,1034.1 ,5571.2 ,530.7 ,4135.5 ,19441.5 ,770.1 ,1984.9 ,2878.5 ,6957246.0 ,2346.7 ,4400.1 ,40199.6 ,3447.9 ,33708.3 ,62543.5 ,598.6 ,1854.0 ,3955.6 ,1599.2 ,5246.4 ,7296.3 ,1172.1 
2012-07-31,336.0 ,882.5 ,42931.0 ,377.7 ,90.1 ,1469.6 ,11664.7 ,13008.7 ,1062.5 ,5635.3 ,525.5 ,4289.4 ,19796.8 ,736.3 ,2069.1 ,3036.4 ,7072217.0 ,2400.3 ,4227.6 ,40704.3 ,3486.7 ,34596.9 ,64259.5 ,605.3 ,1882.0 ,4142.3 ,1631.6 ,5307.7 ,7270.5 ,1199.3 
2012-08-31,341.0 ,898.0 ,42761.4 ,385.5 ,89.8 ,1500.6 ,11949.3 ,13090.8 ,1084.1 ,5711.5 ,525.1 ,4339.0 ,19482.6 ,731.6 ,2136.3 ,3025.5 ,6977435.0 ,2408.4 ,4155.7 ,39421.7 ,3577.3 ,35389.5 ,67367.9 ,600.3 ,1905.1 ,4060.3 ,1646.1 ,5196.2 ,7397.1 ,1227.5 
2012-09-28,348.5 ,915.3 ,44507.6 ,389.6 ,92.4 ,1537.3 ,12317.5 ,13437.1 ,1095.1 ,5742.1 ,533.1 ,4406.3 ,20840.4 ,737.4 ,2199.9 ,3060.3 ,7179246.0 ,2451.7 ,4230.4 ,40867.0 ,3645.9 ,35758.0 ,66396.7 ,631.8 ,1996.2 ,4262.6 ,1636.7 ,5346.1 ,7715.2 ,1298.8 
2012-10-31,346.6 ,910.3 ,44335.1 ,393.4 ,92.8 ,1511.5 ,12422.9 ,13096.5 ,1106.4 ,5782.7 ,539.8 ,4535.4 ,21641.8 ,742.3 ,2266.6 ,3038.4 ,7175984.0 ,2323.4 ,4266.4 ,41620.0 ,3631.4 ,37156.3 ,72528.9 ,626.7 ,1912.1 ,4350.3 ,1673.1 ,5424.5 ,7166.1 ,1298.9 
2012-11-30,351.1 ,921.8 ,45005.0 ,402.0 ,95.7 ,1514.8 ,12239.4 ,13025.6 ,1132.5 ,5866.8 ,558.9 ,4518.0 ,22030.4 ,781.5 ,2306.4 ,3070.0 ,7171905.0 ,2419.3 ,4140.0 ,41833.5 ,3604.2 ,38104.6 ,73058.5 ,642.8 ,1932.9 ,4276.1 ,1610.8 ,5640.5 ,7580.2 ,1324.0 
2012-12-31,358.3 ,938.2 ,46731.3 ,408.1 ,101.1 ,1526.7 ,12433.5 ,13104.1 ,1147.2 ,5897.8 ,598.2 ,4664.6 ,22656.9 ,859.8 ,2310.6 ,3167.1 ,7473210.0 ,2854.3 ,4301.4 ,43705.8 ,3798.6 ,39250.2 ,78208.4 ,663.9 ,1997.1 ,4316.7 ,1689.0 ,5812.7 ,7699.5 ,1391.9 
2013-01-31,375.4 ,987.8 ,47344.1 ,427.9 ,106.3 ,1601.3 ,12685.2 ,13860.6 ,1204.6 ,6276.9 ,643.1 ,4901.0 ,23729.5 ,940.3 ,2415.7 ,3282.7 ,7571941.0 ,3462.4 ,4552.4 ,45278.1 ,3891.6 ,40482.9 ,78783.4 ,673.1 ,1961.9 ,4453.7 ,1627.6 ,6242.7 ,7850.0 ,1474.2 
2013-02-28,379.1 ,1000.5 ,46839.7 ,430.0 ,108.5 ,1618.4 ,12821.8 ,14054.5 ,1212.4 ,6360.8 ,665.5 ,5120.4 ,23020.3 ,975.7 ,2452.7 ,3270.0 ,7349861.0 ,3048.6 ,4558.5 ,44121.0 ,3789.4 ,39709.6 ,79333.6 ,672.7 ,2026.5 ,4795.8 ,1637.6 ,6721.5 ,7898.0 ,1541.6 
2013-03-28,386.6 ,1024.7 ,46357.0 ,432.2 ,109.6 ,1670.8 ,12749.9 ,14578.5 ,1219.1 ,6411.7 ,683.2 ,4979.9 ,22299.6 ,1034.7 ,2473.8 ,3308.1 ,7356735.0 ,3380.8 ,4432.1 ,44077.1 ,3778.0 ,39860.8 ,85898.9 ,661.8 ,2004.9 ,4941.0 ,1671.6 ,6847.5 ,7918.6 ,1561.1 
2013-04-30,395.0 ,1050.7 ,46171.8 ,436.8 ,116.3 ,1696.1 ,12456.5 ,14839.8 ,1234.2 ,6430.1 ,745.7 ,5168.6 ,22737.0 ,1165.1 ,2579.7 ,3368.2 ,7215893.0 ,3845.9 ,4292.1 ,42263.5 ,3699.2 ,38735.0 ,86046.0 ,666.5 ,1964.0 ,5034.1 ,1717.7 ,7071.0 ,8093.7 ,1597.9 
2013-05-31,399.0 ,1062.4 ,46360.1 ,444.5 ,114.1 ,1727.7 ,12650.4 ,15115.6 ,1257.2 ,6583.1 ,721.8 ,4914.0 ,22392.2 ,1135.8 ,2514.6 ,3311.4 ,7103943.0 ,3489.4 ,4191.3 ,41588.3 ,3694.8 ,42016.5 ,85990.0 ,670.2 ,2001.1 ,5068.6 ,1769.2 ,7021.9 ,8254.8 ,1562.1 
2013-06-28,387.4 ,1035.1 ,43797.7 ,421.3 ,111.1 ,1698.8 ,12129.1 ,14909.6 ,1191.4 ,6215.5 ,713.2 ,4775.4 ,20803.3 ,1133.8 ,2468.5 ,3150.4 ,6627911.3 ,2976.3 ,4029.7 ,40623.3 ,3500.3 ,39578.1 ,76294.5 ,634.1 ,1863.3 ,4818.9 ,1773.5 ,6465.3 ,8062.2 ,1451.9 
2013-07-31,404.0 ,1083.3 ,44314.3 ,445.0 ,112.5 ,1783.0 ,12486.6 ,15499.5 ,1260.5 ,6621.1 ,723.1 ,5035.7 ,21883.7 ,1131.7 ,2522.2 ,3221.9 ,6652330.3 ,3357.9 ,3732.5 ,40837.9 ,3569.0 ,41292.8 ,73377.4 ,641.5 ,1914.0 ,4610.4 ,1772.6 ,6639.1 ,8107.9 ,1423.1 
2013-08-30,395.7 ,1058.8 ,44187.9 ,437.4 ,111.1 ,1735.4 ,12653.9 ,14810.3 ,1238.9 ,6412.9 ,711.3 ,5125.3 ,21731.4 ,1106.1 ,2523.4 ,3028.9 ,6649659.4 ,3935.9 ,3628.7 ,39484.5 ,3523.5 ,42228.3 ,66394.4 ,638.7 ,1926.4 ,4195.1 ,1727.6 ,6075.2 ,8021.9 ,1294.3 
2013-09-30,409.9 ,1096.4 ,45935.0 ,453.6 ,116.7 ,1787.3 ,12787.2 ,15129.7 ,1282.9 ,6462.2 ,753.2 ,5217.7 ,22859.9 ,1194.1 ,2595.8 ,3167.9 ,6902761.8 ,4783.8 ,3823.9 ,40185.2 ,3768.4 ,44031.8 ,74486.5 ,660.3 ,1997.0 ,4316.2 ,1768.6 ,6191.8 ,8173.9 ,1383.2 
2013-10-31,425.8 ,1138.9 ,47733.1 ,473.1 ,119.2 ,1864.7 ,13361.3 ,15545.8 ,1338.3 ,6731.4 ,762.8 ,5420.3 ,23206.4 ,1194.3 ,2685.4 ,3210.7 ,7196163.3 ,5165.1 ,3912.4 ,41038.7 ,3913.9 ,45517.6 ,77620.3 ,685.2 ,2030.1 ,4510.6 ,1806.9 ,6585.4 ,8450.1 ,1442.9 
2013-11-29,433.3 ,1161.5 ,47667.9 ,474.2 ,122.1 ,1910.6 ,13395.4 ,16086.4 ,1342.8 ,6650.6 ,787.6 ,5314.3 ,23881.3 ,1258.7 ,2613.2 ,3176.4 ,7098382.1 ,5718.7 ,3789.1 ,42499.1 ,3836.1 ,44975.7 ,75748.3 ,691.0 ,2044.9 ,4256.4 ,1812.7 ,6208.8 ,8406.8 ,1371.1 
2013-12-31,440.4 ,1184.5 ,47159.0 ,477.8 ,123.3 ,1957.5 ,13621.6 ,16576.7 ,1354.9 ,6749.1 ,804.6 ,5353.1 ,23306.4 ,1302.3 ,2576.8 ,3167.4 ,6938390.7 ,5391.0 ,3699.2 ,42727.1 ,3738.8 ,46256.2 ,67801.7 ,683.6 ,2011.3 ,4274.2 ,1867.0 ,5889.8 ,8611.5 ,1298.7 
2014-01-31,425.2 ,1145.3 ,45010.0 ,466.3 ,117.0 ,1894.3 ,13694.9 ,15698.9 ,1323.6 ,6510.4 ,758.7 ,5205.1 ,22035.4 ,1220.6 ,2651.0 ,3027.2 ,6451538.3 ,6018.7 ,3439.4 ,40879.8 ,3576.7 ,45132.1 ,61858.2 ,656.8 ,1941.2 ,4418.8 ,1804.0 ,6041.2 ,8462.6 ,1274.3 
2014-02-28,441.5 ,1191.4 ,45929.3 ,487.4 ,118.9 ,1977.3 ,14209.6 ,16321.7 ,1385.0 ,6809.7 ,767.4 ,5415.4 ,22837.0 ,1211.7 ,2712.9 ,3110.8 ,6412517.5 ,5784.4 ,3718.9 ,38782.9 ,3633.0 ,47328.9 ,62553.3 ,673.4 ,1980.0 ,4620.2 ,1835.7 ,6425.0 ,8639.6 ,1325.3 
2014-03-31,442.1 ,1190.8 ,46733.2 ,482.7 ,118.6 ,1988.4 ,14335.3 ,16457.7 ,1371.7 ,6598.4 ,760.5 ,5403.0 ,22151.1 ,1202.9 ,2759.5 ,3188.6 ,6779959.0 ,6373.8 ,3772.8 ,40461.6 ,3607.0 ,47770.9 ,69736.3 ,678.9 ,1985.6 ,4768.3 ,1849.2 ,6428.7 ,8849.3 ,1376.3 
2014-04-30,444.0 ,1197.1 ,46525.6 ,488.1 ,117.3 ,2000.4 ,14651.9 ,16580.8 ,1389.2 ,6780.0 ,750.8 ,5470.8 ,22134.0 ,1162.4 ,2808.9 ,3264.7 ,6880234.4 ,6782.0 ,3909.6 ,40711.6 ,3508.3 ,48870.1 ,73871.5 ,674.1 ,1961.8 ,4840.1 ,1871.5 ,6707.9 ,8791.4 ,1414.9 
2014-05-30,452.7 ,1220.0 ,47746.3 ,496.5 ,120.5 ,2039.7 ,14604.2 ,16717.2 ,1410.2 ,6844.5 ,769.7 ,5473.8 ,23081.7 ,1201.4 ,2772.9 ,3295.9 ,6820116.9 ,7712.2 ,3903.8 ,41362.5 ,3753.9 ,49632.7 ,79289.8 ,695.1 ,1995.0 ,4893.9 ,1873.4 ,6647.7 ,9075.9 ,1415.7 
2014-06-30,458.7 ,1235.1 ,48694.0 ,491.3 ,123.3 ,2082.6 ,15146.0 ,16826.6 ,1394.2 ,6743.9 ,788.2 ,5382.0 ,23190.7 ,1262.6 ,2745.3 ,3255.7 ,7030416.6 ,7887.3 ,3875.7 ,42737.2 ,3689.9 ,50945.3 ,78489.0 ,710.4 ,2002.2 ,4878.6 ,1882.7 ,6844.3 ,9393.1 ,1485.8 
2014-07-31,456.5 ,1224.5 ,49892.9 ,481.7 ,127.2 ,2056.0 ,15330.7 ,16563.3 ,1368.5 ,6730.1 ,812.5 ,5623.1 ,24756.9 ,1289.4 ,2758.7 ,3374.1 ,7263556.2 ,8188.0 ,3875.4 ,43817.7 ,3582.4 ,51396.1 ,82156.9 ,733.2 ,2076.1 ,5088.8 ,1871.4 ,6864.8 ,9315.9 ,1502.4 
2014-08-29,467.3 ,1254.4 ,50794.5 ,489.2 ,126.6 ,2130.7 ,15625.7 ,17098.5 ,1390.0 ,6819.8 ,804.2 ,5624.6 ,24742.1 ,1278.0 ,2787.1 ,3327.1 ,7770023.4 ,9817.3 ,3996.6 ,45628.1 ,3623.8 ,50959.0 ,80312.9 ,736.5 ,2068.5 ,5136.9 ,1866.1 ,7050.9 ,9436.3 ,1561.6 
2014-09-30,460.1 ,1239.8 ,48543.2 ,487.3 ,124.9 ,2090.9 ,14960.5 ,17042.9 ,1385.4 ,6622.7 ,806.8 ,5296.8 ,22933.0 ,1326.3 ,2762.8 ,3276.7 ,7158299.5 ,12549.0 ,3943.6 ,44985.7 ,3591.1 ,49336.3 ,74937.8 ,707.0 ,2020.1 ,5137.6 ,1846.3 ,7283.1 ,8966.9 ,1585.7 
2014-10-31,465.2 ,1253.0 ,49179.3 ,480.1 ,127.3 ,2132.3 ,14613.3 ,17390.5 ,1363.0 ,6546.5 ,824.3 ,5505.0 ,23998.1 ,1333.6 ,2826.3 ,3274.3 ,7132091.8 ,11019.4 ,3851.0 ,45027.5 ,3621.5 ,49722.9 ,80579.7 ,718.3 ,1964.4 ,5089.5 ,1855.2 ,7215.7 ,8974.8 ,1584.2 
2014-11-28,477.0 ,1287.1 ,49703.2 ,496.6 ,130.5 ,2181.9 ,14744.7 ,17828.2 ,1411.2 ,6722.6 ,848.6 ,5298.1 ,23987.5 ,1410.3 ,2831.5 ,3350.5 ,7093508.9 ,9808.6 ,3991.8 ,44190.5 ,3658.0 ,49911.4 ,86168.7 ,730.3 ,1980.8 ,5149.9 ,1820.9 ,7294.4 ,9187.2 ,1593.9 
2014-12-31,471.9 ,1275.8 ,48361.1 ,485.3 ,129.5 ,2171.2 ,14632.4 ,17823.1 ,1381.7 ,6566.1 ,846.0 ,5388.6 ,23605.0 ,1407.5 ,2901.5 ,3365.2 ,6679109.3 ,8579.0 ,3851.0 ,43145.7 ,3378.8 ,49770.6 ,85721.1 ,719.4 ,1915.6 ,5226.9 ,1761.3 ,7230.6 ,9307.3 ,1497.7 
2015-01-30,470.0 ,1267.9 ,49025.9 ,504.0 ,131.7 ,2111.7 ,14673.5 ,17165.0 ,1434.3 ,6749.4 ,857.8 ,5551.6 ,24507.1 ,1415.1 ,2992.4 ,3391.2 ,6350119.6 ,8490.5 ,3836.7 ,40950.6 ,3483.2 ,51266.8 ,88945.8 ,735.5 ,1949.3 ,5289.4 ,1781.3 ,7689.9 ,9361.9 ,1581.3 
2015-02-27,495.6 ,1340.4 ,50580.2 ,533.8 ,138.1 ,2227.9 ,15234.3 ,18132.7 ,1519.7 ,6946.7 ,912.3 ,5898.5 ,24823.3 ,1523.9 ,3062.1 ,3402.9 ,6809703.1 ,9601.6 ,3983.7 ,44190.2 ,3659.6 ,53344.2 ,84147.5 ,752.7 ,1985.8 ,5450.3 ,1821.2 ,7730.6 ,9622.1 ,1587.0 
2015-03-31,492.5 ,1331.3 ,50568.1 ,537.5 ,139.1 ,2191.6 ,14902.4 ,17776.1 ,1533.1 ,6773.0 ,918.5 ,5861.9 ,24900.9 ,1543.1 ,2996.8 ,3447.0 ,6715147.1 ,10837.2 ,3916.9 ,43724.8 ,3472.7 ,52182.0 ,80846.0 ,758.9 ,2041.0 ,5518.7 ,1830.8 ,7940.5 ,9586.4 ,1505.9 
2015-04-30,499.2 ,1342.8 ,53350.1 ,538.0 ,144.3 ,2211.0 ,15224.5 ,17840.5 ,1531.5 ,6960.6 ,942.4 ,5773.7 ,28133.0 ,1592.8 ,2974.4 ,3487.4 ,7118424.7 ,12050.2 ,4043.5 ,44582.4 ,3677.1 ,54440.4 ,83947.0 ,801.5 ,2127.2 ,5086.4 ,1818.3 ,7714.8 ,9820.1 ,1526.7 
2015-05-29,502.0 ,1355.8 ,51926.1 ,537.9 ,145.8 ,2231.4 ,15014.1 ,18010.7 ,1533.3 ,6984.4 ,969.2 ,5774.9 ,27424.2 ,1673.7 ,2994.6 ,3392.1 ,6851503.1 ,10800.9 ,4045.6 ,44703.6 ,3534.7 ,52270.9 ,82981.1 ,787.0 ,2114.8 ,5216.4 ,1747.5 ,7580.5 ,9701.1 ,1496.1 
2015-06-30,486.7 ,1314.2 ,50449.3 ,511.1 ,140.2 ,2184.0 ,14553.3 ,17619.5 ,1454.6 ,6521.0 ,935.2 ,5451.2 ,26250.0 ,1630.4 ,2915.6 ,3317.3 ,6875623.7 ,11656.8 ,3897.1 ,45053.7 ,3533.4 ,51807.0 ,82249.5 ,752.4 ,2074.2 ,4910.7 ,1706.6 ,7564.5 ,9323.0 ,1504.6 
2015-07-31,494.9 ,1346.1 ,48081.3 ,532.3 ,138.6 ,2222.9 ,14468.4 ,17689.9 ,1517.9 ,6696.3 ,951.0 ,5681.7 ,24636.3 ,1659.5 ,3013.4 ,3202.5 ,6704011.8 ,11101.0 ,3870.4 ,44752.9 ,3474.7 ,52053.3 ,79909.6 ,708.6 ,2030.2 ,4802.5 ,1723.1 ,7550.0 ,8665.3 ,1440.1 
2015-08-31,461.1 ,1254.0 ,44884.2 ,492.9 ,127.0 ,2085.5 ,13859.1 ,16528.0 ,1403.5 ,6247.9 ,868.5 ,5222.1 ,21670.6 ,1537.1 ,2872.7 ,2921.4 ,6318648.9 ,11032.9 ,3840.2 ,43722.0 ,3353.6 ,49972.3 ,75210.3 ,654.2 ,1941.5 ,4509.6 ,1612.7 ,7098.8 ,8174.9 ,1382.4 
2015-09-30,444.7 ,1207.3 ,44002.3 ,473.1 ,120.8 ,2025.1 ,13307.0 ,16284.7 ,1347.3 ,6061.6 ,808.4 ,5058.6 ,20846.3 ,1411.2 ,2797.1 ,2790.9 ,6098806.1 ,9814.6 ,3685.2 ,42632.5 ,3221.9 ,50088.9 ,74205.4 ,645.9 ,1962.8 ,4223.9 ,1621.0 ,6894.0 ,8181.2 ,1349.0 
2015-10-30,478.2 ,1301.2 ,46350.4 ,506.5 ,130.5 ,2182.0 ,13529.2 ,17663.5 ,1443.7 ,6361.1 ,883.1 ,5288.6 ,22640.0 ,1558.2 ,2992.9 ,2998.4 ,6273893.6 ,12461.3 ,3828.0 ,44542.8 ,3309.9 ,53793.7 ,79409.0 ,684.9 ,2029.5 ,4455.2 ,1665.7 ,7134.3 ,8554.3 ,1394.9 
2015-11-30,479.0 ,1307.3 ,45078.7 ,514.9 ,129.2 ,2183.7 ,13469.8 ,17719.9 ,1469.3 ,6356.1 ,882.7 ,5218.2 ,21996.4 ,1580.3 ,3043.0 ,2855.9 ,6101508.6 ,12972.1 ,3655.3 ,43418.6 ,3196.4 ,51607.8 ,75232.8 ,667.2 ,1992.0 ,4446.5 ,1672.2 ,6927.1 ,8320.6 ,1359.7 
2015-12-31,468.6 ,1277.7 ,44483.6 ,495.1 ,128.1 ,2141.5 ,13010.0 ,17425.0 ,1412.6 ,6242.3 ,874.4 ,5344.6 ,21914.4 ,1547.3 ,3147.2 ,2882.7 ,5927099.9 ,11675.2 ,3680.2 ,42977.5 ,3124.8 ,50693.8 ,71726.9 ,662.6 ,1961.3 ,4593.0 ,1692.5 ,6952.1 ,8338.1 ,1288.0 
2016-01-29,443.0 ,1207.7 ,42145.7 ,471.0 ,119.1 ,2029.4 ,12822.1 ,16466.3 ,1342.0 ,6083.8 ,809.2 ,5056.6 ,19683.1 ,1432.1 ,3069.8 ,2629.1 ,5808759.4 ,11306.0 ,3705.9 ,43630.8 ,3035.1 ,49141.9 ,73481.1 ,620.3 ,1912.1 ,4615.2 ,1667.8 ,6687.6 ,8080.6 ,1301.0 
2016-02-29,436.0 ,1186.5 ,42125.8 ,461.2 ,113.5 ,2020.0 ,12860.4 ,16516.5 ,1313.0 ,6097.1 ,753.7 ,4947.9 ,19111.9 ,1297.9 ,3096.1 ,2666.5 ,5959115.5 ,13116.0 ,3715.8 ,43714.9 ,3108.7 ,49415.3 ,75814.4 ,615.5 ,1916.7 ,4771.0 ,1654.8 ,6671.0 ,8411.2 ,1332.4 
2016-03-31,459.1 ,1246.0 ,45552.5 ,469.4 ,119.8 ,2152.4 ,13494.4 ,17685.1 ,1333.8 ,6174.9 ,785.8 ,5151.8 ,20776.7 ,1347.2 ,3310.0 ,2840.9 ,6593257.2 ,12992.4 ,3937.5 ,45881.1 ,3324.6 ,52250.3 ,83268.0 ,663.2 ,1995.9 ,4845.4 ,1717.6 ,7262.3 ,8744.8 ,1407.7 
2016-04-29,461.7 ,1254.1 ,45454.5 ,474.1 ,119.7 ,2163.9 ,13951.5 ,17773.6 ,1346.6 ,6241.9 ,790.3 ,5316.0 ,21067.1 ,1340.6 ,3342.1 ,2838.5 ,6855317.9 ,13724.1 ,4002.1 ,45784.8 ,3387.1 ,52957.3 ,85327.8 ,654.2 ,1994.2 ,4838.6 ,1672.7 ,7159.3 ,8377.9 ,1404.6 
2016-05-31,467.2 ,1272.0 ,45010.5 ,477.9 ,121.3 ,2196.8 ,14065.8 ,17787.2 ,1359.8 ,6230.8 ,805.3 ,5447.8 ,20815.1 ,1379.8 ,3440.3 ,2791.1 ,6420912.9 ,12681.7 ,3934.7 ,45459.5 ,3223.0 ,53905.2 ,77803.4 ,657.6 ,1983.4 ,4796.9 ,1626.0 ,7401.6 ,8535.6 ,1424.3 
2016-06-30,461.5 ,1253.2 ,45420.8 ,466.9 ,116.4 ,2197.9 ,14064.5 ,17930.0 ,1328.9 ,6504.3 ,748.4 ,5310.4 ,20794.4 ,1245.8 ,3361.3 ,2840.9 ,6690195.1 ,14683.5 ,3995.9 ,45966.5 ,3166.8 ,52217.7 ,76817.2 ,662.8 ,1970.4 ,5016.6 ,1654.1 ,7796.3 ,8666.6 ,1445.0 
2016-07-29,480.0 ,1303.9 ,47204.2 ,484.9 ,122.3 ,2278.6 ,14582.7 ,18432.2 ,1381.0 ,6724.4 ,794.0 ,5644.0 ,21891.4 ,1322.7 ,3579.8 ,2868.7 ,7120598.1 ,15803.5 ,4117.5 ,46660.7 ,3255.4 ,52797.6 ,75405.5 ,687.0 ,2016.2 ,5216.0 ,1653.3 ,7963.1 ,8984.4 ,1524.1 
2016-08-31,482.2 ,1306.6 ,48425.4 ,489.2 ,124.3 ,2277.4 ,14598.0 ,18400.9 ,1393.2 ,6781.5 ,797.0 ,5529.4 ,22976.9 ,1329.5 ,3603.4 ,2820.6 ,7180860.0 ,15649.5 ,4119.3 ,47541.3 ,3294.8 ,52733.1 ,75967.6 ,711.7 ,2034.7 ,5386.1 ,1678.1 ,7787.4 ,9068.9 ,1548.4 
2016-09-30,482.5 ,1306.8 ,48547.8 ,490.8 ,124.3 ,2277.8 ,14725.9 ,18308.2 ,1398.2 ,6899.3 ,793.3 ,5525.1 ,23297.2 ,1322.8 ,3533.7 ,2869.5 ,7162067.8 ,16675.7 ,4015.3 ,47245.8 ,3263.4 ,51949.8 ,76488.4 ,716.7 ,2043.6 ,5364.8 ,1652.6 ,7629.7 ,9166.9 ,1483.2 
2016-10-31,479.5 ,1297.1 ,48817.4 ,492.2 ,126.2 ,2235.7 ,14787.3 ,18142.4 ,1401.1 ,6954.2 ,815.7 ,5402.4 ,22934.5 ,1393.0 ,3341.5 ,2813.9 ,7684719.7 ,17610.1 ,4289.8 ,48009.3 ,3311.0 ,50590.1 ,78536.1 ,713.4 ,2008.2 ,5422.5 ,1672.5 ,7404.8 ,9290.1 ,1495.7 
2016-11-30,488.8 ,1328.8 ,47720.3 ,488.8 ,128.5 ,2309.3 ,15082.9 ,19123.6 ,1389.7 ,6783.8 ,851.1 ,5502.4 ,22789.8 ,1469.4 ,3302.3 ,2905.2 ,7310256.6 ,17442.4 ,4207.2 ,45316.0 ,3366.4 ,50209.4 ,73995.2 ,699.0 ,1983.5 ,5148.9 ,1619.1 ,6781.2 ,9240.7 ,1510.2 
2016-12-30,500.3 ,1364.3 ,47651.0 ,516.9 ,129.9 ,2348.1 ,15287.6 ,19762.6 ,1469.3 ,7142.8 ,871.1 ,5719.1 ,22000.6 ,1518.6 ,3287.4 ,2880.8 ,7191253.9 ,16917.9 ,4151.4 ,45642.9 ,3576.1 ,50653.5 ,78138.6 ,692.5 ,2026.5 ,5296.7 ,1641.7 ,6840.6 ,9253.5 ,1542.9 
