TimeLog,agBDMANOT,agBDCIOCT,ahBDMAHS,aBDMANRC,abBDCE,aaBDBPCA,aaBDBPG,aaBDBPS,aaBDBPI,aaBDEIEX,aaBDEIIM,aaBDEITB,afBDPRC,afBDPRCN,afBDPRCCO,afBDPRP,afBDPREX,afBDPRIM,apBDLWUEM,aBDLWJV,arBDLWUR,afBDLWWI,aBDFXDEM,aaBDFXFR,aqBDBSIFOI,aqBDBSIFOP,aqBDBSIFOR,arBDBSZEWRE,arBDBSZEWRB,arBDBSZEWPE,arBDBSZEWPB,aqBDCSCC,aGLIRPCEU,aGLOCL6DEU
2000-01-31,0.0,0.0,0.0,234310.0,0.0,0.0,0.0,0.0,0.0,0.0,0.0,0.0,85.2,78.9,0.0,0.0,0.0,0.0,4294.6,388.7,11.0,0.0,1.9,0.0,104.1,105.6,102.5,20.1,7.5,89.9,89.6,1.1,3.0,0.0
2000-02-29,0,0,0,273186,0,0,0,0,0,0,0,0,85.3,79,0,81.2,91.4,88.7,4278.2,428.5,10.9,0,2,93080,105.4,105.4,105.4,25.7,15,86.7,85.5,1.9,3.3,0
2000-03-31,77.4,150.6,0,386127,0,-6229.8,3471.1,-4339.7,-467.8,42043.6,38923.5,3120.1,85.3,79,0,81.2,91.6,89.8,4141.9,445.2,10.6,72.3,2,93519,105,105.7,104.2,30.5,21.6,81.5,83.7,2.1,3.5,0
2000-04-28,82.1,145.8,0,275491,299.1,-300.7,7531.1,-3535.5,-2184,46442.5,39321.4,7121.1,85.3,79,0,81.3,91.8,90.5,3988.3,462.9,9.8,72.3,2.1,96835,106.4,104.6,108.1,32,23.1,80.6,83,1.4,3.8,4.4
2000-05-31,84,151.5,0,351647,299.1,2224.1,7069,-3789.3,666.8,52164.9,46034.1,6130.7,85.2,78.9,0,81.7,92.2,90.4,3789.1,481.8,9.3,73.3,2.2,95481,105.6,104.2,106.9,34.8,30.8,78.2,81,7.6,3.8,4.5
2000-06-30,84.8,147.6,0,292878,299.1,-2609.2,5829.8,-4091.1,-1827.9,45261.5,39965.4,5296.2,85.6,79.3,0,82,92.7,91.9,3725.5,484.2,9.1,73.6,2.1,95310,104.7,103.1,106.4,40.4,35,74.9,77.1,4.3,4.3,4.5
2000-07-31,85,145.8,0,276542,302.1,-3315.2,5005.4,-4514.8,-1841.1,52192,47689.4,4502.6,86,79.6,0,82.3,92.7,91.9,3804.8,482.7,9.3,73.8,2.1,96018,104.4,103.2,105.6,45.4,39.6,70.1,71.9,3.8,4.3,4.3
2000-08-31,86.8,138.3,0,251320,302.1,-1479.3,7247.4,-4814,-1765.3,49606.4,42999.3,6607.2,85.8,79.4,0,82.8,92.9,92.3,3781.6,475.2,9.3,73.6,2.2,94838,104.2,101.8,106.7,51.5,45.1,62.8,67.7,6.9,4.3,4
2000-09-29,86.8,139.8,0,270393,302.1,-3245.9,7038.4,-5485.7,-1880.2,49796.6,43853.9,5942.7,86,79.6,0,83,93.2,93.3,3685.4,469.9,9,109.6,2.2,94493,103.9,101.6,106.3,54.6,45.8,37.2,40.8,2.8,4.5,3.7
2000-10-31,87.2,132.6,0,259474,304.4,-9353.2,3305.6,-7374.7,-2872.7,47221.7,44301.9,2919.8,85.9,79.5,0,83.7,93.6,95,3612.3,454,8.9,73.7,2.3,100750,104.3,102.3,106.3,49.9,42.9,17.6,20.4,-0.3,4.8,3.2
2000-11-30,86.8,137.1,0,266114,304.4,-5095.5,4115.1,-6045,-1842,48989.3,44735.3,4254,86,79.6,0,84,94,95.5,3645.9,434.6,8.9,73.8,2.3,100212,103.9,101.9,106,47.1,40.5,6.1,8.7,3.4,4.8,2.8
2000-12-29,87,137,0,240861,304.4,-3516.3,7069.3,-6473.4,-1278.2,56818.5,50024.6,6793.9,86.7,80.4,0,84.3,93.9,95.8,3809.6,417.6,9.3,73.8,2.2,99746,103.6,100.9,106.3,35.1,32.3,-0.3,-0.1,2,4.8,2.4
2001-01-31,87.3,136.9,0,242242,303.5,-4762.9,4796.3,-4020.4,-2880.6,56856.6,52091.8,4764.8,86.4,79.9,0,84,93.6,94.1,4094.5,426.6,10,118,2.1,93815,103.1,100.1,106.1,32,31.5,-4.6,-4.4,3.9,4.8,2
2001-02-28,88.7,141.7,0,236150,303.5,654.4,1582.6,-3886.5,5451.2,50046.1,48370.7,1675.4,86.9,80.4,0,84.7,93.5,93.4,4113.9,456,10.1,74,2.1,92019,101.8,98.7,104.9,25.9,24.1,-7,-6.1,1.5,4.8,1.6
2001-03-30,85.7,136.6,0,356024,303.5,-5202.4,5829.5,-6078.5,-1317.3,51877.9,46215.4,5662.5,86.9,80.4,0,84.9,93.7,93.8,4000.3,467.6,9.8,73.9,2.2,91297,100.3,97.3,103.3,16.1,10.4,-10,-10.4,3.1,4.8,1.1
2001-04-30,86.1,136.9,0,295013,310.4,-475.7,8015.3,-4204.2,-2024.2,52085.1,44914.1,7170.9,87.3,80.7,0,85.1,93.8,93.6,3869.3,465.5,9.5,73.9,2.2,93187,98.5,95.4,101.7,8.6,3.2,-4.2,-4.5,3.6,4.8,0.7
2001-05-31,85.3,135.2,0,330325,310.4,1589.9,9947.2,-4714.6,-882.5,56125.3,46418.5,9706.9,87.6,81.1,0,85.6,94,94.1,3721.1,461.5,9,73.9,2.2,91768,96.7,93.8,99.7,2.2,-6.3,-1.5,-4.3,0.4,4.5,0.2
2001-06-29,82.4,139.1,0,302643,310.4,-2837.3,6716.8,-5183.3,-2296.2,52860.7,46695,6165.7,87.7,81.2,0,85.8,94.2,94.9,3695.6,458.7,8.9,74.2,2.3,95808,95.4,92.6,98.3,-9.1,-19.1,-3.9,-8.1,-2,4.5,-0.2
2001-07-31,85.1,142.4,0,277252,312.6,-2213.8,7914.9,-4710.4,-2870.6,54662.6,46451.1,8211.5,87.8,81.4,0,85.9,94.2,94.9,3799.6,449.1,9.2,75.6,2.3,95817,95.5,94.1,96.9,-20.7,-42.2,1.7,-1.9,-5.3,4.5,-0.6
2001-08-31,85.3,143,0,256418,312.6,-1235.7,8080.9,-5215.9,-1284,53687.4,45960.1,7727.3,87.6,81.2,0,85.4,94.1,93.6,3789.4,439.9,9.2,75.1,2.2,92879,95,93.8,96.1,-32.5,-54,12.2,11.4,-9.1,4.3,-1
2001-09-28,82.7,129.3,0,257918,312.6,-1242.7,10041.3,-6818,-2008.7,55365.5,45924.9,9440.6,87.6,81.1,0,85.3,93.7,92.7,3744.3,429.2,9,112.1,2.1,89890,91.5,89.7,93.4,-42.5,-60.2,14.7,13.7,-7.4,3.8,-1.3
2001-10-31,83.6,136.2,0,284317,314.4,-1713.2,9200,-7753.8,-1689.3,51630.3,42592.7,9037.6,87.5,80.8,0,85.4,93.6,92.3,3726.6,403.3,9,75.3,2.2,94538,91.1,90,92.3,-50.8,-64.1,10.6,9.8,-8,3.8,-1.5
2001-11-30,80.8,128.6,0,277242,314.4,-2194.2,7095.5,-6047,-1426,49637.9,42568.9,7069,87.3,80.6,0,84.6,93.4,91,3789.4,369.9,9.2,75.4,2.2,95552,92.1,92.2,92,-69.9,-81,14.9,13.1,-12.9,3.3,-1.7
2001-12-31,79.8,129.7,0,226174,314.4,998.5,10188.7,-4988.5,-1536,57246.2,47585.3,9660.9,88.1,81.5,0,84.3,93.4,90.8,3964,344.6,9.6,75.4,2.2,95395,93.1,94.1,92.1,-77.5,-87.8,30.3,25.8,-13.5,3.3,-1.7
2002-01-31,79.8,133.7,0,243400,313.5,18.1,8258.8,-3836.7,-1812.4,54871.7,47520.4,7351.3,88.2,81.6,0,84.1,93.4,90.6,4290.4,359.4,10.4,121,2.2,93215,92.4,92.6,92.1,-72.8,-83.9,43.1,35.9,-12.2,3.3,-1.7
2002-02-28,83.4,125.4,0,233281,313.5,6597.9,9984.2,-3281.9,1952,48217.7,39927.3,8290.4,88.5,81.9,0,84.5,93.4,90.9,4296.7,393.8,10.4,75.5,2.2,97392,93.5,97.4,89.7,-72.6,-87,56.6,50.2,-12,3.3,-1.4
2002-03-28,81.7,129.6,0,321840,313.5,1666.8,10802.7,-3995.8,-2156.2,50334.6,39809.1,10525.5,88.7,82,0,84.5,93.4,91.3,4157,411.4,10,75.5,2.2,99230,95.7,101.3,90.4,-67.7,-80,75.7,71.2,-10.4,3.3,-1
2002-04-30,81.2,134.4,0,304326,312.7,2828.4,11482.5,-3312.1,-1832.8,51822.1,41264.2,10557.9,88.6,81.9,0,84.9,93.6,92,4025.3,414.3,9.7,75.5,2.2,98130,95.1,101.1,89.4,-64.7,-76.7,74.3,70.6,-9.9,3.3,-0.5
2002-05-31,82.9,145.2,0,282632,312.7,4173,12512.4,-4221,-1484,54559.7,42315.1,12244.6,88.7,82,0,84.7,93.7,92.2,3947.7,412.9,9.5,75.8,2.1,94779,96,102.7,89.7,-65.6,-80.7,68.4,66.3,-8.7,3.3,0
2002-06-28,83.1,131.6,0,308450,312.7,2320.1,10700.1,-2954.6,-2725.2,56028.8,46013.5,10015.3,88.7,81.9,0,84.7,93.6,91.7,3955.6,408,9.5,76,2,91942,95.5,101,90.3,-61.3,-75.9,72.5,69.6,-6.8,3.3,0.7
2002-07-31,85.4,123.4,0,282560,312.7,981.7,11857.9,-4612.2,-3946.3,50475.5,40068.1,10407.5,88.8,82.2,0,84.7,93.6,90.7,4047.8,392.8,9.7,78.8,2,86649,94.1,99.1,89.3,-55.6,-71.8,70.9,69.1,-7,3.3,1.2
2002-08-30,84.6,126.7,0,244287,312.7,4039.1,12459,-3417.9,-2280.4,56663.9,45365.3,11298.6,88.7,82.1,0,84.5,93.5,90.1,4019.6,381.4,9.6,77.5,2,87718,94.1,99.1,89.4,-57.4,-78.8,47.6,43.4,-10.1,3.3,1.7
2002-09-30,83.4,122.1,0,266005,312.7,4667.7,13982.7,-4763.9,-2566.6,55853.9,42630.3,13223.6,88.7,82,0,84.4,93.5,90.5,3943.3,362,9.5,117.3,2,87466,94.2,98.6,89.9,-66.3,-84.3,43,39.5,-5.1,3.3,2
2002-10-31,85.1,121.9,0,281057,314.6,1476,11100.2,-5864,-2510.4,51749.7,41272.3,10477.3,88.6,81.9,0,84.5,93.6,90.9,3930.8,339,9.4,77.3,2,88937,94,97.3,90.8,-73.1,-90.5,34.3,23.4,-10.5,3.3,2.2
2002-11-29,84,125.3,0,256564,314.6,4094.8,13002.5,-4540.6,-2080.3,55189.5,43347.2,11842.3,88.3,81.6,0,84.7,93.5,90.9,4026.7,310.1,9.7,77.4,2,87441,91.7,93.3,90.1,-75.6,-94.1,24.2,4.2,-17.5,3.3,2.3
2002-12-31,83.6,119.7,0,228496,314.6,3102.4,12584,-3883.4,-2554.3,58902.2,47372.8,11529.4,89.1,82.5,0,84.5,93.4,89.9,4226.5,284.3,10.1,77.7,1.9,87610,91.4,93.2,89.7,-76.7,-95.4,27.1,0.6,-21,2.8,2.3
2003-01-31,84.9,124,0,237778,317.6,5798.2,12748.1,-2084.4,-2214,58892.6,46610,12282.6,89.1,82.4,0,84.6,93.4,90.5,4623.8,285.4,11.1,124.8,1.8,85002,91.7,93.2,90.3,-74.4,-94.7,29.9,14,-19.9,2.8,2.3
2003-02-28,82,124.3,0,230417,317.6,6506.4,8871.2,-1789.8,754.9,50847.1,42463.9,8383.2,89.6,82.9,0,85.8,93.6,90.8,4706.9,295.2,11.3,77.7,1.8,85235,92.6,93.7,91.4,-75.9,-94.7,28.7,15,-20.1,2.8,2.1
2003-03-31,84.4,118.8,0,318659,317.6,-1482.7,9092,-4619.9,-1965.3,53557.9,44288.7,9269.2,89.7,83,0,86.1,93.7,91,4609.6,298.5,11.1,77.8,1.8,83685,92,93.7,90.3,-82.6,-96.1,29.6,17.7,-21.6,2.5,1.8
2003-04-30,84.2,117.9,0,287350,320.5,2756.9,10758.1,-3543.8,-1677.5,53977.4,43310.3,10667.1,89.4,82.7,0,86.2,93.7,90.6,4496.7,297.7,10.8,77.8,1.8,82530,92.1,93.5,90.8,-82.6,-95.8,29.5,18.4,-19.6,2.5,1.4
2003-05-30,82.4,115.7,0,304953,320.5,4209.8,10208.9,-3228.8,-811.5,55977.2,46078.8,9898.5,89.2,82.5,0,86.1,93.6,89.2,4343.2,282.8,10.4,77.8,1.7,79453,92.6,94.4,90.9,-81.3,-95.1,35.5,18.7,-22.5,2.5,1
2003-06-30,82.6,114.3,0,299174,320.5,210.8,9678,-3564.8,-3394.1,53880.3,44769.5,9110.8,89.5,82.7,0,85.9,93.3,88,4258.7,275.6,10.2,79.5,1.7,78904,93.9,96.9,90.9,-82.5,-95.8,38,21.3,-19.7,2,0.6
2003-07-31,80.6,110.7,0,288084,320,638.6,10345.7,-3914.2,-3488.4,54485.8,44086.2,10399.6,89.7,83,0,85.9,93.1,87.9,4353.2,276.8,10.4,79.2,1.7,78425,95.1,98.2,92.1,-83.9,-95.8,50.5,41.9,-17.8,2,0.3
2003-08-29,83.8,113.4,0,228001,320,2351.4,10502,-3707,-2133.8,54276.4,43946,10330.4,89.7,83,0,86,93.1,88,4315.7,273.4,10.4,80,1.8,79218,96.7,101.2,92.4,-80.2,-92.6,58.1,52.5,-17.7,2,0.1
2003-09-30,82.8,118.2,0,285208,320,3271,13277.5,-5577.6,-1695.3,57977.2,44132.8,13844.4,89.6,82.9,0,86,93.2,88.5,4207.8,254,10.1,118.7,1.7,84197,97.7,103.4,92.4,-81.2,-91.7,69.6,60.9,-18.5,2,0.2
2003-10-31,83.1,112.6,0,269124,320.8,-1138.5,10656.6,-7031.8,-1702.2,49874.4,39704.7,10169.7,89.6,82.8,0,86.1,93.3,88.4,4151.3,236.7,10,79.7,1.7,81206,100,105.6,94.7,-77.2,-87.4,66.8,60.3,-17,2,0.4
2003-11-28,84.8,112.3,0,256205,320.8,4025.2,14026.2,-5644.1,-1697.8,58468.2,44052.1,14416.1,89.4,82.6,0,86.1,93.2,88.3,4183.8,220.1,10,81.1,1.7,81401,100.9,106.4,95.7,-72.8,-87.5,72.1,67.2,-14.5,2,0.7
2003-12-31,85.9,114.2,0,231985,320.8,3612.2,11295.7,-4547.8,-1520.5,58413.7,47417.7,10996,90.1,83.4,0,86.1,93.2,88.3,4315.2,199,10.4,79.7,1.6,79624,101,105.8,96.4,-67.9,-83.7,78.2,73.4,-15.3,2,1.1
2004-01-30,86.2,114.2,0,208212,321.1,3934.2,10500.1,-2058.3,-1613.5,58859.8,48625,10234.8,90.1,83.4,0,86.1,93,87.9,4597.6,197.5,11,128.1,1.6,76680,102.2,106,98.5,-57,-74.9,80.1,72.9,-16.4,2,1.5
2004-02-27,88.3,109.1,0,224092,321.1,8957.5,9680.3,-1269.6,2780.2,54706.3,44122.2,10584.1,90.3,83.6,0,85.9,93,88,4641.3,205.6,11.1,79.8,1.5,76992,100.2,104.2,96.4,-53.6,-70.2,75.6,69.9,-13.2,2,1.9
2004-03-31,86.3,110.4,0,332963,321.1,5031.2,12213.3,-3610.3,435.6,55478.6,42980.5,12498.1,90.6,83.9,0,86,93.1,88.1,4547.7,205.6,10.9,79.7,1.6,76089,98.8,102.2,95.6,-52.4,-72.7,64.3,57.6,-15.9,2,2.2
2004-04-30,87.1,120.2,0,297126,323.5,7500.6,11996,-2874.9,1280,56527.7,44255,12272.6,90.9,84.1,0,86.5,93.5,89.1,4443.7,207.8,10.7,79.7,1.6,79717,99.3,101.3,97.3,-54.4,-72.5,59.1,49.7,-16.3,2,2.4
2004-05-28,88.4,106.1,0,282562,323.5,12687.5,16652.6,-2552.1,975.6,64802.6,48214.4,16588.2,91.1,84.3,0,86.9,93.8,89.6,4293.4,214.9,10.3,81.9,1.6,78143,99.2,100.5,97.9,-50.6,-75.9,59.2,46.4,-17,2,2.6
2004-06-30,89.5,106.4,0,311162,323.5,8722,14273.4,-3105.4,-958.3,61595.3,47224,14371.3,91.1,84.3,0,87.2,94,90.2,4233.7,219.7,10.2,80.5,1.6,76473,99.1,100.5,97.7,-45,-69.8,56.8,47.4,-14.4,2,2.8
2004-07-30,89.9,99.6,0,267620,324.2,8777.4,14421,-3108.2,-151.7,60507.4,46367.1,14140.3,91.3,84.6,0,87.1,93.8,89.7,4360.2,220.3,10.5,81.5,1.6,76996,99.7,101.4,98,-40.5,-69.3,55.5,48.4,-16.7,2,2.9
2004-08-31,88.9,105.2,0,220862,324.2,10233,15110.8,-3485.1,1149.5,62675,47883.9,14791.1,91.4,84.8,0,87.7,93.9,89.9,4346.8,218,10.5,80.7,1.6,76076,100.2,101.2,99.1,-33.5,-65.2,52,45.3,-18,2,2.9
2004-09-30,89.9,101.7,0,274538,324.2,7627,13511.4,-4167.4,1324.1,62198.4,48626.7,13571.7,91.2,84.4,0,88,94.2,90.8,4256.9,211.2,10.3,120.9,1.6,77171,100.6,102.2,99.1,-27.3,-61.5,44.7,38.4,-14.7,2,2.8
2004-10-29,88.2,104.9,0,281180,324.3,3279.2,10394.1,-6153.6,1580.4,55946.7,45029.8,10916.9,91.3,84.6,0,88,94.2,90.9,4206.8,202.2,10.1,80.9,1.6,75729,100.5,101.5,99.5,-26,-58.9,37.6,31.3,-18.1,2,2.6
2004-11-30,89.8,104,0,284761,324.3,7041.2,11790.5,-3995.5,1736.6,61569.6,49622.5,11947,91.1,84.3,0,88.9,94.4,91.9,4257.5,190.1,10.3,80.9,1.5,74334,100.5,101,100.1,-25.8,-57.8,22.1,13.9,-17.6,2,2.3
2004-12-31,89.2,105.6,0,281748,324.3,8164.7,12122.5,-3240.3,1514.1,64053.4,51666.9,12386.5,92.1,85.2,0,88.5,94.3,90.7,4464.4,179.4,10.8,83.1,1.5,73506,100.7,101.2,100.2,-30.2,-64.2,17.7,14.4,-17,2,1.9
2005-01-31,87.7,99.7,0,200419,328.2,8837.3,11154.6,-2079,1911.7,66473.3,54710,11763.4,91.4,84.7,0,88.6,93.9,89.8,5086.8,190.8,12.3,130,1.5,71335,100.4,100.3,100.5,-30,-61.2,29.9,26.9,-12.2,2,1.5
2005-02-28,93.4,104.2,0,218841,328.2,13303.5,9525.9,-341.1,6062.2,59715.8,48867.3,10848.5,91.8,85.1,93.8,89.3,94.2,90.6,5288.2,208.6,12.7,80.9,1.5,73556,99.7,99.7,99.7,-23.7,-58.7,36,35.9,-16,2,1.1
2005-03-31,91,95.3,0,331538,328.2,5734.8,13148.4,-2518.9,1292.8,60552,47239.9,13312.1,92.2,85.4,94.1,89.6,94.4,91.2,5266.1,226.5,12.7,80.9,1.5,72794,97.6,97.5,97.6,-27.8,-66,37.3,36.3,-18.2,2,0.8
2005-04-29,89.3,93,0,309378,329.3,9891.8,13558.3,-2460.5,1436.5,59759.3,46143.7,13615.6,92,85.4,94.3,90.1,94.5,92.1,5052.4,241.4,12.2,81,1.5,73813,97.1,97.2,97.1,-32.8,-73,24.6,20.1,-14.5,2,0.5
2005-05-31,91.1,100.5,0,299992,329.3,12210.3,15990,-3156.3,2051.9,65222.3,48954.4,16267.9,92.2,85.7,93.8,90.6,94.5,91.8,4884.2,257.8,11.8,84.4,1.5,74123,96.6,95.8,97.3,-31,-69.3,14.8,13.9,-13.1,2,0.3
2005-06-30,90.3,95.3,0,336629,329.3,7389.1,12187.8,-2633,-770.4,64536.9,52129.6,12407.3,92.3,85.8,94,90.6,94.3,91.5,4780.6,266.7,11.5,82.3,1.6,76431,97.6,96.8,98.4,-38.3,-70,16.7,19.5,-14.5,2,0.1
2005-07-29,90.8,101.8,0,270936,330.5,6353.9,12145,-3552.8,-405.4,63595,51629.1,11965.9,92.7,86.2,94,91,94.5,92.7,4836.7,283.3,11.7,82.5,1.6,78700,99,99.5,98.6,-32.6,-66.7,29,37,-15.9,2,0
2005-08-31,93.8,102.5,0,246666,330.5,11831.4,16237.3,-3463.4,1605.7,68718.9,52422.6,16296.4,92.8,86.3,94.4,91.6,94.7,93.2,4797.6,287.4,11.6,82.6,1.6,77205,100,100.6,99.4,-33.3,-61.1,41.6,50,-14.8,2,0
2005-09-30,95.9,103.6,100,284172,330.5,7616.8,13220.3,-4705.9,1395.7,64508,50962.6,13545.4,92.9,86.6,94.4,91.8,94.7,93.8,4646.5,292.3,11.2,123,1.6,76342,101.4,101.8,100.9,-26.1,-58.1,31.8,38.6,-13.1,2,0.1
2005-10-31,93.7,110.4,100,289653,333.4,4676.6,12220.6,-6494.5,1617.7,63263.2,51028.1,12235.1,93,86.7,94.3,92.1,95.1,94.1,4555.1,287.2,11,82.8,1.6,82825,103.6,104.1,103,-26.9,-58,34.7,39.4,-11,2,0.2
2005-11-30,96.7,107.7,99.8,276144,333.4,9966.2,15230.5,-4641,1993.1,69401.1,54486.4,14914.7,92.7,86.2,94.3,92.7,95.2,94.7,4531.4,271.9,10.9,82.7,1.7,82506,102.9,103,102.7,-25.5,-55.2,40,38.7,-12.2,2,0.5
2005-12-30,98,104.8,99.2,257761,333.4,6992.8,11129.3,-4103.1,2048.1,68591.7,56803.7,11788,93.4,87.1,94.3,92.6,95.1,94.5,4605.2,255.1,11.1,84.3,1.6,85143,104.2,103.6,104.7,-16.8,-44.4,51.2,61.6,-8.3,2.3,0.8
2006-01-31,99.3,108,98.9,223108,334.1,10206.2,12691.4,-1867.3,2124.9,71519.1,58568.5,12950.6,93.1,86.6,95.1,92.9,95,94.8,5010.5,259.9,12.1,132.6,1.6,86181,105.6,106.1,105.2,-9.9,-31.6,66.1,71,-6.3,2.3,1.2
2006-02-28,98.8,112.3,99,215963,334.1,12860.3,9250.7,-1002.8,6513.9,66598.4,57718.2,8880.2,93.5,86.9,94.2,94.2,95.2,95.5,5047.5,284.7,12.2,82.9,1.6,89064,106.8,106.6,107,-6.1,-19.5,66,69.8,-8.2,2.3,1.5
2006-03-31,99.6,101.5,99.5,358072,334.1,9284,12271.7,-3644.5,3007.6,68267.9,55901.4,12366.5,93.5,87,94.7,94.8,95.5,95.8,4977.6,305.1,12,82.6,1.6,88029,108.3,107.2,109.5,2,-8.4,61.1,63.4,-8.4,2.5,1.9
2006-04-28,100,104.1,100.4,284873,337.4,9301.4,13559.7,-2201.5,3367.1,69973.3,57148.6,12824.7,93.8,87.3,94.7,95.3,95.8,96.2,4790.7,326.8,11.5,85.1,1.6,89157,108.9,107.3,110.5,14.3,2.9,58.7,62.7,-5.4,2.5,2.3
2006-05-31,99.1,103.3,100.9,330102,337.4,11515.4,13852.3,-3075.6,3146,76666.3,62293.5,14372.9,93.8,87.5,94.7,96.1,96.2,97.3,4538.3,353.5,10.9,84.4,1.5,89433,109.9,106.2,113.7,18.3,8.7,47.7,50,-2.7,2.5,2.6
2006-06-30,101.7,107.5,101.2,323776,337.4,9976.3,11636.1,-2190.5,2615,69574,58801.7,10772.3,94,87.6,94.6,96.3,96.4,97.3,4398.8,369,10.5,84.3,1.5,89520,110.1,105.9,114.5,15.5,11.9,37.3,37.8,-4.4,2.8,2.9
2006-07-31,102.1,110.2,100.6,265845,339.4,6342.2,12360.6,-2757.2,-2435.3,72298.4,60219.4,12079,94.4,88,94.8,96.3,96.4,97.3,4386.3,397.9,10.5,85,1.5,85905,109.6,104.9,114.5,25.9,23.3,18.1,15.1,-5.4,2.8,3.2
2006-08-31,100.6,106.7,100.3,244757,339.4,12654.4,12335.4,-1872.4,3847.9,73131.5,61109.5,12022,94.2,87.9,95.1,96.9,96.7,98.3,4372,405,10.5,82.9,1.5,89167,109.7,104.9,114.7,34.9,33.6,1.3,-5.6,-7.3,3,3.3
2006-09-29,103.4,108.7,99.7,298179,339.4,8450.9,12319,-4212.1,3608.7,72728.7,60201.9,12526.9,93.9,87.5,95,97.2,96.7,98.3,4237.8,404.3,10.1,123.3,1.5,86736,109.5,102.9,116.5,40.5,38.9,-10.2,-22.2,-6.3,3,3.3
2006-10-31,106.8,108.8,99.6,293832,340,7186.2,11251.3,-5033.8,3584.5,69086.1,58142.7,10943.5,94,87.6,94.9,96.8,96.6,97.4,4084.5,399,9.8,83,1.6,85854,110.7,104.1,117.8,43.1,42.9,-12.5,-27.4,-7.4,3.3,3.2
2006-11-30,105,107.1,99.1,326038,340,12076.7,15689.8,-4519.1,3660.3,79173.8,63925.8,15248,94,87.5,95.2,96.8,96.9,97.2,3995.7,388,9.6,82.8,1.5,85341,112.1,105.1,119.7,50,53,-11,-28.5,-5.5,3.3,3.1
2006-12-29,104.6,104.2,99.3,303416,340,14814.8,17338.2,-3005.5,3671.8,83664.7,66703,16961.7,94.7,88.3,95.2,96.7,96.9,96.8,4008.1,373.9,9.6,83.3,1.5,85307,113.4,106.3,120.9,56.8,63.5,-3,-19,-1.8,3.5,2.9
2007-01-31,105,109.3,99.2,199686,345.8,16942,17439.8,-1462.8,3607.8,85060.8,66927.8,18133,94.7,88.1,96,96.8,96.8,96.4,4262.2,373.5,10.2,133.2,1.5,84765,112.8,106.1,120,66.1,70.6,-1.8,-3.6,-0.1,3.5,2.7
2007-02-28,105.8,104,99.2,183258,345.8,17415,11393,-666,9771.8,73416.3,62618.7,10797.6,95.1,88.5,95.7,96.8,96.9,96,4226,408.7,10.1,85.8,1.5,87385,111.3,105.4,117.4,66.7,70.9,6.8,2.9,1.7,3.5,2.6
2007-03-30,107.1,115.5,99,334592,345.8,13070.6,16233.8,-3048.6,2998.3,77076.9,60899.8,16177.1,95.3,88.7,96.2,96.8,97.1,96.3,4104.8,429,9.8,83.2,1.5,87962,112.1,106.3,118.2,66.9,69.2,5.1,5.8,3,3.8,2.4
2007-04-30,110.3,107.2,99.5,264871,341.2,10117.1,14587.1,-2414.8,4368.2,77301.7,63349.7,13952,95.8,89.1,96.3,96.8,97.2,96.7,3958.2,439.2,9.5,83.1,1.4,86120,112.5,106.9,118.5,69.9,76.9,10.7,16.5,7.2,3.8,2.3
2007-05-31,110.3,111.5,99.5,293484,341.2,19312.2,19142.7,-2278,4824.6,83508.9,65399,18109.9,95.8,89.2,96.6,96.9,97.5,97.4,3795.9,445.1,9.1,83.1,1.4,86731,112.9,107.4,118.8,81.8,88,22.3,24,10.2,3.8,2.1
2007-06-29,109,111.3,99.8,301108,341.2,12193.6,15567.3,-2149.1,415.5,78449.8,63631.7,14818.1,95.8,89.3,96.5,97.3,97.6,97.5,3672.9,453.8,8.8,83.2,1.5,86364,111.2,105.9,116.8,86,88.7,19,20.3,9.2,4,1.9
2007-07-31,112.5,109.7,99.2,258639,345.7,9480.7,17288.4,-2570.9,-4769.8,78567.3,61678.4,16888.9,96.3,89.8,96.5,97.4,97.7,97.8,3701,455.5,8.8,90.6,1.4,84846,111.4,105.3,117.9,81,88.2,7.2,10.4,9,4,1.8
2007-08-31,116.5,105.6,98.9,239381,345.7,16464.5,17419.2,-2556.4,3379.8,81494.5,65018.3,16476.2,96.2,89.6,97.1,97.4,97.8,98,3691.9,450,8.8,86.4,1.4,85125,110.8,104.8,117.1,73.1,80.2,-6.1,-6.9,4.4,4,1.7
2007-09-28,111.3,111.1,97.9,265473,345.7,12999.4,17694.7,-4706.7,2761.7,81090.9,63310.9,17780,96.4,89.8,97,97.4,97.7,97.5,3530.6,435.2,8.4,127.2,1.4,85469,109.9,104.3,115.8,65.6,74.4,-20.3,-18.1,2.3,4,1.6
2007-10-31,111.9,104,97.3,281845,347.8,8806.4,14729.6,-6187,3023.7,77401.9,63219.2,14182.7,96.6,89.9,97,97.4,97.7,97.8,3421.4,419,8.2,85.5,1.4,88592,109.9,103.5,116.6,62.9,70.2,-19,-18.1,2.9,4,1.4
2007-11-30,111.9,107.1,96.6,283921,347.8,15759.6,18968.9,-3807,3259.2,81478.8,63261.1,18217.8,97.1,90.4,97,98,97.7,98.6,3366.9,395.9,8,85.5,1.3,90168,109.5,103.5,115.8,60.2,70,-30,-32.5,1.9,4,1.3
2007-12-31,116.9,127.1,96.4,241905,347.8,15630,18841.4,-3759.7,3616.8,88483.4,69632.6,18850.8,97.7,91,97.1,98.7,97.7,99.1,3395.2,367.8,8.1,85.6,1.3,89233,107.9,101.9,114.3,59.6,63.5,-35.7,-37.2,1.4,4,1.1
2008-01-31,119,116.2,96.3,220742,350.4,18481.6,20431.4,-2127.1,3401.8,87384.1,67961.5,19422.6,97.4,90.7,97.9,98.6,97.6,99,3647.9,350.9,8.7,137.1,1.3,92545,108.8,101.6,116.5,47.8,56.6,-41.7,-41.6,-0.8,4,1
2008-02-29,117.9,112.2,96.6,228623,350.4,17320.2,11084.3,724.4,9052.5,72997.2,62525.4,10471.9,97.8,91.2,97.1,99.4,98.3,99.9,3606.1,375.8,8.6,85.6,1.3,99028,107.9,100.9,115.3,21.8,33.7,-41.4,-39.5,-3.6,4,0.9
2008-03-31,115.1,127.1,96.5,286549,350.4,13352.4,17396.5,-2400.9,1647.7,83324.2,66261.3,17062.8,98.3,91.6,97.6,99.9,98.7,100.9,3496.9,392.1,8.3,85.6,1.3,100879,108.3,100.7,116.5,19.4,32.1,-35,-32,-2.8,4,0.8
2008-04-30,115.4,105.4,97,317960,351.7,13814.6,17117,-1649.4,3187.2,83516.2,66412.8,17103.4,98.1,91.4,97.9,100.5,98.7,101.2,3403.7,394.7,8.1,86,1.2,95103,106.5,99,114.6,15.5,33.2,-44.8,-40.7,0.7,4,0.6
2008-05-30,113.4,110,97.5,275259,351.7,15267.5,17600.3,-2579.3,3108.6,82755,65987.2,16767.8,98.7,92,97.4,101.5,98.9,102,3274,397.7,7.8,86,1.3,92633,106.6,99.3,114.5,11.4,38.6,-43.6,-41.4,-2.7,4,0.5
2008-06-30,114.1,108.6,97.9,304036,351.7,13511.4,19748.9,-2144.7,-2598,88750.6,69715.6,19035,98.9,92.3,97.7,102.4,99.5,104.1,3151.7,417.5,7.5,86.5,1.3,92387,105.3,97.5,113.7,7.9,37.6,-52.7,-52.4,-2.6,4,0.3
2008-07-31,111.2,103.6,98.3,262534,353.4,7337.7,14849.3,-2981.9,-4459.5,79732.9,65362,14370.9,99.5,92.9,97.8,103.4,99.9,105.5,3201.8,422.2,7.6,88.2,1.2,95220,100.6,91.7,110.3,-3.3,17,-63.7,-63.9,-6.6,4.3,0.1
2008-08-29,107.3,106.4,98.8,214386,353.4,17039.1,20523.7,-2827,1931.3,87364.2,67603.3,19760.9,99.2,92.5,98.2,105.4,100.4,106.2,3187.8,416.8,7.6,87.7,1.3,93722,99.2,90.9,108.1,-22.2,-9.2,-55.7,-55.5,-10.2,4.3,-0.3
2008-09-30,106.6,110.9,99.3,261384,353.4,9280.3,14549.5,-4656.5,1986.7,86067,71928.3,14138.7,99.1,92.5,98.3,104.8,100.3,105.5,3073.3,409.1,7.3,129.9,1.4,93048,97.1,89.9,105,-10,-1,-40.9,-41.1,-9.1,4.3,-0.8
2008-10-31,108.7,101.2,99.1,258814,356.1,5264.4,10966.9,-5254.5,2526.8,74859.4,64046.6,10812.8,98.9,92.2,98.2,105.1,100.2,104.7,2989.2,392.7,7.1,89.1,1.5,99936,93.7,85,103.4,-44.7,-35.9,-62.7,-63,-12.1,3.8,-1.4
2008-11-28,101.4,106.5,98.9,233772,356.1,12697.2,16344.7,-4220.9,2987.7,86270.1,70996.8,15273.4,98.4,91.7,98.3,105.1,99.5,101.4,2981,367.1,7.1,87.7,1.5,97415,88.3,80.7,96.7,-58.9,-50.4,-54,-53.5,-16.3,3.3,-2.2
2008-12-31,94.8,101.2,98.8,225981,356.1,13023.6,17123.3,-3138.9,2837.4,88702.2,72036.4,16665.8,98.8,92,98.3,103.4,98.7,98.5,3094.2,327.4,7.4,87.7,1.5,104612,84.6,78.4,91.3,-71.2,-64.5,-46.1,-45.2,-23.4,2.5,-3.2
2009-01-30,87.9,99,98.4,189385,354.5,8553,9540.6,-775.7,3121.5,76085.1,66117.7,9967.4,98.3,91.6,99.2,102.6,97.6,94.9,3480.2,301.5,8.3,140.8,1.5,99185,84.9,80.2,89.9,-84.7,-77.1,-30.8,-31,-27.5,2,-4.2
2009-02-27,82,97.1,97.6,277740,354.5,14176.4,8760.3,1162.6,8447.1,66712.9,59374.4,7338.6,98.9,92.1,98.3,101.4,97.4,94.3,3542.6,317.5,8.5,96,1.5,109963,84.4,82,86.8,-91,-86.2,-8.7,-5.8,-29.9,2,-5.1
2009-03-31,75.7,98.7,97.1,400965,354.5,5238.6,7353.6,-2227.5,3651.7,63558.8,56154.3,7404.5,98.7,91.9,99,100.8,97.4,94.1,3576.4,317.1,8.5,87.9,1.5,113507,83.5,82.5,84.5,-90.7,-89.4,-6.5,-3.5,-32.8,1.5,-5.9
2009-04-30,73.5,88.4,96.3,379626,353.9,9121.4,8782.3,-625.9,4914.6,63788.7,55018.3,8770.5,98.8,92,99,100.1,97,93.6,3575.3,305.4,8.5,88.6,1.5,107809,85.4,86.1,84.7,-93,-91.6,11.8,13,-32.9,1.3,-6.3
2009-05-29,76.4,93.2,95.6,384578,353.9,13217.8,11336.4,-493.4,5407.4,70164,58763.1,11400.8,98.7,91.9,99.1,98.7,96.9,92.8,3449.2,298.6,8.2,88.7,1.4,105577,86.6,88.5,84.7,-93.2,-92.8,28.5,31.1,-32.4,1,-6.3
2009-06-30,76,98.1,95.5,427111,353.9,8091.4,10446.1,-484,423.9,64401.3,54335.3,10066,99,92.3,99,98.7,96.9,92.8,3402,297,8.1,88.9,1.4,107375,88.8,92.8,85,-90.7,-89.7,42.7,44.8,-28.8,1,-6
2009-07-31,78.8,98.9,95.6,339976,354.9,6816.2,10151.8,-1126.5,-1886.5,60652.7,50325.6,10327.1,99,92.2,99.1,98.6,96.9,93.2,3454.5,297.7,8.2,91.8,1.4,104691,91,95.7,86.5,-90.7,-89.3,39.5,39.5,-25.5,1,-5.2
2009-08-31,82,100.5,95.9,275219,354.9,13757.1,13649.2,-2916.6,5298.8,66898.8,53172.9,13725.9,99.2,92.5,99.6,97.2,96.8,92.3,3463.4,300,8.2,90.3,1.4,104931,94.3,100.7,88.2,-82.1,-77.2,54.9,56.1,-22.6,1,-4.2
2009-09-30,85.2,101.2,96.1,316166,354.9,14311.4,15548.9,-4285.8,5310.3,70577.4,54985.7,15591.7,98.9,92.1,99.7,97.6,97,93.6,3338.9,301.9,7.9,133.2,1.3,115309,95.3,101.5,89.5,-77.9,-74,59.6,57.7,-19.2,1,-2.8
2009-10-30,86,103.3,96.4,321120,351.3,7421.8,8832.5,-3675.6,5297.4,60088.2,51089.5,8998.7,98.9,92.1,99.5,97.2,96.9,92.7,3221.2,297.6,7.7,90.4,1.3,116785,95.7,101.6,90,-75.4,-72.2,56.9,56,-16.3,1,-1.3
2009-11-30,89,101.3,96.5,279725,351.3,11926.3,11926.6,-2667.1,4991.3,70913.6,59412.2,11501.4,98.8,92,99.6,97.2,96.9,93.2,3208,290.6,7.6,92.9,1.3,119584,97.4,104.4,90.9,-70.3,-65.6,51.8,51.1,-18.5,1,0.4
2009-12-31,86.7,102.3,96.6,215564,351.3,10954.1,13252.1,-2964.5,5393.8,72460.3,59994.2,12466.1,99.6,92.9,99.3,97.3,97,93.6,3268.2,281.2,7.8,90.8,1.3,126129,97.4,102.5,92.6,-67.8,-60.6,48,50.4,-15.7,1,2.1
2010-01-29,89.3,98.2,96.6,181189,353.5,16888.6,15504.8,-266.6,5257.8,72294.8,56333,15961.9,99,92.2,100.4,97.2,97.2,94,3610,271.3,8.6,145.2,1.4,125541,98.6,102.7,94.7,-62.7,-56.6,46.4,47.2,-17.8,1,3.9
2010-02-26,87.8,104.2,96.8,194846,353.5,23488.9,14383.2,2085.4,10696.4,67513.2,55030.9,12482.4,99.4,92.6,99.2,97.9,97.8,95.6,3635.3,297.7,8.6,90.5,1.4,127966,98.6,103.6,93.8,-62.1,-54.8,40.2,45.1,-17.4,1,5.5
2010-03-31,91.1,92.9,96.2,294375,353.5,6972,8059.2,-1353.5,4522.4,63357.9,55080.8,8277.1,99.9,93.1,99.8,97.8,98.2,96.4,3560.5,319.9,8.5,90.9,1.4,134669,100.7,104.2,97.3,-61.3,-51.9,37.9,44.5,-13.2,1,6.8
2010-04-30,91.3,103.9,96.5,259414,355.6,10815.4,14180.7,-1443.8,4560.8,69985.5,56770.1,13215.4,100,92.9,100,98.3,98.7,97.8,3400.2,334.8,8.1,91.1,1.5,134826,104.6,107.1,102.2,-52.4,-39.2,46,53,-6.5,1,7.8
2010-05-28,95.5,104,96.6,249708,355.6,16888.3,16210.4,-1430.5,4824.3,85578.9,69335.1,16243.9,99.9,93.1,99.8,99.2,99.5,99.5,3236.4,355.3,7.7,90.7,1.6,142021,105.5,106.8,104.2,-48.5,-21.6,37.6,45.8,-9.3,1,8.3
2010-06-30,98.4,99.2,96.9,289259,355.6,11431.7,13520.9,-1003.7,801.9,75184.6,62189.2,12995.5,99.9,93.1,99.8,99.7,100,100.3,3148.6,370,7.5,91.1,1.6,157385,106.3,106.2,106.3,-40.8,-7.9,18.8,28.7,-9.5,1,8.5
2010-07-30,98.9,98.3,98.2,237428,360.9,5045.8,10572.1,-2078,-2215.5,76191.4,66048.9,10142.5,100.1,93.3,99.8,100.3,100.4,101.1,3186.9,390.8,7.6,94.3,1.5,160629,110.6,109.8,111.3,-26.5,14.6,10.7,21.2,0.1,1,8.3
2010-08-31,101,99.2,99,200885,360.9,12881.4,14827.3,-3772.4,4229.9,85310.5,71199.7,14110.8,100.2,93.4,100.1,100.7,100.4,100.9,3183.2,396.4,7.6,94.1,1.5,145637,111.7,109.9,113.5,-13,44.3,15.8,14,2.9,1,7.8
2010-09-30,100.4,100.3,100,259748,360.9,9956.2,13386.4,-4284.8,4220.5,81350.3,68383.7,12966.6,100.1,93.3,100.3,100.6,100.7,101,3026.8,397.6,7.2,134,1.5,155245,111.9,109.4,114.3,-6.3,59.9,4.4,-4.3,4.7,1,7.1
2010-10-29,103.3,101.7,100,256775,362.1,5616.2,9616.2,-4915.7,4142.8,74393.5,64938,9455.5,100.2,93.4,100.2,100.9,100.9,101.2,2941,400.6,7,91.1,1.4,150758,113,110.5,115.6,-1.1,72.6,1.8,-7.2,6.7,1,6.3
2010-11-30,101.6,101.4,100.3,262262,362.1,15641.6,17624.3,-3054.2,4349.6,85971.8,69498.9,16472.9,100.3,93.4,100.2,101.2,100.7,100.8,2927,394.1,6.9,91.2,1.4,150481,114.2,111.2,117.3,-1,81.5,13.8,1.8,10.9,1,5.6
2010-12-31,102.1,105.6,100.2,230371,362.1,13450.5,15152.7,-2872.8,4600.5,86001.4,71483.7,14517.8,100.9,94.5,100.3,101.4,101,101.7,3011.6,379.8,7.1,91.2,1.5,162835,114.1,110.6,117.8,-4.6,82.6,15.5,4.3,9.6,1,5
2011-01-31,107.4,98.2,100,211056,366.7,15269.7,15126.6,-1288.3,5019.1,87624.5,73740.3,13884.2,100.7,94,100.6,102,101.7,103.6,3346,375,7.9,146.5,1.5,162100,112.6,108.8,116.5,-6.1,82.8,25.4,15.4,8.9,1,4.4
2011-02-28,104.1,91.9,100,224426,366.7,20921.1,12869.1,457.1,11608.6,81009.1,68428.7,12580.4,101.3,94.6,99.9,103.1,102.5,104.9,3313.2,417.5,7.9,93.8,1.4,152428,114,108.8,119.4,6.1,85.2,29.5,15.7,8.7,1,4
2011-03-31,108.5,95.9,100.5,327921,366.7,8711.3,10063.2,-2095.5,4484.1,79314.9,69388.9,9926,101.9,95.2,100.5,103.8,102.7,105.8,3211.2,442.3,7.6,91.5,1.4,156964,113.7,107.6,120.1,6.4,85.4,31,14.1,8.5,1,3.7
2011-04-29,109.8,102.8,100.1,266251,371,10661.7,12925.1,-2148.2,6148.2,84536.9,72446.9,12090,101.9,95.4,100.8,104.4,103,107,3078.6,461.1,7.3,91.6,1.4,155718,112.8,106.2,119.9,5.6,87.1,19.7,7.6,7.9,1.3,3.3
2011-05-31,106.1,106,99.9,304543,371,21676,19391.6,-1588.8,6467,98671.3,79785.5,18885.8,101.9,95.3,100.7,105.3,103.2,107.1,2960.6,470.1,7,91.6,1.4,157344,113.7,106.2,121.8,13.6,91.5,13.6,3.1,9,1.3,2.9
2011-06-30,107.8,103.1,99.8,288382,371,11162.2,11204.7,-1893.6,3044.8,84509.9,73674.7,10835.3,102,95.4,100.7,105.3,103.4,106.6,2894,479.5,6.9,92.8,1.4,162854,113.6,105.6,122.1,3.8,87.6,-5.9,-9,9.8,1.3,2.5
2011-07-29,111.3,105.2,100.3,260907,370.5,8782.4,15456.4,-2132,-4193.1,92352,77518.6,14833.4,102.2,95.8,100.9,105.4,103.3,106,2939.9,492.3,7,95,1.4,159745,113,104.6,122,2.3,90.6,-7,-15.1,8.4,1.5,1.9
2011-08-31,110.7,103.7,100.8,237561,370.5,12981.8,12971.7,-4185.9,6463.8,88084.2,75190.9,12893.4,102.3,95.8,101.2,106,103.5,106.5,2945.5,497.1,7,93.4,1.4,170639,109.4,100.8,118.9,-19.1,53.5,-40,-37.6,0.2,1.5,1.4
2011-09-30,108.4,108.6,102,280689,370.5,9523.8,11371.4,-4931.8,6226.7,85571.8,75016.9,10554.9,102.5,95.9,101.4,105.8,103.4,106,2796.3,501.6,6.6,137.4,1.4,184687,108,99.3,117.5,-27.9,43.6,-44.6,-43.3,-1.9,1.5,0.9
2011-10-31,108,104.1,103.1,258253,374.9,9452.9,11953.3,-6091,6370.7,85255.5,73515.6,11739.9,102.5,96,101.4,106,103.5,106.4,2737.7,499.8,6.5,93.5,1.4,181430,107.3,98.4,117,-31.7,38.4,-51.2,-48.3,-3.3,1.5,0.3
2011-11-30,104,103.9,104.5,269144,374.9,19131.7,17988.5,-3286,7244.7,94964,77650.2,17313.9,102.7,96,101.4,106.2,103.3,106.3,2713.8,491.9,6.4,93.9,1.4,181946,107.6,98.7,117.2,-39.8,34.2,-59.1,-55.2,-2.9,1.3,-0.2
2011-12-30,105.8,101.2,104.9,244501,374.9,11414.7,10765.9,-3045.5,6982.7,89055,78054.8,11000.1,102.9,96.7,101.4,106.1,103.5,106.9,2781,467.1,6.6,93.8,1.5,187984,107,98.5,116.2,-44.1,26.8,-54.1,-53.8,-2.2,1,-0.7
2012-01-31,102.3,109.6,104.7,210195,378.1,18513,17115.6,-1861.3,6529.4,94104.4,77994.7,16109.7,102.8,96.2,101.7,105.6,103.7,107.4,3084.7,451.9,7.3,150.1,1.5,184603,107.5,99.7,115.9,-51.8,28.4,-32.5,-21.6,0.5,1,-1.1
2012-02-29,104.2,104.5,105.1,224318,378.1,23066.5,12218.9,1685.9,12465.8,84805.3,72285.2,12520.1,103.5,97,101.2,106.1,104.4,108.7,3110.4,473.2,7.4,93.9,1.5,195056,108.1,100.4,116.3,-49.1,40.3,-8.1,5.4,-0.8,1,-1.4
2012-03-30,102.5,106.2,105.6,339123,378.1,12715.2,14471.5,-2878,4971.1,85924,72084.8,13839.1,104.1,97.4,101.7,106.5,104.7,109.5,3028.4,490.9,7.2,94,1.5,195654,108.3,101.1,116,-48.4,37.6,11,22.3,-0.6,1,-1.5
2012-04-30,103.4,111.1,106.3,274066,381.7,14368.5,17273.6,-2025.4,6228.6,91008.8,75220.9,15787.9,103.9,97.6,102.1,107.1,104.8,110,2963.6,499,7,94,1.5,186628,108.8,101.4,116.6,-49,40.7,13.1,23.4,-2.3,1,-1.6
2012-05-31,105.7,112.8,105.3,289977,381.7,19685.4,18605.7,-2100,6344.7,98470.9,80878.3,17592.5,103.9,97.3,101.9,107.3,105.1,109.7,2855.3,499.2,6.7,94.1,1.5,189556,106.5,99.9,113.7,-60.2,44.1,-2.4,10.8,0.4,1,-1.6
2012-06-29,103.4,110.4,105.4,296722,381.7,12971.3,15130,-1103.6,1193.7,87009.3,72366.1,14643.2,103.7,97.2,102.1,107,105,109.2,2809.1,499.2,6.6,94.2,1.6,193057,104.8,96.6,113.8,-73.2,33.2,-20.1,-16.9,-1.3,1,-1.5
2012-07-31,105.1,104.2,106.2,247860,383,11355.7,16619.7,-3308.4,-825.3,92445.4,76457.7,15987.6,104.1,97.6,102.1,106.6,104.8,107.7,2876,499.8,6.8,100.2,1.6,190248,102.9,95.1,111.4,-72.9,21.1,-22.3,-19.6,-4.6,0.8,-1.4
2012-08-31,102.6,106,107,226455,383,19412.1,18943,-2892.3,5477.8,94038.2,75824.7,18213.5,104.5,97.9,102.5,106.6,105,108.2,2905.1,493.4,6.8,96.3,1.6,199419,102.8,94.8,111.4,-75.1,18.2,-21.2,-25.5,-8.8,0.8,-1.3
2012-09-28,103.3,105.3,107.1,250082,383,16731.3,17933.3,-4705.5,5642.2,93098.4,75634.1,17464.2,104.6,97.9,102.6,107,105.2,109.2,2788.2,484.5,6.5,141.6,1.5,197776,101.8,94.5,109.6,-76.3,12.6,-3.8,-18.2,-10.3,0.8,-1.1
2012-10-31,103.3,113.6,106.7,259529,385,13370.5,17322.8,-6398.5,5717.6,89896.1,72900.8,16995.3,104.6,97.9,102.6,107.3,105.2,108.5,2753.4,468.1,6.5,97,1.5,203337,101.1,94.5,108.2,-79.4,10,-1.4,-11.5,-9.3,0.8,-0.9
2012-11-30,100.8,105.6,107.8,259846,385,17060.4,17765,-3718.5,5866.8,91091.2,74049.9,17041.3,104.7,97.8,102.7,107.4,105,108,2751.5,450.6,6.5,97,1.5,196910,101.6,96.2,107.3,-80.3,5.4,-2.6,-15.7,-10.2,0.8,-0.6
2012-12-31,104.4,127.4,108.3,204331,385,15779.5,16640.1,-4123.7,6324.9,98083,81800.4,16282.6,105,98.6,102.8,107.4,105.1,108,2839.8,420.5,6.7,97,1.5,197486,102,97.8,106.4,-79.9,5.7,7.6,6.9,-10.4,0.8,-0.3
2013-01-31,101.3,101,109.5,192090,386.8,19731.9,17856.1,-1726.9,6267.3,93345.3,76195.4,17149.9,104.5,98,103.2,107.1,104.8,107.4,3138.2,405.2,7.4,155.4,1.5,188630,104.1,99.2,109.3,-75.3,7.1,31.2,31.5,-7.6,0.8,0.1
2013-02-28,102.1,102.5,108.7,200683,386.8,20407.9,11839.6,2205.8,11648.4,78217,65991.8,12225.3,105.1,98.7,102.1,107.7,104.8,107.3,3156.2,431.1,7.4,97.4,1.5,184947,105.7,102.6,108.9,-75.6,5.2,42.4,48.2,-6.4,0.8,0.4
2013-03-28,101.7,105.6,108.5,281184,386.8,10002.9,14713.9,-3669.2,4253.5,88120,74466.7,13653.3,105.6,99.2,102.8,107.5,104.7,107.6,3097.8,443.5,7.3,97.3,1.5,183222,105.2,101.6,108.9,-76.1,13.6,33.4,48.5,-5.4,0.8,0.7
2013-04-30,103.8,110.3,109.2,284444,388.2,11186.6,16390.2,-3349.1,4966.1,87862.6,71321.9,16540.7,105.1,98.6,103.4,107.2,104.9,107.6,3020.3,440.5,7.1,97.3,1.5,188447,103.6,100.2,107.2,-76,9.2,24.9,36.3,-4.9,0.8,0.9
2013-05-31,105.8,106,111.2,261316,388.2,20313,21342.5,-2984.2,5726.8,93886.3,75089.3,18797,105.5,98.9,102.8,107.1,104.7,106.4,2936.9,436.8,6.8,97.4,1.5,173980,105,100.8,109.4,-76.8,8.9,27.6,36.4,-4.5,0.5,1.1
2013-06-28,103,107.8,112.9,282913,388.2,16428.4,20314.1,-2256.3,566.9,93523.7,75419.3,18104.4,105.6,99,103.3,106.8,104.5,106,2864.7,437.1,6.6,97.5,1.5,169105,105.7,101.9,109.6,-79.5,8.6,30.6,38.5,-3.2,0.5,1.3
2013-07-31,103.4,108.2,112.4,253146,390.7,12872.3,16907.8,-3974.4,2019,87779.9,73957.4,13822.6,106.1,99.5,103.4,106.7,104.1,105.3,2914.1,444.3,6.8,102,1.5,150825,106.1,102.1,110.2,-74.7,10.6,32.8,36.3,-2.3,0.5,1.6
2013-08-30,108.2,117.1,113.2,214044,390.7,15721,17931.2,-3910.9,4843.9,91887.5,74845.7,17041.8,106.1,99.4,103.8,106.6,104.2,105.4,2945.7,444.5,6.8,98.1,1.5,158611,107.9,104.1,111.9,-74.1,18.3,44,42,-3.4,0.5,1.9
2013-09-30,105.5,118.6,113.8,247199,390.7,12710.5,16536.3,-5941.8,5391.8,92625.1,76232.1,16393,106.1,99.4,103.9,106.5,104.2,105.5,2849,445.5,6.6,146.5,1.5,164477,108.4,105.5,111.3,-59.7,30.6,58.6,49.6,-4,0.5,2.3
2013-10-31,106.6,111,115.2,265441,393.6,9017.1,13583.7,-6376.1,5341.6,84436.7,71166.6,13270,105.9,99.1,103.9,106.8,104.2,105.5,2801.2,438.6,6.5,100,1.4,156452,108.2,104.8,111.7,-60.9,29.7,59.1,52.8,-4.2,0.5,2.8
2013-11-29,109.2,110.3,114.8,254651,393.6,19825.5,20811.5,-3244.6,4697.4,94021,73739.2,20281.7,106.1,99.4,103.8,106.6,103.9,104.8,2806.1,430.7,6.5,99.9,1.4,154486,109.4,107.3,111.6,-61.6,28.7,60.2,54.6,-2.1,0.3,3.2
2013-12-31,108.2,111.1,114.1,215320,393.6,16811.5,19329.6,-5347.7,5726.6,98526.4,80571.9,17954.4,106.5,99.9,104.2,106.5,103.9,104.9,2873.8,414.3,6.7,99.9,1.4,148010,109.3,107.3,111.4,-54.4,32.4,68.3,62,-2.2,0.3,3.5
2014-01-31,109,115,113,205996,394,21754.4,20138.5,-1759.8,5492.6,93978,76014.4,17963.6,105.9,99.1,104.5,106.6,103.8,104.9,3135.8,400.8,7.3,159.6,1.4,143753,110.8,108.2,113.5,-48.2,41.2,73.3,61.7,-0.8,0.3,3.6
2014-02-28,108,114.2,112.3,209349,394,22973,14662.7,1438.2,12942.5,81378,67568.3,13809.8,106.4,99.7,103.8,106.5,104,104.8,3137.9,429.3,7.3,100.2,1.4,149930,110.9,107.9,114.1,-40.2,50,68.5,55.7,-0.7,0.3,3.6
2014-03-31,109.5,114.3,112.2,296408,394,14294,15640.7,-1689.7,4753,89688.7,74999.2,14689.6,106.7,100,104.4,106.5,104,104.7,3054.7,447.1,7.1,100,1.4,152432,110.7,106.3,115.2,-36.7,51.3,61.5,46.6,2.3,0.3,3.5
2014-04-30,109.6,112.8,112.7,274097,396.3,13601,17235,-1839.7,5571.4,91298.9,75297.8,16001,106.5,99.8,104.8,106.2,103.8,104.1,2943.3,485.3,6.8,100.2,1.4,150615,110.8,106.3,115.4,-30.5,59.5,61.2,43.2,3.1,0.3,3.3
2014-05-30,107.2,110,113.5,274804,396.3,22301.7,19919.8,-453,5999.9,94840.6,78293.7,16546.9,106.4,99.6,104.6,106.1,103.9,103.8,2882,481.4,6.6,100.6,1.4,150048,110,105.5,114.8,-25.6,62.1,55.2,33.1,5.5,0.3,3.1
2014-06-30,109.7,114.4,114.6,277614,396.3,16947.6,18620.1,-809.6,2426,92852.3,75513,17339.3,106.7,99.9,104.4,105.9,103.9,103.8,2832.8,494.6,6.5,100.6,1.4,148949,109.4,104.4,114.7,-27.7,67.7,58.4,29.8,4.3,0.2,2.8
2014-07-31,106.1,108.4,115.1,270249,397.1,12409.3,18090.1,-1236.4,-3316.1,91064.4,73626.2,17438.3,107,100.2,104.8,105.9,104,104,2871.4,502,6.6,105.3,1.4,153017,108.2,103.2,113.4,-31.5,61.8,48.1,27.1,3.9,0.2,2.5
2014-08-29,106,105,116.1,213092,397.1,16602.5,18174.3,-2765,3936.3,92640.3,76573.3,16067,107,100.2,105.1,105.8,104.1,103.6,2901.8,515.1,6.7,102.3,1.5,154885,106.6,102.4,110.8,-33.8,44.3,23.7,8.6,0.3,0.2,2.2
2014-09-30,112.9,112.8,116.1,260062,397.1,20713.6,22715.4,-4020.8,5066.2,99974.3,76914.7,23059.7,107,100.2,105.3,105.7,104.1,103.5,2807.8,518.3,6.5,149.9,1.5,156411,105.4,100.3,110.8,-43.8,25.4,14.2,6.9,-1.1,0.1,1.8
2014-10-31,107.2,108.2,117,275320,400,10890.4,14330.2,-5988,4950.2,83109.4,69570.4,13539,106.7,99.9,105.3,105.7,104.3,103.8,2732.8,517.4,6.3,102.6,1.5,156367,103.6,99.1,108.2,-56.8,3.2,4.1,-3.6,-0.7,0.1,1.4
2014-11-28,108.8,106.4,117.1,250082,400,23852.8,23491.8,-2912.6,5667.1,101451.4,79861.6,21589.8,106.7,99.9,105.2,105.5,104.2,103.5,2716.9,514.6,6.3,102.6,1.6,154133,104.7,100.3,109.2,-59.7,3.3,11,11.5,-1.6,0.1,0.9
2014-12-31,111.3,106.2,117.2,229700,400,21847.8,23021.9,-4060.7,5488.9,102863,81366.9,21496.1,106.7,99.9,105.4,105.5,104.2,102.7,2763.5,497.8,6.4,102.6,1.6,155424,105.4,101.1,109.9,-62.8,10,31.8,34.9,-1.4,0.1,0.6
2015-01-30,108.4,105.9,117.2,211337,403.2,19065,18269.3,-1206.7,5543.1,94902.7,77514.3,17388.4,105.6,98.7,105.9,104.8,103.9,101,3031.6,485.2,7,164.1,1.7,158745,106.7,101.9,111.8,-57.1,22.4,45.2,48.4,0,0.1,0.3
2015-02-27,112.3,106.5,118.4,223254,403.2,25500.2,18851.9,1658.8,10090.6,89059.8,70613.7,18446.1,106.5,99.7,104.9,104.2,104.4,100.2,3017,518.9,6.9,102.7,1.7,176741,106.9,102.7,111.2,-48.4,45.5,52.7,53,-0.1,0.1,0.2
2015-03-31,110.3,115,119.3,323039,403.2,14982.6,15510.8,-873,4580.3,89700.7,73999,15701.6,107,100.2,105.7,104.3,104.7,101.6,2931.5,542,6.8,102.8,1.8,172120,107.8,103.8,112,-36.6,55.1,62.4,54.8,3.2,0.1,0.1
2015-04-30,108.8,113.8,120,291395,404.6,16421.8,19539.5,-992.7,5410.2,95368.3,76172.4,19195.9,107,100.1,106.1,104.4,105.3,102.6,2842.8,551.6,6.5,102.7,1.8,176922,108.7,103.4,114.3,-28.3,70.2,64.8,53.3,3.3,0.1,0.2
2015-05-29,109.9,111.5,120.3,256385,404.6,27996.2,25279.7,-238.2,7039,107648.6,84560.7,23087.8,107.1,100.2,105.9,104.5,105.6,103.2,2761.7,556.8,6.3,105.2,1.8,171758,108.7,103.1,114.6,-16.5,65.7,61.2,41.9,3,0.1,0.3
2015-06-30,110.9,107.3,120.7,313539,404.6,21754.9,22266.1,-514.4,2898.2,100133.1,78805.4,21327.7,107,100.1,105.9,104.5,105.4,103,2711.2,572.2,6.2,104.8,1.7,173842,107.7,102.1,113.6,-21.6,62.9,53.7,31.5,2.8,0.1,0.5
2015-07-31,110.5,111.5,121.4,290196,408.3,11464.8,20914.9,-1177,-6267.9,95390.2,76300.3,19090,107.2,100.3,105.9,104.4,105.3,102.5,2772.6,588.7,6.3,108.2,1.8,168299,108.2,102.6,114.1,-14.4,63.9,42.7,29.7,1.4,0.1,0.7
2015-08-31,113.6,108.7,122.3,226314,408.3,26136,25478.3,-1179.6,3980.4,105269.4,81699.2,23570.1,107.2,100.3,106.3,104.4,105.4,101.8,2795.6,596.5,6.4,105.6,1.8,163071,108.5,102.3,115,-10.3,65.7,47.6,25,0.7,0.1,0.9
2015-09-30,111.4,108.3,122.8,272479,408.3,25775.8,25150.8,-3062.4,6026.5,106731.9,82289.4,24442.4,107,100.1,106.6,103.9,104.9,100.3,2708,599.6,6.2,154,1.7,162917,108.5,103.1,114.2,-9.7,67.5,33.3,12.1,-2.9,0.1,1.1
2015-10-30,109.2,109.7,122.5,278372,410.7,14760.5,16896.6,-4616.1,5265,87734.4,72712.3,15022.1,107,100.1,106.6,103.5,104.6,99.6,2649.3,612.2,6,105.6,1.7,161922,108.1,103.7,112.8,-11.2,55.2,30.1,1.9,-4.6,0.1,1.3
2015-11-30,108.1,116.2,122.1,272377,410.7,26521.2,25468.7,-2949.7,5574.8,105445.7,83177.3,22268.4,107.1,100.1,106.7,103.1,104.4,99.3,2633.2,610.3,6,105.7,1.8,166664,109,104.6,113.5,-10,54.4,28.3,10.4,-4.5,0.1,1.4
2015-12-31,109.6,109.2,122.5,247355,410.7,22205.1,23927.4,-4629.8,6012.9,105827.7,84092.7,21735,107,100.1,106.7,102.9,104.5,99.1,2681.4,590.9,6.1,105.7,1.8,163816,108.4,104.2,112.8,-9.6,55,33.9,16.1,-4.2,0.1,1.5
2016-01-29,110.1,124.7,123.7,218365,412.8,25362.2,22542.1,-684.8,6367.6,102684,82179.3,20504.8,106.1,99.1,107.1,102.4,104.1,97.9,2920.4,580.8,6.7,169.5,1.8,159532,107.3,102.4,112.5,-7.5,59.7,22.7,10.2,-5.8,0.1,1.5
2016-02-29,109.9,127.8,125.5,250146,412.8,26581.8,18206.7,2315.4,10483,91621,73256.7,18364.3,106.5,99.5,106.3,101.7,103.9,96.4,2911.2,613.9,6.6,105.9,1.8,164656,105.8,99.2,112.9,-8,52.3,13.6,1,-6.4,0.1,1.5
2016-03-31,110.6,130.2,126.5,322913,412.8,14596.7,13863.6,-1534.3,4518.4,88466.4,75264.5,13201.8,107.3,100.3,106.7,101.2,103.4,95.8,2844.9,634.5,6.5,106,1.8,177917,106.7,100.3,113.6,-11.8,50.7,10.6,4.3,-6.2,0,1.4
2016-04-29,109.5,129.2,126.5,315921,415.5,20581.9,22728.8,-229.7,5599.9,99260.3,79451.5,19808.8,106.9,99.8,107.5,101.2,103.6,96.5,2743.9,640.1,6.3,105.8,1.7,171266,106.9,100.6,113.6,-12.1,47.7,21.5,11.2,-4.8,0,1.3
2016-05-31,112.6,127.3,127.2,286931,415.5,29098.5,27527.9,-1618.7,6814.9,106698.1,80947,25751.1,107.2,100.2,106.9,101.3,103.5,96.4,2664,654.8,6,105.8,1.7,175738,108,101.8,114.5,-9.2,53.1,16.8,6.4,-3.2,0,1.1
2016-06-30,110.4,126.7,128.5,339563,415.5,28103.3,27954.4,-875.7,2726.7,104008.9,78681.3,25327.6,107.3,100.3,107.3,101.7,103.7,97.3,2614.2,664.9,5.9,105.8,1.7,173927,108.8,103.1,114.9,-10,54.5,20.2,19.2,-1.6,0,1
2016-07-29,110.7,130.3,131,278866,417.6,17885,23371.3,-906.4,-4000.9,96960.3,76247.2,20713.1,107.6,100.7,107.3,102.1,103.9,97.8,2661,673.9,6,108.1,1.8,184628,108.4,102.2,115,-12.4,49.8,-14.7,-6.8,-2.1,0,1
2016-08-31,110.4,128.5,132.4,245076,417.6,24018.8,26539.3,-2292.9,1858.3,106483.5,82007.1,24476.4,107.6,100.6,107.7,102.3,104.1,97.9,2684.3,685.2,6.1,108.7,1.7,186300,106.3,100,113.1,-10.3,57.6,4.6,0.5,-2.5,0,1
2016-09-30,110.8,123.8,132.7,298002,417.6,18196,20754.5,-3615.4,4493.1,96041.8,76943.2,19098.6,107.7,100.6,107.9,102.2,104,97.7,2607.6,686.8,5.9,157.5,1.7,183951,109.5,104.3,114.9,-10.5,55.1,5.4,0.5,-2.9,0,1.1
2016-10-31,111.7,122.3,132.6,262724,419.5,16989.2,21393.1,-5002.8,5091.2,96244.3,76550.4,19694,107.9,100.8,107.9,102,104,97.8,2539.9,691.4,5.8,108.2,1.8,183796,110.5,106,115.2,-12.8,59.5,12.3,6.2,-2.5,0,1.2
2016-11-30,111.3,123.2,133.1,276567,419.5,23738.8,25729.4,-3222.4,3931.6,105901.3,81877.2,24024.1,108,100.8,108,102.7,104.3,98.7,2532,681.1,5.7,108.3,1.8,181623,110.5,105.4,115.7,-9.3,58.8,15.8,13.8,-1.2,0,1.4
2016-12-30,116.6,133.2,134.4,256533,419.5,18795.8,20876.5,-3578.7,5082.4,101430.8,82186.8,19243.9,108.8,101.8,108,103,104.8,99.4,2568.3,658.4,5.8,108.4,1.9,177348,111,105.6,116.8,-8.3,63.5,18.1,13.8,-0.7,0,1.6
