TimeLog,arKOBSNFKP,acKOFINBXDD,aaKOCIOO,afKOCIHPP0,afKOCIHJP0,afKOCIAJR0,arKOCIBSBP,cCNNSKOPT,aoKOLWNUR,aaKOMBM2A,aaKOMBLFA,auKOMBRDB0,aaKOEIEX,aaKOEIIM,aaKOEIEXD,aaKOEIIMD,bKOSMDM_YoY,bKOSMDM,bKODYKS,bKOIVVK,arKOIRCR,arKOIRKSDACD,arKOIRKSDATB3,arKOIRKSDATB5,arKOIRKSDATB10,arKOIRKSDAMSB,arKOIRMSAAA3Y,arKOIRMFBAAA3Y,arKOIRMCPNAA33Y,arKOIRKSDATB5_YSR,arKOIRKSDATB10_YSR,arKOIRMSAAA3Y_YSR,arKOIRMFBAAA3Y_YSR,arKOIRMCPNAA33Y_YSR,ahKOPPDD,ahKOPPDD_YoY,cBKCFBLCL,aGLOCL6KOR,aKONA10RGDPGDP,aKONA10RGDPNA,aKONA10RGDPA,aKONA10RGDPC,aKONA10RGDPF,aKONA10RGDPS,aKONA10RGDPICT,aKONA10RGDPOICT,aKONA10RGDPPEI,aKONA10RGDPFI,aKONA10RGDPCC,aKONA10RGDPEG,aKONA10RGDPIG,aKONA10RGDPDDEI,aKONA10GRGNINGNI,aKONA10GRGNIRGNI,aKONA10GRGNIGDPDF,aKONA10GS,aKONA10GSGIR
2000-01-31,114.5,0.0,0.0,51.69,44.45,60,0.0,0.0,0.0,0.0,0.0,0.0,0.0,0.0,0.0,0.0,91.37,94074.93,0.72,0.0,4.74,7.2,9.00,9.58,0.0,8.62,0.0,0.0,0.0,2.38,0.0,0.0,0.0,0.0,0.0,0.0,0.0,0.0,0.0,0.0,0.0,0.0,0.0,0.0,0.0,0.0,0.0,0.0,0.0,0.0,0.0,0.0,0.0,0.0,0.0,0.0,0.0
2000-02-29,110.2,15.17,101.46,51.91,45.74,61.6,0.0,0.0,5.1,0.0,0.0,0.36,31.35,45.96,25.83,39.83,166.01,105972.95,0.81,0.0,5.02,7.01,8.91,9.47,0.0,8.29,0.0,0.0,0.0,2.46,0.0,0.0,0.0,0.0,399652,25.99,0.0,0.0,0.0,0.0,0.0,0.0,0.0,0.0,0.0,0.0,0.0,0.0,0.0,0.0,0.0,0.0,0.0,0.0,0.0,0.0,0.0
2000-03-31,131,13.98,61.65,52.13,46.77,62.64,0.0,0.0,4.9,3.19,6.09,0.19,35.76,57.51,21.63,41.11,102.89,108135.02,0.78,0.0,4.9,7.01,9.00,9.39,0.0,8.36,0.0,0.0,0.0,2.38,0.0,0.0,0.0,0.0,344401,39.21,0.0,0.0,0.0,0.0,0.0,0.0,0.0,0.0,0.0,0.0,0.0,0.0,0.0,0.0,0.0,0.0,0.0,0.0,0.0,0.0,0.0
2000-04-28,127.9,31.24,55.69,52.18,47.37,63.42,0.0,0.0,4.5,1.41,4.74,0.15,23.78,52.75,23.78,52.75,13.07,100765.7,1.53,0.0,4.9,7.1,8.92,9.28,0.0,8.35,0.0,0.0,0.0,2.18,0.0,0.0,0.0,0.0,342296,20.32,0.0,9.12,1.7,1.7,1.4,2,-4.7,2.3,7.1,1,2,15.8,0.7,3.2,11.2,3.2,2.5,1.5,1.3,34.4,33.7
2000-05-31,123.3,22.03,-4.44,52.13,47.41,63.5,0.0,0.0,4.3,2.25,4.98,0.16,17.59,46.63,30.16,62.31,16.36,97143.22,1.5,0.0,5.09,7.16,8.87,9.19,0.0,8.38,0.0,0.0,0.0,2.03,0.0,0.0,0.0,0.0,352438,25.2,0.0,7.61,1.7,1.7,1.4,2,-4.7,2.3,7.1,1,2,15.8,0.7,3.2,11.2,3.2,2.5,1.5,1.3,34.4,33.7
2000-06-30,103.8,7.54,18.8,51.96,47.32,63.5,0.0,0.0,4.2,1.75,4.96,0.19,28.14,40.47,22.75,34.57,18.02,96135.17,1.36,0.0,5.09,7.18,8.31,8.56,0.0,8.15,0.0,0.0,0.0,1.38,0.0,0.0,0.0,0.0,399120,28.1,0.0,6.21,1.7,1.7,1.4,2,-4.7,2.3,7.1,1,2,15.8,0.7,3.2,11.2,3.2,2.5,1.5,1.3,34.4,33.7
2000-07-31,91.4,-8.1,31.93,51.96,47.41,63.75,0.0,0.0,4.1,1.14,4.99,0.16,18.97,29.15,23.97,34.58,-12.04,92395.74,1.74,0.0,5.11,7.06,8.07,8.28,0.0,7.36,0.0,0.0,0.0,1.22,0.0,0.0,0.0,0.0,396245,25.01,0.0,4.98,1.5,1.6,-1.4,2.6,6.3,0.9,5.9,1.2,1.5,1.1,3.9,4.4,-1.5,1.5,1.1,0.2,2.4,34.7,33.5
2000-08-31,91.1,36.72,12.71,52.07,48.1,64.47,0.0,0.0,4.1,0.63,5.05,0.35,23.01,39.84,29.82,47.57,-16,84756.53,1.79,0.0,5.11,7.05,7.79,8.17,0.0,7.3,0.0,0.0,0.0,1.12,0.0,0.0,0.0,0.0,530496,28.43,0.0,3.93,1.5,1.6,-1.4,2.6,6.3,0.9,5.9,1.2,1.5,1.1,3.9,4.4,-1.5,1.5,1.1,0.2,2.4,34.7,33.5
2000-09-29,104.7,16,43.03,52.18,49,65.48,0.0,0.0,4.3,0.69,4.87,0.18,30.05,36.39,30.05,36.39,-29.33,75064.7,2.02,0.0,4.95,7.05,8.07,8.42,0.0,7.3,0.0,0.0,0.0,1.37,0.0,0.0,0.0,0.0,512433,24.06,0.0,3.01,1.5,1.6,-1.4,2.6,6.3,0.9,5.9,1.2,1.5,1.1,3.9,4.4,-1.5,1.5,1.1,0.2,2.4,34.7,33.5
2000-10-31,91.8,9.45,-18.37,52.24,49.51,66.09,0.0,0.0,4.5,1.87,5.34,0.3,26.47,31.26,30,34.92,-10.18,70290.36,2.4,0.0,5.37,7.02,7.64,7.95,0.0,7.06,0.0,0.0,0.0,0.93,0.0,0.0,0.0,0.0,375622,20.18,0.0,2.21,2.9,3,0.3,6.4,1,0.8,4.9,2.3,0.6,1.2,-1.1,6.8,5.2,0.5,3,3.4,-0.3,34.9,33
2000-11-30,81,-8.69,-16.85,52.07,49.34,66.07,0.0,0.0,4.1,3.78,6.15,0.22,13.37,24.18,16.71,27.83,-26.33,70794.19,2.42,0.0,5.31,6.94,7.16,7.34,0.0,7.02,0.0,0.0,0.0,0.4,0.0,0.0,0.0,0.0,387338,10.01,0.0,1.49,2.9,3,0.3,6.4,1,0.8,4.9,2.3,0.6,1.2,-1.1,6.8,5.2,0.5,3,3.4,-0.3,34.9,33
2000-12-29,68,16.34,-7.46,51.74,48.78,65.67,0.0,0.0,4.2,2.59,6.7,0.63,5.58,20.72,5.58,20.72,-13.37,60569.18,2.44,0.0,5.32,6.88,6.7,6.91,7.21,6.83,0.0,0.0,0.0,0.03,0.38,0.0,0.0,0.0,383924,10.32,0.0,0.8,2.9,3,0.3,6.4,1,0.8,4.9,2.3,0.6,1.2,-1.1,6.8,5.2,0.5,3,3.4,-0.3,34.9,33
2001-01-31,62.7,79.23,0.66,51.69,48.83,65.95,0.0,0.0,4.4,3.07,6.64,0.27,0.14,4.75,6.96,11.88,-7.34,87170.44,2.01,0.0,5.27,5.94,5.68,5.95,6.54,5.71,0.0,0.0,0.0,0.01,0.83,0.0,0.0,0.0,404669,15.03,0.0,0.14,-0.7,-0.9,2.4,-3.7,-3.7,1.6,2.2,-0.6,0.5,-7.4,-2.7,-3.1,-4.4,-0.7,0.4,-2,1.1,33.6,32.6
2001-02-28,83,-3.45,-18.81,51.85,49.98,67.32,0.0,0.0,4.5,3.77,6.66,0.32,3.97,-1.3,13.51,7.76,-22.99,81606.22,2.14,0.0,5.05,5.68,5.43,5.95,6.49,5.65,0.0,0.0,0.0,0.27,0.84,0.0,0.0,0.0,443771,11.04,0.0,-0.44,-0.7,-0.9,2.4,-3.7,-3.7,1.6,2.2,-0.6,0.5,-7.4,-2.7,-3.1,-4.4,-0.7,0.4,-2,1.1,33.6,32.6
2001-03-30,102.4,18.28,-3.41,52.18,51.19,68.33,0.0,0.0,4.7,5.16,8.18,0.31,5.35,5.89,2.11,2.64,-29.35,76392.7,2.37,0.0,4.92,5.7,6.31,7.03,7.51,6.12,0.0,0.0,0.0,1.33,1.39,0.0,0.0,0.0,394537,14.56,0.0,-0.86,-0.7,-0.9,2.4,-3.7,-3.7,1.6,2.2,-0.6,0.5,-7.4,-2.7,-3.1,-4.4,-0.7,0.4,-2,1.1,33.6,32.6
2001-04-30,107.7,50.57,-21.8,52.51,51.83,68.66,0.0,0.0,4.5,5.63,8.36,0.34,-2.11,-8.87,-0.91,-7.75,-14.13,86527.54,2.45,0.0,5.01,5.92,6.8,7.39,7.85,6.31,0.0,0.0,0.0,1.47,1.54,0.0,0.0,0.0,395892,15.66,0.0,-1.07,1,1,-0.8,1.1,-0.6,1.4,8.2,0.4,0.4,-1,2.2,-1.2,-0.9,1,3.2,1.8,3.6,33.8,31.9
2001-05-31,115.5,-8.78,8.71,52.9,52.34,68.76,0.0,0.0,4,4.84,7.93,0.28,-10.36,-15.98,-15.47,-20.77,-7.07,90275.45,2.3,0.0,5,5.77,6.17,6.67,7.29,5.85,0.0,0.0,0.0,0.9,1.44,0.0,0.0,0.0,409493,16.19,0.0,-1.03,1,1,-0.8,1.1,-0.6,1.4,8.2,0.4,0.4,-1,2.2,-1.2,-0.9,1,3.2,1.8,3.6,33.8,31.9
2001-06-29,114.3,34.74,21.73,53.34,52.82,68.63,0.0,0.0,3.8,4.34,7.73,0.21,-9.09,-13.01,-10.22,-14.1,-19.56,77329.23,2.35,0.0,4.94,5.57,5.93,6.2,6.78,5.73,0.0,0.0,0.0,0.63,1.05,0.0,0.0,0.0,430349,7.82,0.0,-0.8,1,1,-0.8,1.1,-0.6,1.4,8.2,0.4,0.4,-1,2.2,-1.2,-0.9,1,3.2,1.8,3.6,33.8,31.9
2001-07-31,104.6,-8.24,-4.28,54,53.63,68.64,0.0,0.0,3.8,5.32,8.23,0.21,-15.21,-11.07,-14.12,-9.93,-17.26,76444.25,2.31,0.0,4.76,5.14,5.58,6,6.78,5.34,0.0,0.0,0.0,0.86,1.44,0.0,0.0,0.0,452596,14.22,0.0,-0.48,1.6,1.6,0.3,0.2,4.2,1.1,-6,1.7,3.6,-4.1,3.4,-4.7,-6.4,2.2,3,0.7,4.9,33.4,31.9
2001-08-31,90.2,-25.09,21.07,55.04,54.96,68.77,90.6,0.0,3.8,6.33,8.77,0.24,-21.19,-18.76,-22.19,-19.78,-10.17,76135.2,2.28,0.0,4.42,4.81,5.15,5.45,6.24,5.1,0.0,0.0,0.0,0.64,1.14,0.0,0.0,0.0,604683,13.98,0.0,-0.08,1.6,1.6,0.3,0.2,4.2,1.1,-6,1.7,3.6,-4.1,3.4,-4.7,-6.4,2.2,3,0.7,4.9,33.4,31.9
2001-09-28,98,-18.7,-10.53,55.92,56.21,69.15,105.7,-22826,3.8,7.89,9.82,0.25,-20.43,-15.65,-20.43,-15.65,10.13,82665.41,2.46,0.0,3.9,4.41,4.45,4.92,6.03,4.27,0.0,0.0,0.0,0.51,1.76,0.0,0.0,0.0,586380,14.43,0.0,0.4,1.6,1.6,0.3,0.2,4.2,1.1,-6,1.7,3.6,-4.1,3.4,-4.7,-6.4,2.2,3,0.7,4.9,33.4,31.9
2001-10-31,75.9,-4.93,71.05,56.19,56.63,69.48,89.2,-23856,3.7,8.12,10.34,0.11,-17.75,-11.9,-24.75,-19.4,16.77,82078.38,2.19,0.0,4.01,4.38,4.98,6.12,6.85,4.54,0.0,0.0,0.0,1.74,2.31,0.0,0.0,0.0,403500,7.42,7.39,1.07,1.5,1.6,-0.3,1.4,9.1,1.1,-0.9,1.9,1.5,-2.6,8.6,0.9,4.4,2.4,1.6,1.3,4.7,32.4,32.6
2001-11-30,85,2.49,36.8,56.41,56.63,69.23,93.9,-21396,3.7,8.45,10.71,0.21,-20.74,-18.42,-17.26,-14.84,40.4,99397.24,1.79,0.0,3.92,4.76,5.68,6.34,6.88,5.2,0.0,0.0,0.0,1.58,1.68,0.0,0.0,0.0,387585,0.06,6.99,1.97,1.5,1.6,-0.3,1.4,9.1,1.1,-0.9,1.9,1.5,-2.6,8.6,0.9,4.4,2.4,1.6,1.3,4.7,32.4,32.6
2001-12-31,101.3,5.13,87.49,56.85,56.81,68.85,96.1,-25437,3.7,9.66,11.77,0.13,-17.61,-18.56,-17.61,-18.56,57.8,95578.85,1.73,0.0,4,4.86,5.91,6.73,7.02,5.34,0.0,0.0,0.0,1.87,1.68,0.0,0.0,0.0,428508,11.61,7.62,3.16,1.5,1.6,-0.3,1.4,9.1,1.1,-0.9,1.9,1.5,-2.6,8.6,0.9,4.4,2.4,1.6,1.3,4.7,32.4,32.6
2002-01-31,105.1,-30.29,71,58.34,58.01,68.53,89.5,-27038,3.7,8.92,11.42,0.15,-20.45,-14.22,-20.45,-14.22,32.65,115632.88,1.61,0.0,3.97,4.67,6.03,6.76,7.11,5.06,0.0,0.0,0.0,2.09,2.05,0.0,0.0,0.0,464240,14.72,7.45,4.62,1.4,1.4,2.9,1.5,-5.1,2.1,20.9,-0.5,2.4,4,-4.1,-0.4,1.1,1.4,-0.7,1.8,1.5,30.1,31
2002-02-28,110.7,22.75,55.03,59.82,59.64,68.66,126.2,-28346,3.7,8.33,11.35,0.06,-9.99,-8.89,-20.88,-19.91,32.01,107725.33,1.47,0.0,3.94,4.45,5.71,6.46,6.81,4.86,0.0,0.0,0.0,2.01,1.95,0.0,0.0,0.0,570711,28.6,7.8,6.25,1.4,1.4,2.9,1.5,-5.1,2.1,20.9,-0.5,2.4,4,-4.1,-0.4,1.1,1.4,-0.7,1.8,1.5,30.1,31
2002-03-28,141.9,7.96,49.31,61.19,60.97,68.6,144.2,-32789,3.5,8.53,11.6,0.08,-17.46,-17.76,-4.95,-5.3,57.87,120604.62,1.34,0.0,3.95,4.83,6.39,6.98,7.25,5.37,0.0,0.0,0.0,2.15,1.88,0.0,0.0,0.0,459824,16.55,9.9,7.88,1.4,1.4,2.9,1.5,-5.1,2.1,20.9,-0.5,2.4,4,-4.1,-0.4,1.1,1.4,-0.7,1.8,1.5,30.1,31
2002-04-30,140.8,67.8,173.17,61.8,61.74,68.8,144.3,-32823,3.4,8.8,11.86,0.1,-6.18,-7.43,-2.19,-3.49,35.06,116865.93,1.3,0.0,4.04,4.72,6.33,6.92,7.22,5.34,0.0,0.0,0.0,2.2,1.88,0.0,0.0,0.0,488087,23.29,12.6,9.34,2.3,2.5,-3.3,2.5,-0.2,3.2,-0.8,3,3.5,3.7,2.7,7.5,2.7,3.2,6.5,3.8,3,31.8,30.2
2002-05-31,143,32.7,51.94,62.18,61.95,68.6,128.2,-33415,3.3,11.09,12.95,0.08,8.77,12.02,4.2,7.31,13.04,102047.21,1.36,0.0,4.17,4.83,6.14,6.55,6.92,5.38,0.0,0.0,0.0,1.72,1.54,0.0,0.0,0.0,515686,25.93,13.56,10.46,2.3,2.5,-3.3,2.5,-0.2,3.2,-0.8,3,3.5,3.7,2.7,7.5,2.7,3.2,6.5,3.8,3,31.8,30.2
2002-06-28,121.8,-12.89,19.52,62.46,61.95,68.22,133.2,-29291,3.3,12.25,13.72,0.04,6.51,9.89,-0.51,2.65,24.46,96245.71,1.42,0.0,4.25,4.91,5.66,6.01,6.51,5.39,0.0,0.0,0.0,1.1,1.12,0.0,0.0,0.0,483862,12.43,14.55,11.16,2.3,2.5,-3.3,2.5,-0.2,3.2,-0.8,3,3.5,3.7,2.7,7.5,2.7,3.2,6.5,3.8,3,31.8,30.2
2002-07-31,114.6,19.93,10.98,63.06,62.17,67.86,124.8,-23253,3.1,12.37,13.74,0.04,-0.29,1.84,8.98,11.31,22.3,93493.63,1.58,0.0,4.27,4.84,5.54,6.02,6.45,5.18,0.0,0.0,0.0,1.18,1.27,0.0,0.0,0.0,474850,4.92,16.67,11.46,2,2.2,-2.3,3.5,-0.3,2,3.5,1.9,1.9,2.1,0.1,6.5,7.7,1.5,2.6,1,2.7,31.6,31.2
2002-08-30,100.4,10.36,21.72,64.16,62.81,67.41,96.9,-16980,3.1,12.55,13.55,0.06,17.58,17.32,17.58,17.32,21.54,92533.82,1.53,0.0,4.27,4.8,5.45,5.9,6.26,5.03,0.0,0.0,0.0,1.1,1.23,0.0,0.0,0.0,659015,8.99,15.89,11.41,2,2.2,-2.3,3.5,-0.3,2,3.5,1.9,1.9,2.1,0.1,6.5,7.7,1.5,2.6,1,2.7,31.6,31.2
2002-09-30,118.5,67.68,73.91,65.7,63.58,66.67,118.1,-14872,3.4,11.45,13.02,0.05,18.64,13.43,20.09,14.82,-0.33,82389.71,1.76,0.0,4.27,4.86,5.3,5.65,6.1,5.06,0.0,0.0,0.0,0.79,1.04,0.0,0.0,0.0,706200,20.43,17.08,11.11,2,2.2,-2.3,3.5,-0.3,2,3.5,1.9,1.9,2.1,0.1,6.5,7.7,1.5,2.6,1,2.7,31.6,31.2
2002-10-31,115.1,5.51,-14.49,66.03,63.5,66.18,101.6,-13927,3,10.74,12.39,0.05,11.68,10.95,18.75,17.98,10.56,90746.19,1.73,0.0,4.28,4.94,5.33,5.63,5.98,5.09,0.0,0.0,0.0,0.69,0.89,0.0,0.0,0.0,463427,14.85,17.35,10.59,1.9,1.9,2.6,3.3,1.1,1.3,2.3,1.9,0.5,1.2,1.1,6.4,7.2,0.5,1.4,2.8,1.4,31.8,31.2
2002-11-29,98.6,39.07,26.97,66.08,62.9,65.6,89.6,-15596,3.1,10.65,12.44,0.05,24.81,20.08,14.75,10.39,-7.08,92358.44,1.56,0.0,4.27,4.9,5.35,5.62,5.8,5.05,0.0,0.0,0.0,0.72,0.75,0.0,0.0,0.0,539814,39.28,18.95,9.88,1.9,1.9,2.6,3.3,1.1,1.3,2.3,1.9,0.5,1.2,1.1,6.4,7.2,0.5,1.4,2.8,1.4,31.8,31.2
2002-12-31,95.6,22,16.43,66.19,62.56,65.3,84.9,-10383,3.1,11.64,12.54,0.04,23.06,21.34,24.57,22.82,-14.83,81405.94,1.77,0.0,4.52,4.9,5.11,5.34,5.61,4.99,0.0,0.0,0.0,0.44,0.62,0.0,0.0,0.0,518737,21.06,19.33,8.98,1.9,1.9,2.6,3.3,1.1,1.3,2.3,1.9,0.5,1.2,1.1,6.4,7.2,0.5,1.4,2.8,1.4,31.8,31.2
2003-01-31,91.9,23.37,18.69,66.14,62.51,65,72.9,-6589,3.1,13.31,13.68,0.06,26.12,27.87,29.99,31.8,-32.61,77927.14,1.89,35.88,4.34,4.55,4.77,4.93,5.19,4.65,0.0,0.0,0.0,0.38,0.54,0.0,0.0,0.0,495164,6.66,20.02,7.88,0.9,1,-1.5,1.1,5.7,0.4,4.8,0.5,-0.1,1.5,4.7,2.9,3.2,1.2,2.1,0.3,5.1,32,32.1
2003-02-28,89.3,3.95,15.24,66.47,62.98,65.08,94.9,-2387,3.4,14.13,13.31,0.04,25.81,27.97,31.1,33.35,-25.79,79947.02,1.94,35.45,4.26,4.53,4.6,4.79,5.07,4.56,0.0,0.0,0.0,0.26,0.51,0.0,0.0,0.0,676534,18.54,20.49,6.59,0.9,1,-1.5,1.1,5.7,0.4,4.8,0.5,-0.1,1.5,4.7,2.9,3.2,1.2,2.1,0.3,5.1,32,32.1
2003-03-31,109,22.16,41.53,66.96,63.46,65.09,98.7,921,3.3,13.93,13.08,0.08,20.99,32.35,8.4,18.57,-8.64,110179.6,2.04,40.96,4.25,4.7,4.62,4.77,5.04,4.6,0.0,0.0,0.0,0.07,0.44,0.0,0.0,0.0,563260,22.49,19.46,5.18,0.9,1,-1.5,1.1,5.7,0.4,4.8,0.5,-0.1,1.5,4.7,2.9,3.2,1.2,2.1,0.3,5.1,32,32.1
2003-04-30,90.2,-55.73,-30.94,67.56,63.5,64.79,86.7,3122,3.3,13.34,12.47,0.14,16.06,32.36,14.59,30.69,-14.5,99920.71,2.84,34.46,4.25,4.54,4.46,4.61,4.9,4.46,0.0,0.0,0.0,0.07,0.44,0.0,0.0,0.0,458064,-6.15,20.26,3.75,-0.7,-0.7,-0.8,-1.2,1.9,-0.5,0.2,-0.6,-0.8,-1,2.6,0.9,1.2,0,1,-1.5,3.1,32.4,33.7
2003-05-30,108.1,0.39,3.54,68.66,63.37,63.72,88.7,7637,3.4,11.92,11.65,0.08,19.24,17.51,17.75,16.05,-3.55,98420.37,2.69,32.42,3.99,4.3,4.1,4.26,4.47,4.21,0.0,0.0,0.0,-0.04,0.26,0.0,0.0,0.0,283026,-45.12,20.96,2.49,-0.7,-0.7,-0.8,-1.2,1.9,-0.5,0.2,-0.6,-0.8,-1,2.6,0.9,1.2,0,1,-1.5,3.1,32.4,33.7
2003-06-30,96.4,6.74,24.75,69.16,62.98,63.44,95.8,3823,3.5,10.35,10.2,0.08,3.55,6.5,13.68,16.92,8.3,104235.73,2.54,28.29,4.09,4.3,4.16,4.27,4.61,4.46,4.82,4.92,5.41,-0.03,0.15,0.66,0.76,1.25,304701,-37.03,20.2,1.54,-0.7,-0.7,-0.8,-1.2,1.9,-0.5,0.2,-0.6,-0.8,-1,2.6,0.9,1.2,0,1,-1.5,3.1,32.4,33.7
2003-07-31,90.3,5.1,111.92,69.31,62.65,62.81,85.4,2788,3.6,9.06,9.41,0.1,21.42,12.52,14.5,6.1,9.05,101958.16,2.35,25.5,3.74,3.96,4.58,4.99,5.24,4.17,4.97,5.01,5.5,1.03,1.07,0.39,0.43,0.92,428916,-9.67,18.5,1,0,0.1,-3.4,-0.3,0.3,0.3,0.1,0,-0.6,-2.3,-0.1,1.6,-2.6,-0.4,0.7,0.1,3.1,32.8,32.3
2003-08-29,91.4,-5.08,63.56,69.54,62.57,62.64,70.7,1095,3.6,7.87,9.07,0.07,15.2,14.32,10.56,9.71,8.34,100249.19,2.2,20.83,3.7,3.85,4.46,4.73,5.05,4.15,4.83,4.88,5.31,0.88,0.9,0.37,0.42,0.85,665137,0.93,19.46,0.88,0,0.1,-3.4,-0.3,0.3,0.3,0.1,0,-0.6,-2.3,-0.1,1.6,-2.6,-0.4,0.7,0.1,3.1,32.8,32.3
2003-09-30,109.6,-25.26,37.36,70.13,62.78,62.31,83.3,1663,3.7,7.04,8.73,0.09,10.15,5.29,14.83,9.77,10.83,91312.77,2.38,26.98,3.75,3.89,4.11,4.36,4.66,4.06,4.43,4.49,4.91,0.47,0.6,0.32,0.38,0.8,726316,2.85,18.54,1.11,0,0.1,-3.4,-0.3,0.3,0.3,0.1,0,-0.6,-2.3,-0.1,1.6,-2.6,-0.4,0.7,0.1,3.1,32.8,32.3
2003-10-31,110.3,39.48,35.1,70.83,62.82,60.96,86.7,1281,3.7,6.66,7.94,0.08,22.45,11.85,24.13,13.39,7.73,97760.19,2.13,28.33,3.83,4.05,4.48,4.78,5.09,4.24,4.74,4.78,5.08,0.73,0.85,0.26,0.3,0.6,529877,14.34,17.23,1.57,1.6,1.8,-3.6,3.4,0.2,1.4,7.4,1,0.2,-3.3,2,7.8,4.2,0.3,1.7,2.6,4,33.3,31.8
2003-11-28,102.8,13.24,16.01,70.57,62.4,60.71,86.7,2813,3.8,5.77,7.5,0.06,25.49,19.68,25.49,19.68,3.25,95363.02,2.08,25.35,3.77,4.28,4.88,5.16,5.43,4.6,5.21,5.26,5.55,0.88,0.83,0.33,0.38,0.67,581230,7.67,15.13,2.19,1.6,1.8,-3.6,3.4,0.2,1.4,7.4,1,0.2,-3.3,2,7.8,4.2,0.3,1.7,2.6,4,33.3,31.8
2003-12-31,98.7,-8.03,-19.75,69.99,61.66,60.47,92.4,5586,3.9,3.76,5.93,0.06,20.04,12.63,25.15,17.42,17.24,95436.93,2.09,22.49,3.95,4.36,4.82,5.06,5.38,4.66,5.18,5.27,5.63,0.7,0.72,0.36,0.45,0.81,576348,11.11,14.77,2.86,1.6,1.8,-3.6,3.4,0.2,1.4,7.4,1,0.2,-3.3,2,7.8,4.2,0.3,1.7,2.6,4,33.3,31.8
2004-01-30,99.8,-7.62,5.67,69.7,61.37,60.42,64.1,13338,3.8,3.21,5.29,0.08,31.3,21.95,20.71,12.12,21.93,95017.45,1.99,21.23,3.77,4.19,4.94,5.24,5.5,4.51,5.23,5.31,5.71,1.05,0.99,0.29,0.37,0.77,549973,11.07,13.28,3.58,2.6,2.6,0.7,5.3,4.9,1.2,4.7,2.3,-0.1,5.5,3.7,10.9,9.5,1.4,3.6,3,3.3,34.7,31.4
2004-02-27,104.9,21.22,1.38,69.85,61.5,60.56,77.3,14586,3.6,3.02,4.97,0.05,32.59,11.82,53.94,29.83,12.76,90148.71,1.99,19.95,3.77,4,4.78,5.08,5.43,4.4,5,5.03,5.42,1.08,1.03,0.22,0.25,0.64,725580,7.25,12.84,4.31,2.6,2.6,0.7,5.3,4.9,1.2,4.7,2.3,-0.1,5.5,3.7,10.9,9.5,1.4,3.6,3,3.3,34.7,31.4
2004-03-31,113.6,14.57,-19.41,69.99,61.72,60.78,86.9,15950,3.6,2.36,4.92,0.05,43.49,26.05,44.14,26.62,-19.5,88690.09,1.83,24.66,3.74,3.9,4.5,4.81,5.21,4.18,4.72,4.74,5.04,0.91,1.03,0.22,0.24,0.54,609593,8.23,12.7,5.07,2.6,2.6,0.7,5.3,4.9,1.2,4.7,2.3,-0.1,5.5,3.7,10.9,9.5,1.4,3.6,3,3.3,34.7,31.4
2004-04-30,104.3,44.37,2.11,70.1,61.76,60.69,74.1,16502,3.6,2.62,5.09,0.06,37.69,20.48,36.54,19.47,3.95,103866.32,2.21,24.47,3.76,3.9,4.43,4.82,5.18,4.07,4.62,4.64,4.93,0.92,1.11,0.19,0.21,0.5,524213,14.44,9.23,5.84,1.3,0.9,13.1,2.4,-0.7,0,8,0.4,-0.2,0.5,-1.2,5.3,1.5,-0.1,2.3,-0.4,2.6,35.5,32.4
2004-05-28,113.2,19.17,-6.53,70.09,61.62,60.63,79.8,14628,3.6,2.71,5.34,0.06,36.66,27.59,49.7,39.76,-11.14,87452.19,2.39,30.14,3.76,3.89,4.24,4.51,4.95,4.04,4.41,4.44,4.73,0.62,0.91,0.17,0.2,0.49,578500,104.4,8.24,6.5,1.3,0.9,13.1,2.4,-0.7,0,8,0.4,-0.2,0.5,-1.2,5.3,1.5,-0.1,2.3,-0.4,2.6,35.5,32.4
2004-06-30,92.1,16.16,-17.38,69.91,61.1,60.4,70.4,22585,3.7,3.14,5.46,0.1,41.96,32.33,55.17,44.64,-19.59,83814.23,2.42,32.36,3.78,3.93,4.24,4.53,4.97,4.14,4.45,4.49,4.78,0.6,0.83,0.21,0.25,0.54,612240,100.93,7.11,6.97,1.3,0.9,13.1,2.4,-0.7,0,8,0.4,-0.2,0.5,-1.2,5.3,1.5,-0.1,2.3,-0.4,2.6,35.5,32.4
2004-07-30,86.4,22.12,-34.2,69.73,60.63,60.15,62.2,25409,3.5,3.93,5.93,0.06,38.33,38.1,31.41,31.2,-23.08,78422.31,2.52,28.62,3.78,3.9,4.08,4.32,4.69,3.99,4.24,4.29,4.63,0.42,0.7,0.16,0.21,0.55,646378,50.7,5.27,7.21,0.7,0.8,-2.6,1.5,-0.8,0.7,2.8,0.5,0.4,2.7,-0.1,2.4,0.7,0.8,1.4,0.2,2.5,35.6,32.3
2004-08-31,86.4,-11.86,3.82,69.45,60.05,59.84,54.6,23951,3.7,4.55,6.18,0.04,36.11,23.44,40.64,27.55,-15.03,85179.39,2.33,22.76,3.52,3.52,3.56,3.75,4.11,3.5,3.71,3.74,4.05,0.23,0.61,0.15,0.18,0.49,825539,24.12,4.93,7.2,0.7,0.8,-2.6,1.5,-0.8,0.7,2.8,0.5,0.4,2.7,-0.1,2.4,0.7,0.8,1.4,0.2,2.5,35.6,32.3
2004-09-30,95.5,-13.4,-35.95,69.3,59.77,59.71,60.3,25385,3.8,5.12,6.31,0.05,28.77,33.84,26.09,31.06,-3.75,87888.08,2.22,23.73,3.55,3.54,3.53,3.65,4.02,3.49,3.68,3.71,3.97,0.11,0.53,0.15,0.18,0.44,857519,18.06,4.1,6.98,0.7,0.8,-2.6,1.5,-0.8,0.7,2.8,0.5,0.4,2.7,-0.1,2.4,0.7,0.8,1.4,0.2,2.5,35.6,32.3
2004-10-29,99.2,-14.1,-24.45,69.14,59.5,59.64,61.2,28118,3.7,5.57,6.67,0.05,22.38,25.2,27.05,29.97,-17.3,80852.35,2.22,27.17,3.53,3.53,3.45,3.55,3.95,3.42,3.58,3.61,3.87,0.02,0.53,0.13,0.16,0.42,614604,15.99,3.28,6.61,0.3,0.4,-0.8,0.4,-1.2,0.7,-0.8,0.6,0.2,-1.6,-1,-1.2,-2.4,-0.2,1.4,0.6,3.9,35.5,31.6
2004-11-30,90.3,-5.91,34.34,68.83,59.06,59.52,39,34834,3.7,6.18,6.77,0.06,19.72,23.41,26.35,30.24,-9.98,85843.25,2.1,25.05,3.25,3.36,3.31,3.45,3.93,3.29,3.48,3.51,3.72,0.09,0.64,0.17,0.2,0.41,685885,18.01,2.98,6.16,0.3,0.4,-0.8,0.4,-1.2,0.7,-0.8,0.6,0.2,-1.6,-1,-1.2,-2.4,-0.2,1.4,0.6,3.9,35.5,31.6
2004-12-31,82.2,4.22,4.88,68.54,58.59,57.2,61.8,36589,3.8,6.97,7.32,0.05,26.5,28.88,23.87,26.19,-14.8,81308.5,2.06,21.29,3.29,3.43,3.28,3.39,3.81,3.31,3.47,3.5,3.71,-0.04,0.5,0.19,0.22,0.43,676165,17.32,1.55,5.69,0.3,0.4,-0.8,0.4,-1.2,0.7,-0.8,0.6,0.2,-1.6,-1,-1.2,-2.4,-0.2,1.4,0.6,3.9,35.5,31.6
2005-01-31,77.8,-14.23,39.9,68.35,58.31,57.06,47,30872,3.8,5.81,6.45,0.05,17.58,18.97,19.02,20.42,5.13,99890.77,1.95,18.12,3.25,3.57,4.06,4.32,4.85,3.75,4.24,4.27,4.48,0.75,1.1,0.18,0.21,0.42,652687,18.68,1.69,5.24,0.6,0.5,3.8,0.7,-1.8,0.7,2,0.4,1.1,0.2,-1.4,1.8,6.6,0.6,1,1.4,2.9,35.2,32.9
2005-02-28,85.7,-8.68,6.34,68.57,58.43,57.16,78.1,26216,3.9,5.87,6.9,0.04,18.26,20,5.4,6.95,17.73,106134.15,1.79,16.67,3.27,3.55,4.04,4.3,4.74,3.8,4.23,4.26,4.51,0.75,0.94,0.19,0.22,0.47,824146,13.58,0.14,4.83,0.6,0.5,3.8,0.7,-1.8,0.7,2,0.4,1.1,0.2,-1.4,1.8,6.6,0.6,1,1.4,2.9,35.2,32.9
2005-03-31,119.2,-26.02,-25.25,68.84,58.69,57.21,101.1,24420,3.7,6.33,6.96,0.06,6.61,5.31,23.44,21.94,12.85,100082.7,1.86,19.69,3.26,3.54,3.91,4.17,4.74,3.79,4.1,4.13,4.34,0.63,0.95,0.19,0.22,0.43,680672,11.66,-0.23,4.52,0.6,0.5,3.8,0.7,-1.8,0.7,2,0.4,1.1,0.2,-1.4,1.8,6.6,0.6,1,1.4,2.9,35.2,32.9
2005-04-29,117.6,-7.73,69.26,69.23,58.9,57.11,112.3,18377,3.7,6.43,6.84,0.04,13.12,19.14,13.12,19.14,-9.17,94343.28,2.71,22.48,3.29,3.48,3.76,4,4.59,3.64,3.92,3.95,4.13,0.52,0.95,0.16,0.19,0.37,635606,21.25,-0.62,4.32,0.8,0.8,-0.7,1.2,-0.2,0.9,1.2,0.9,0.8,3.3,-0.3,2,-2.2,0.8,0.5,0,1.9,34.5,32
2005-05-31,114.1,-14.33,23.46,69.61,58.97,56.96,96.4,16871,3.7,6.63,6.45,0.05,6.47,12.82,4.1,10.32,10.56,96687.44,2.54,16.35,3.29,3.52,3.67,3.81,4.31,3.57,3.83,3.84,4.02,0.29,0.74,0.16,0.17,0.35,690688,19.39,-1.26,4.26,0.8,0.8,-0.7,1.2,-0.2,0.9,1.2,0.9,0.8,3.3,-0.3,2,-2.2,0.8,0.5,0,1.9,34.5,32
2005-06-30,105.1,-15.65,50.22,70.17,59.06,56.72,106.6,6907,3.7,6.94,6.62,0.05,10.98,18.25,3.75,10.54,20.16,100713.52,2.45,15.76,3.29,3.54,4.02,4.25,4.78,3.8,4.19,4.2,4.34,0.71,0.98,0.17,0.18,0.32,729035,19.08,-1.09,4.26,0.8,0.8,-0.7,1.2,-0.2,0.9,1.2,0.9,0.8,3.3,-0.3,2,-2.2,0.8,0.5,0,1.9,34.5,32
2005-07-29,96.5,-19.51,35.4,70.76,59.13,56.43,88.9,520,3.8,6.97,6.56,0.04,9.47,14.8,14.23,19.79,48.18,116207.41,2.22,16.88,3.27,3.49,4.23,4.55,5.02,3.78,4.4,4.4,4.53,1.06,1.24,0.17,0.17,0.3,793646,22.78,0.65,4.27,1.8,1.9,1.6,2.3,4.7,1.2,3.3,1.6,2.3,-0.1,4.2,4.2,5,2.2,1.1,0.3,0.6,33.8,32.8
2005-08-31,91.7,25.72,4.26,71.01,59.25,56.33,69.3,2384,3.8,7.42,7.21,0.02,10.63,16.96,12.98,19.45,30.77,111390.33,2.27,21.12,3.24,3.51,4.16,4.45,4.83,3.91,4.35,4.37,4.47,0.94,0.92,0.19,0.21,0.31,946092,14.6,0.35,4.35,1.8,1.9,1.6,2.3,4.7,1.2,3.3,1.6,2.3,-0.1,4.2,4.2,5,2.2,1.1,0.3,0.6,33.8,32.8
2005-09-30,111.4,16.4,16.24,71.18,59.72,56.58,73.8,-1997,3.7,7.88,7.48,0.03,17.9,21.39,17.9,21.39,34.07,117831.93,2.02,23.82,3.28,3.93,4.6,4.83,5.11,4.38,4.85,4.88,4.97,0.9,0.73,0.25,0.28,0.37,996144,16.17,0.42,4.49,1.8,1.9,1.6,2.3,4.7,1.2,3.3,1.6,2.3,-0.1,4.2,4.2,5,2.2,1.1,0.3,0.6,33.8,32.8
2005-10-31,110.2,-7.55,23.67,71.16,60.13,56.91,64.9,-2567,4,7.74,7.59,0.03,17.7,24.87,9.86,16.55,42.15,114935.41,2.13,25.85,3.51,3.95,4.95,5.22,5.49,4.46,5.24,5.26,5.41,1.27,1.03,0.29,0.31,0.46,715085,16.35,1.31,4.71,1.3,1.4,-0.3,2.6,-2.5,1.5,3.4,1.2,1.2,0.5,-1.8,3.9,2.3,0.7,1.6,0.1,0.9,33.4,32.9
2005-11-30,107.8,-14.32,-36.54,71.16,60.27,57.13,72.7,-9410,3.9,6.55,6.85,0.06,11.87,11,16.84,15.93,49.34,128197.94,1.89,23.38,3.5,3.95,5.1,5.38,5.69,4.62,5.37,5.4,5.56,1.43,1.07,0.27,0.3,0.46,773642,12.79,2.13,4.97,1.3,1.4,-0.3,2.6,-2.5,1.5,3.4,1.2,1.2,0.5,-1.8,3.9,2.3,0.7,1.6,0.1,0.9,33.4,32.9
2005-12-30,103.8,6.03,0.84,71.29,60.37,57.13,85.2,-13583,3.6,6.48,6.89,0.03,11.92,17.42,11.92,17.42,46.3,118955.6,1.74,19.44,3.76,4.09,5.08,5.36,5.62,4.67,5.32,5.34,5.55,1.27,0.95,0.24,0.26,0.47,711363,5.21,3.14,5.26,1.3,1.4,-0.3,2.6,-2.5,1.5,3.4,1.2,1.2,0.5,-1.8,3.9,2.3,0.7,1.6,0.1,0.9,33.4,32.9
2006-01-31,102.6,42.89,-18.56,71.53,60.59,57.12,64.6,-11918,3.5,6.62,7.19,0.02,10.49,15.35,10.49,15.35,31.4,131252.26,1.72,21.57,3.76,4.18,4.92,5.16,5.44,4.59,5.12,5.15,5.32,0.98,0.85,0.2,0.23,0.4,712597,9.18,5.75,5.52,1,1.1,-2.4,1.7,-1.6,1.1,2.5,0.8,1.1,5.3,-1.6,2.1,1.3,1,1.4,0.8,0.8,33.4,32.3
2006-02-28,102.4,-4.2,10.94,71.86,60.85,57.19,70,-11506,3.4,7,7.35,0.02,3.58,18.71,5.88,21.35,14.14,121146.13,1.72,19.9,3.99,4.26,4.9,5.05,5.25,4.56,5.06,5.08,5.24,0.79,0.69,0.16,0.18,0.34,909551,10.36,6.22,5.72,1,1.1,-2.4,1.7,-1.6,1.1,2.5,0.8,1.1,5.3,-1.6,2.1,1.3,1,1.4,0.8,0.8,33.4,32.3
2006-03-31,118.9,46.11,29,72.32,61.3,57.24,94.4,-12426,3.5,7.27,7.23,0.02,16.6,27.78,0.7,10.36,12.39,112486.93,1.73,18.19,3.97,4.27,4.93,5.13,5.44,4.56,5.04,5.04,5.18,0.86,0.88,0.11,0.11,0.25,877868,28.97,6.93,5.78,1,1.1,-2.4,1.7,-1.6,1.1,2.5,0.8,1.1,5.3,-1.6,2.1,1.3,1,1.4,0.8,0.8,33.4,32.3
2006-04-28,112.7,-5.57,-34.12,72.96,61.65,57.13,115.7,-5098,3.5,7.21,7.35,0.02,12.06,13.89,12.06,13.89,40.72,132764.11,1.61,17.98,3.97,4.36,4.81,4.98,5.25,4.6,4.95,4.95,5.06,0.62,0.65,0.14,0.14,0.25,748472,17.76,8.43,5.68,1.8,1.7,4.3,2.7,1,1.2,2.2,1.6,1,-0.7,0.7,4.3,5.6,1,1.1,1.4,-0.6,32.9,33.8
2006-05-31,110.7,15.54,-17.65,73.7,61.87,56.79,93.1,-995,3.4,6.64,7,0.02,11.88,15.26,11.88,15.26,11.51,107813.9,1.73,21.21,3.96,4.36,4.72,4.87,5.15,4.54,4.88,4.88,4.99,0.51,0.61,0.16,0.16,0.27,780689,13.03,9,5.44,1.8,1.7,4.3,2.7,1,1.2,2.2,1.6,1,-0.7,0.7,4.3,5.6,1,1.1,1.4,-0.6,32.9,33.8
2006-06-30,98.6,10.41,-21.67,74.05,61.94,56.62,80.9,6434,3.3,6.77,7.39,0.02,20.81,23.86,20.81,23.86,-2.7,97997.29,1.76,22.72,4.21,4.59,4.92,5.04,5.2,4.82,5.08,5.1,5.2,0.45,0.38,0.16,0.18,0.28,827406,13.49,9.61,5.13,1.8,1.7,4.3,2.7,1,1.2,2.2,1.6,1,-0.7,0.7,4.3,5.6,1,1.1,1.4,-0.6,32.9,33.8
2006-07-31,94.2,42.2,-6.78,74.21,61.98,56.58,61.3,13748,3.5,7.14,7.64,0.02,17.89,22.24,17.89,22.24,-16.36,97194.67,1.84,23.75,4.22,4.64,4.83,4.93,5.05,4.79,4.97,4.98,5.08,0.29,0.26,0.14,0.15,0.25,837738,5.56,10.79,4.83,0.6,0.6,-2,0.2,0.7,1,2.4,0.5,0.9,2.7,-1.4,4.1,1.2,0.8,0.8,0.5,0,32.5,32.2
2006-08-31,93.4,-7.26,6.83,74.39,62.1,56.62,73.6,18328,3.5,7.73,7.27,0.02,10.93,18.79,15.86,24.07,-13.65,96185.28,1.76,17.9,4.49,4.68,4.76,4.82,4.96,4.75,4.89,4.9,5,0.14,0.21,0.13,0.14,0.24,1017263,7.52,10.02,4.53,0.6,0.6,-2,0.2,0.7,1,2.4,0.5,0.9,2.7,-1.4,4.1,1.2,0.8,0.8,0.5,0,32.5,32.2
2006-09-29,107.7,20.14,14.96,74.75,62.62,56.71,77.4,22383,3.5,7.72,7.29,0.03,16.9,22.86,16.9,22.86,-20.79,93335.54,1.74,16.71,4.48,4.59,4.57,4.61,4.73,4.62,4.71,4.71,4.81,0.02,0.11,0.14,0.14,0.24,1076310,8.05,11,4.24,0.6,0.6,-2,0.2,0.7,1,2.4,0.5,0.9,2.7,-1.4,4.1,1.2,0.8,0.8,0.5,0,32.5,32.2
2006-10-31,103.5,43.13,98.48,75.76,63.27,56.64,68.5,23027,3.5,7.53,7.44,0.03,20.93,21.65,15.78,16.47,-16.35,96148.49,1.74,16.84,4.48,4.58,4.71,4.79,4.91,4.66,4.83,4.85,4.91,0.21,0.25,0.12,0.14,0.2,853220,19.32,12.72,4,1.6,1.7,-1.1,3.1,2.2,0.8,3.3,1.3,1,5.6,2.1,4.1,7.5,1.7,2.6,1.6,0.1,33.2,34
2006-11-30,104.3,53.03,-0.19,78.11,63.92,55.48,88.5,20362,3.5,8.95,7.91,0.04,10.5,13.11,21.29,24.14,-27.16,93377.99,1.66,14.68,4.49,4.67,4.82,4.88,4.98,4.82,4.94,4.97,5.02,0.21,0.16,0.12,0.15,0.2,902912,16.71,13.07,3.82,1.6,1.7,-1.1,3.1,2.2,0.8,3.3,1.3,1,5.6,2.1,4.1,7.5,1.7,2.6,1.6,0.1,33.2,34
2006-12-29,101.4,6.08,44.88,79.56,64.28,54.69,97.4,18520,3.5,10.13,8.72,0.03,18.49,12.22,18.49,12.22,-28.97,84488.88,1.66,15.4,4.6,4.86,4.92,5,5.06,4.95,5.1,5.11,5.17,0.14,0.11,0.18,0.19,0.25,907921,27.63,14,3.67,1.6,1.7,-1.1,3.1,2.2,0.8,3.3,1.3,1,5.6,2.1,4.1,7.5,1.7,2.6,1.6,0.1,33.2,34
2007-01-31,96.5,-3.38,29.78,80.26,64.55,54.27,79.4,16557,3.3,11.08,9.35,0.03,12.26,13.78,22.24,23.89,-34.97,85358.21,1.75,17.99,4.61,4.96,5.02,5.03,5.06,5.03,5.17,5.19,5.26,0.07,0.03,0.15,0.17,0.24,931774,30.76,15.33,3.54,0.6,0.6,3.8,-0.2,1.6,1,-0.3,0.9,1.6,-0.4,4.1,-3.9,-6.2,1.9,1,1.6,-0.1,32.8,31.9
2007-02-28,93.4,30.74,18.41,80.55,64.75,54.3,79.3,19769,3.3,11.42,9.58,0.02,20.79,19.36,13.24,11.9,-19.63,97368.95,1.68,20.38,4.55,4.94,4.86,4.88,4.96,4.93,5.05,5.06,5.17,-0.06,0.03,0.19,0.2,0.31,1195496,31.44,14.58,3.43,0.6,0.6,3.8,-0.2,1.6,1,-0.3,0.9,1.6,-0.4,4.1,-3.9,-6.2,1.9,1,1.6,-0.1,32.8,31.9
2007-03-30,112.3,19.14,46.55,80.7,65.01,54.44,81.7,21401,3.2,11.3,9.82,0.02,10.25,8.08,18.32,15.98,-11.9,99096.58,1.64,19.64,4.63,4.94,4.76,4.8,4.93,4.86,5,5.02,5.14,-0.14,0.07,0.24,0.26,0.38,905131,3.11,15.53,3.4,0.6,0.6,3.8,-0.2,1.6,1,-0.3,0.9,1.6,-0.4,4.1,-3.9,-6.2,1.9,1,1.6,-0.1,32.8,31.9
2007-04-30,107.7,0.78,38.35,80.8,65.24,54.59,79.2,19813,3.2,11.54,9.91,0.01,13.21,12.91,15.62,15.32,-14.38,113669.68,1.78,18.99,4.88,5,5.05,5.06,5.15,5.08,5.24,5.26,5.41,0.06,0.07,0.19,0.21,0.36,961462,28.46,16.63,3.49,1.7,1.7,0.5,3.4,-0.3,1.8,2,2.1,1.3,2.6,-1.5,6.8,7,1,2.1,1,1.8,33,33
2007-05-31,110.9,-2.8,50.41,80.83,65.28,54.6,86.8,17928,3.2,11.53,10.22,0.02,17.02,20.87,14.47,18.25,22.21,131758.64,1.61,18.59,4.55,5.06,5.17,5.21,5.32,5.1,5.33,5.36,5.49,0.15,0.22,0.16,0.19,0.32,904119,15.81,18.09,3.72,1.7,1.7,0.5,3.4,-0.3,1.8,2,2.1,1.3,2.6,-1.5,6.8,7,1,2.1,1,1.8,33,33
2007-06-29,105.6,7.99,9.27,80.94,65.29,54.55,92.2,20066,3.3,11.13,10.05,0.02,11.12,13.91,8.75,11.49,43.02,140153.18,1.56,19.95,4.52,5,5.26,5.38,5.51,5.19,5.44,5.46,5.6,0.38,0.32,0.18,0.2,0.34,1019279,23.19,19.02,4.05,1.7,1.7,0.5,3.4,-0.3,1.8,2,2.1,1.3,2.6,-1.5,6.8,7,1,2.1,1,1.8,33,33
2007-07-31,97.6,-3.53,34.04,81.15,65.35,54.45,78.2,25559,3.2,10.92,10.13,0.03,14.5,9.55,17.04,11.98,49.76,145559.35,1.37,27.71,4.76,5.1,5.22,5.28,5.37,5.26,5.41,5.47,5.59,0.18,0.11,0.19,0.25,0.37,978612,16.82,20.95,4.45,1.6,1.6,3.9,2.2,-0.4,1.2,3.4,1.2,1.3,5.4,-2.4,4.1,6.3,1,2.3,1.7,2.6,33.1,33.5
2007-08-31,102.5,38.5,-13.16,81.3,65.43,54.33,79,20378,3.3,10.92,10.44,0.02,17.2,14.38,14.65,11.89,33.46,128369.74,1.41,32.33,4.98,5.29,5.43,5.47,5.57,5.39,5.69,5.76,5.86,0.18,0.18,0.26,0.33,0.43,1208261,18.78,21.35,4.85,1.6,1.6,3.9,2.2,-0.4,1.2,3.4,1.2,1.3,5.4,-2.4,4.1,6.3,1,2.3,1.7,2.6,33.1,33.5
2007-09-28,111.8,-0.39,15.56,81.52,65.63,54.29,82.3,20744,3.2,10.93,9.97,0.02,13.6,9.67,13.6,9.67,35.99,126928.41,1.35,25.78,4.98,5.35,5.46,5.52,5.6,5.44,5.79,5.91,6.02,0.17,0.16,0.33,0.45,0.56,1219033,13.26,21.95,5.17,1.6,1.6,3.9,2.2,-0.4,1.2,3.4,1.2,1.3,5.4,-2.4,4.1,6.3,1,2.3,1.7,2.6,33.1,33.5
2007-10-31,116.3,30.72,-9.31,81.73,65.78,54.21,79.1,25101,3.2,11.37,10.26,0.02,-1.11,-1.6,19.18,18.58,36.57,131306.31,1.28,34.05,5.01,5.35,5.43,5.49,5.56,5.4,5.8,5.92,6.05,0.14,0.16,0.37,0.49,0.62,931384,9.16,22.81,5.3,1.1,1.1,-0.1,1.8,0.5,1.2,4.5,1,1,-5.6,-0.3,2.3,-3.1,0.3,2.3,1.7,2.4,33.5,31.7
2007-11-30,112.4,54.6,104.57,81.95,65.88,54.1,75.7,31030,3.2,11,10.3,0.03,22.91,27.79,4.98,9.15,15.96,108277.19,1.38,32.76,5.02,5.6,5.77,5.84,5.69,5.58,6.28,6.43,6.55,0.24,0.11,0.51,0.66,0.78,990436,9.69,23.92,5.21,1.1,1.1,-0.1,1.8,0.5,1.2,4.5,1,1,-5.6,-0.3,2.3,-3.1,0.3,2.3,1.7,2.4,33.5,31.7
2007-12-31,103.4,68.58,48.7,82.06,65.92,54,73.2,31903,3.3,10.75,10.37,0.04,17.01,26.76,17.01,26.76,12.54,95087.21,1.39,25.13,5.02,5.82,5.74,5.78,5.7,5.71,6.55,6.77,6.9,-0.04,-0.01,0.81,1.03,1.16,988780,8.91,25.38,4.95,1.1,1.1,-0.1,1.8,0.5,1.2,4.5,1,1,-5.6,-0.3,2.3,-3.1,0.3,2.3,1.7,2.4,33.5,31.7
2008-01-31,103,30.37,4.26,82.29,66.02,53.89,74.8,38482,3.1,11.31,10.43,0.03,14.79,23.18,20.13,28.91,14.47,97711.13,1.62,31.39,4.96,5.5,5.04,5.11,5.24,5.07,5.32,5.45,6.16,-0.39,0.17,0.28,0.41,1.12,993087,6.58,23.13,4.56,1.9,2.1,-4.1,3.1,1.6,1.5,4,1.6,1.3,10.5,5.3,3.9,4.9,2.9,2.2,0.6,2.7,33.4,33
2008-02-29,94.8,61.42,-18.25,82.54,66.2,53.78,82.8,47755,3,11.53,10.65,0.03,14.89,31.78,14.89,31.78,-4.64,92849.73,1.54,29.21,4.94,5.18,4.97,5.08,5.23,4.94,5.27,5.46,5.75,-0.1,0.29,0.3,0.49,0.78,1233324,3.16,25.84,4.08,1.9,2.1,-4.1,3.1,1.6,1.5,4,1.6,1.3,10.5,5.3,3.9,4.9,2.9,2.2,0.6,2.7,33.4,33
2008-03-31,102.1,4.88,-7.6,83.17,66.63,53.6,91.4,56033,3,12.47,11.41,0.02,18.89,28.41,21.86,31.62,-3.51,95616.87,1.54,27.05,4.98,5.38,5.1,5.13,5.29,5.12,5.58,5.78,5.96,-0.25,0.17,0.48,0.68,0.86,1050796,16.09,25.01,3.53,1.9,2.1,-4.1,3.1,1.6,1.5,4,1.6,1.3,10.5,5.3,3.9,4.9,2.9,2.2,0.6,2.7,33.4,33
2008-04-30,98.1,16.6,5.61,83.9,67.02,53.39,75,58595,3,13.43,11.56,0.03,18.45,26.68,21.02,29.43,-3.03,110223,1.67,22.04,4.95,5.36,4.88,4.96,5.14,4.99,5.35,5.47,5.78,-0.4,0.15,0.47,0.59,0.9,897797,-6.62,24.65,2.91,0.5,0.3,7.9,0.7,-1.8,0.8,1.8,0.7,0.9,-2.5,-5.1,1.8,2.8,-0.6,1.3,0,1.9,32.9,32.8
2008-05-30,104.7,0.49,6.26,84.41,67.21,53.11,67.4,56466,3.1,13.9,11.93,0.06,26.4,29.27,26.4,29.27,-23.87,100307.22,1.64,23.06,5.04,5.36,5.46,5.54,5.7,5.24,5.91,6.05,6.35,0.18,0.46,0.45,0.59,0.89,942438,4.24,24.24,2.24,0.5,0.3,7.9,0.7,-1.8,0.8,1.8,0.7,0.9,-2.5,-5.1,1.8,2.8,-0.6,1.3,0,1.9,32.9,32.8
2008-06-30,95.3,-6.19,18.13,84.92,67.42,52.77,50.7,49599,3.2,14.94,12.7,0.04,26.88,29.63,32.52,35.39,-34.57,91704.35,1.81,25.15,5.01,5.37,5.9,5.98,6.05,5.63,6.35,6.52,6.8,0.61,0.42,0.45,0.62,0.9,1012662,-0.65,23.48,1.56,0.5,0.3,7.9,0.7,-1.8,0.8,1.8,0.7,0.9,-2.5,-5.1,1.8,2.8,-0.6,1.3,0,1.9,32.9,32.8
2008-07-31,83.2,-1.07,-22.82,85.25,67.57,52.61,47,57306,3.1,15.84,13.14,0.03,16.43,32.69,19.08,35.71,-37.88,90418.15,1.9,23.82,5.03,5.68,5.8,5.86,5.92,5.86,6.58,6.87,7.04,0.18,0.06,0.78,1.07,1.24,921695,-5.82,22.39,0.87,0.5,0.5,1.1,1.1,-2.4,0.4,1.3,0.3,-0.5,-1.1,-0.6,-0.2,-0.7,-0.3,1.8,-0.5,3.6,32.9,34.2
2008-08-29,80.8,18.21,-1.1,85.42,67.68,52.49,57.3,69937,3.2,15.1,12.68,0.02,35.6,46.98,24.75,35.22,-36.86,81048.95,2.12,25.66,5.25,5.79,5.77,5.86,5.96,5.87,6.8,7.14,7.39,0.07,0.09,1.03,1.37,1.62,1048171,-13.25,23.56,0.2,0.5,0.5,1.1,1.1,-2.4,0.4,1.3,0.3,-0.5,-1.1,-0.6,-0.2,-0.7,-0.3,1.8,-0.5,3.6,32.9,34.2
2008-09-30,98.3,-12.97,-4.88,85.62,67.93,52.46,61.6,65577,3.3,14.82,12.15,0.02,18.11,36.36,25.98,45.45,-25.73,94271.59,2.15,36.78,5.22,5.83,5.74,5.75,5.86,5.92,6.86,7.54,7.87,-0.08,-0.06,1.12,1.8,2.13,1072992,-11.98,23.03,-0.39,0.5,0.5,1.1,1.1,-2.4,0.4,1.3,0.3,-0.5,-1.1,-0.6,-0.2,-0.7,-0.3,1.8,-0.5,3.6,32.9,34.2
2008-10-31,84.9,-51.1,-36.49,85.57,68.02,52.48,57.8,59006,3.2,14.74,11.85,0.02,27.64,45.36,10.62,25.98,-23.64,100263.1,2.66,81.27,4.14,5.98,4.47,4.72,5.49,5.48,7.01,7.77,8.2,-1.26,0.01,2.54,3.3,3.73,737554,-20.81,21.2,-0.84,0.9,0.9,-0.4,0.8,1,0.8,2.6,0.6,-0.2,-1.2,0.5,2.4,3.3,0.2,0.8,-1.2,3,32.4,36.7
2008-11-28,63.7,-49.93,-23.52,85.23,67.79,52.57,36.9,54833,3.2,14.47,12.21,0.03,7.78,10.25,7.78,10.25,-11.18,96173.74,2.71,57.79,3.99,5.45,4.87,5.04,5.75,5.15,7.15,7.86,9.01,-0.41,0.6,2.28,2.99,4.14,845204,-14.66,20.19,-1.09,0.9,0.9,-0.4,0.8,1,0.8,2.6,0.6,-0.2,-1.2,0.5,2.4,3.3,0.2,0.8,-1.2,3,32.4,36.7
2008-12-31,55,-56.76,-39.46,84.61,67.03,52.44,16.6,61070,3.4,14.17,11.87,0.03,-19.45,-14.95,-14.08,-9.28,-2.82,92405.71,2.58,48.61,3.02,3.93,3.41,3.77,4.22,3.25,4.91,5.62,7.72,-0.16,0.97,1.5,2.21,4.31,625487,-36.74,17.91,-1.15,0.9,0.9,-0.4,0.8,1,0.8,2.6,0.6,-0.2,-1.2,0.5,2.4,3.3,0.2,0.8,-1.2,3,32.4,36.7
2009-01-30,52,-46.17,31.47,84.14,66.4,52.26,41.5,53345,3.4,14.02,11.44,0.04,-17.9,-21.6,-26.45,-29.76,2.49,100147.05,2.5,48.21,2.41,2.96,3.59,4.07,4.71,2.6,4.79,5.15,7.27,1.11,2.11,1.2,1.56,3.68,585138,-41.08,17.58,-0.96,-3.3,-3.4,-2.2,-7.8,-3,-1.3,-3.8,-3.2,-3.1,-8.4,-2.1,-7.3,-16.8,-2.3,-1.1,-2.3,3.4,33.3,28.5
2009-02-27,66,-51.68,3.55,83.93,66.25,52.27,44.5,39322,3.3,13.14,10.37,0.04,-34.52,-31.44,-26.91,-23.47,10.95,103015.01,2.73,47.36,1.87,2.49,3.82,4.57,5.06,2.67,4.98,5.34,6.37,2.08,2.39,1.16,1.52,2.55,727885,-40.98,15.64,-0.44,-3.3,-3.4,-2.2,-7.8,-3,-1.3,-3.8,-3.2,-3.1,-8.4,-2.1,-7.3,-16.8,-2.3,-1.1,-2.3,3.4,33.3,28.5
2009-03-31,76.1,-30.58,-18.52,83.79,66.3,52.44,54.8,32320,3.3,11.96,9.21,0.04,-18.54,-30.73,-25.95,-37.03,35.35,129422.09,2.52,39.56,1.73,2.43,3.94,4.69,5.17,2.79,4.81,5.09,6.01,2.26,2.38,0.87,1.15,2.07,677631,-35.51,14.83,0.43,-3.3,-3.4,-2.2,-7.8,-3,-1.3,-3.8,-3.2,-3.1,-8.4,-2.1,-7.3,-16.8,-2.3,-1.1,-2.3,3.4,33.3,28.5
2009-04-30,86.7,-26.07,-14.02,83.84,66.42,52.54,73.2,33884,3.6,11.36,8.84,0.05,-22.51,-35.54,-25.74,-38.23,29.49,142723.09,2.23,34.57,1.85,2.41,3.59,4.17,4.69,2.62,4.33,4.51,5.11,1.76,2.07,0.74,0.92,1.52,619047,-31.05,13.42,1.62,0.1,0,3.9,-2.5,6.2,0,2.8,-0.5,-0.6,-9.6,3.9,0.7,-6,-0.3,-0.1,0.8,4,33.1,25.4
2009-05-29,103.8,-30.04,-8.21,83.93,66.55,52.6,87.9,33997,3.7,11.06,8.35,0.03,-19.88,-34.99,-23.22,-37.7,45.26,145703.08,1.47,33.42,1.96,2.41,3.83,4.67,5.17,2.48,4.48,4.67,4.99,2.26,2.69,0.65,0.84,1.16,653393,-30.67,11.27,3.03,0.1,0,3.9,-2.5,6.2,0,2.8,-0.5,-0.6,-9.6,3.9,0.7,-6,-0.3,-0.1,0.8,4,33.1,25.4
2009-06-30,100.2,-26.77,-14.72,84.09,66.73,52.69,88.4,23768,3.9,10.64,7.66,0.04,-29.35,-39.52,-27.75,-38.15,38.74,127226.76,1.49,27.26,1.96,2.41,4.16,4.64,5.19,2.97,4.83,5.02,5.43,2.23,2.22,0.67,0.86,1.27,653266,-35.49,9.98,4.47,0.1,0,3.9,-2.5,6.2,0,2.8,-0.5,-0.6,-9.6,3.9,0.7,-6,-0.3,-0.1,0.8,4,33.1,25.4
2009-07-31,98.7,2.24,25.09,84.32,66.96,52.77,91.5,-1645,3.9,9.95,7.31,0.02,-13.55,-32.09,-19.07,-36.42,59.11,143861.36,1.33,25.62,1.95,2.41,4.26,4.76,5.33,2.88,4.96,5.1,5.67,2.35,2.45,0.7,0.84,1.41,652598,-29.2,15.34,5.85,1.5,1.5,-0.2,4.2,0.1,1.3,-0.3,2.3,3.3,5,2.1,1.3,7.9,2.7,3.4,5,4,32.3,26.7
2009-08-31,99.8,18.45,-2.73,84.58,67.28,52.9,96.2,-20409,3.8,9.65,7.04,0.02,-22.1,-35.56,-22.1,-35.56,71.9,139324.03,1.25,23.97,1.99,2.57,4.38,4.91,5.46,3.52,5,5.17,5.6,2.34,1.94,0.62,0.79,1.22,910729,-13.11,13.65,7.1,1.5,1.5,-0.2,4.2,0.1,1.3,-0.3,2.3,3.3,5,2.1,1.3,7.9,2.7,3.4,5,4,32.3,26.7
2009-09-30,117,-19.4,-25.83,85.19,68.24,53.33,92.8,-23512,3.8,9.71,7.7,0.02,-20.93,-32.19,-22.64,-33.67,47.06,138638.75,1.19,22.85,2,2.75,4.39,4.81,5.34,3.54,5.05,5.2,5.49,2.06,1.8,0.66,0.81,1.1,951374,-11.33,13.45,8.19,1.5,1.5,-0.2,4.2,0.1,1.3,-0.3,2.3,3.3,5,2.1,1.3,7.9,2.7,3.4,5,4,32.3,26.7
2009-10-30,116.5,33.07,56.56,85.51,68.73,53.55,110.8,-30817,3.6,10.01,8.04,0.02,-9.37,-24.72,-15.03,-29.42,31.09,131437.18,1.26,25.41,2.01,2.79,4.44,4.94,5.43,3.52,5.11,5.22,5.52,2.15,1.91,0.67,0.78,1.08,576416,-21.85,12.75,9.08,2.8,2.8,3.7,8.6,-2.7,1.4,3.3,3.1,1,8.1,-1.1,5.7,10.5,1.3,3.1,0.9,3.7,33.5,31.3
2009-11-30,109,-13.16,30.69,85.73,69.12,53.77,90.1,-35283,3.5,10,7.7,0.02,-8.46,-15.8,-4.48,-12.14,27.71,122826.75,1.28,21.94,2.01,2.79,4.1,4.61,5.25,3.14,4.8,4.87,5.21,1.82,2.11,0.7,0.77,1.11,631132,-25.33,11.34,9.77,2.8,2.8,3.7,8.6,-2.7,1.4,3.3,3.1,1,8.1,-1.1,5.7,10.5,1.3,3.1,0.9,3.7,33.5,31.3
2009-12-31,105.9,50.14,80.88,85.85,69.3,53.86,83.6,-40028,3.7,10.49,7.84,0.04,17.86,2.36,15.29,0.14,27.55,117865.21,1.17,20.35,2.01,2.86,4.41,4.92,5.39,3.52,5.12,5.18,5.53,2.06,1.87,0.71,0.77,1.12,640169,2.35,11.05,10.24,2.8,2.8,3.7,8.6,-2.7,1.4,3.3,3.1,1,8.1,-1.1,5.7,10.5,1.3,3.1,0.9,3.7,33.5,31.3
2010-01-29,103.1,22.18,-16.61,85.96,69.5,53.99,74.8,-42302,3.6,9.68,7.59,0.03,32.79,23.87,32.79,23.87,30.39,130580.22,1.23,23.29,2.01,2.88,4.27,4.82,5.34,3.29,4.9,4.91,5.33,1.94,2.05,0.63,0.64,1.06,801851,37.04,10.09,10.44,0.4,0.5,-3.2,0.5,-0.1,1,3.9,0.3,1.6,7.3,0,2.3,1.7,1.6,0.1,-0.1,2.5,32.6,30.8
2010-02-26,102.3,10.57,23.39,86.21,69.93,54.27,91.4,-43654,4.7,9.31,8.09,0.03,45.44,26.66,38.97,21.03,18.55,122129.21,1.23,20.59,2.02,2.88,4.1,4.62,5.14,3.12,4.58,4.62,5.03,1.74,2.02,0.48,0.52,0.93,1030400,41.56,9.6,10.29,0.4,0.5,-3.2,0.5,-0.1,1,3.9,0.3,1.6,7.3,0,2.3,1.7,1.6,0.1,-0.1,2.5,32.6,30.8
2010-03-31,116.2,-7.58,-2.36,86.43,70.41,54.53,88.9,-45534,4.1,9.3,8.06,0.03,30.09,37.37,39.61,47.43,0.97,130682.97,1.15,17.68,2,2.78,3.89,4.52,4.95,2.72,4.23,4.26,4.58,1.74,2.23,0.34,0.37,0.69,828037,22.2,9.86,9.77,0.4,0.5,-3.2,0.5,-0.1,1,3.9,0.3,1.6,7.3,0,2.3,1.7,1.6,0.1,-0.1,2.5,32.6,30.8
2010-04-30,111.2,15.78,-15.91,86.59,70.85,54.76,85.5,-52731,3.7,9.43,8.62,0.02,33.77,48.72,33.77,48.72,-1.81,140141.29,1.3,18.27,2,2.45,3.61,4.27,4.82,2.68,4.13,4.12,4.24,1.82,2.14,0.52,0.51,0.63,863958,39.56,9.62,8.91,2.2,2.3,0.1,2.2,0.5,1.5,0.7,1.8,0.7,4.8,-0.3,-0.6,3.4,1.5,4.3,3.7,3.2,34.3,32.7
2010-05-28,113.4,25.59,-13.73,86.63,71.14,54.96,74.1,-53447,3.6,9.35,8.85,0.03,29.59,42.81,29.59,42.81,-6.34,136467.09,1.35,24.01,2,2.45,3.58,4.36,4.93,2.9,4.4,4.38,4.66,1.91,2.03,0.82,0.8,1.08,850874,30.22,9.61,7.82,2.2,2.3,0.1,2.2,0.5,1.5,0.7,1.8,0.7,4.8,-0.3,-0.6,3.4,1.5,4.3,3.7,3.2,34.3,32.7
2010-06-30,108.9,54.2,19.16,86.64,71.42,55.21,69.6,-41478,3.3,9.39,9.05,0.03,39.76,48.9,43.02,52.36,7.35,136571.76,1.3,21.9,2.03,2.46,3.86,4.44,4.95,3.13,4.46,4.47,4.83,1.98,1.82,0.6,0.61,0.97,932517,42.75,9.84,6.69,2.2,2.3,0.1,2.2,0.5,1.5,0.7,1.8,0.7,4.8,-0.3,-0.6,3.4,1.5,4.3,3.7,3.2,34.3,32.7
2010-07-30,107.3,-6.57,-16.11,86.56,71.61,55.48,58.4,-35565,3.5,9.34,8.93,0.04,30.55,37.24,33.38,40.22,-5.16,136440.24,1.31,19.26,2.28,2.63,3.8,4.38,4.84,3.14,4.37,4.34,4.72,1.75,1.7,0.57,0.54,0.92,910832,39.57,2.54,5.6,1.7,1.8,-3,5,-1.2,0.5,5,1.3,0.4,4.9,-4.2,9.6,5.3,0.1,3.3,2,3.1,35.6,30.6
2010-08-31,100.7,-29.08,27.53,86.52,71.87,55.75,55.9,-33722,3.8,9.73,9.31,0.03,26.69,27.97,29.27,30.58,-8.98,126814.11,1.32,18.79,2.28,2.66,3.55,4,4.38,3.2,4.1,4.07,4.41,1.34,1.18,0.55,0.52,0.86,1132334,24.33,2.7,4.64,1.7,1.8,-3,5,-1.2,0.5,5,1.3,0.4,4.9,-4.2,9.6,5.3,0.1,3.3,2,3.1,35.6,30.6
2010-09-30,111.1,26.4,-10.75,86.6,72.33,56.02,71.5,-29798,3.5,9.27,8.84,0.04,26.02,28.7,20.76,23.34,-0.35,138152.91,1.23,16.77,2.28,2.66,3.32,3.71,4.11,2.9,3.8,3.77,4.08,1.05,1.21,0.48,0.45,0.76,1140239,19.85,2.03,3.79,1.7,1.8,-3,5,-1.2,0.5,5,1.3,0.4,4.9,-4.2,9.6,5.3,0.1,3.3,2,3.1,35.6,30.6
2010-10-29,113.1,2.66,-17.38,86.78,72.93,56.36,67.6,-26099,3.7,8.46,8.02,0.03,16.18,17.62,32.78,34.43,12.87,148346.89,1.22,18.6,2.26,2.66,3.25,3.86,4.36,2.85,3.71,3.66,3.95,1.2,1.51,0.46,0.41,0.7,923116,60.15,2.02,3.03,1,1,-1.2,2,-2.8,0.7,4.1,0.5,1.1,2.5,-1,0.7,3,0.5,1.5,1.1,3,35.6,32
2010-11-30,107.1,11.54,-58.9,87.12,73.69,56.83,75.6,-21404,3.6,8.08,7.66,0.02,27.58,21.73,24.87,19.14,22.74,150761.17,1.21,22.76,2.51,2.8,3.19,3.88,4.38,2.95,3.66,3.61,3.93,1.08,1.43,0.47,0.42,0.74,963341,52.64,2.61,2.38,1,1,-1.2,2,-2.8,0.7,4.1,0.5,1.1,2.5,-1,0.7,3,0.5,1.5,1.1,3,35.6,32
2010-12-31,104.2,-6.01,-47.87,87.47,74.24,57.07,81.3,-28003,3.3,7.61,7.24,0.03,21.39,30.93,16.33,25.47,16.26,137024.33,1.12,15.83,2.51,2.8,3.38,4.08,4.52,3.11,3.89,3.85,4.19,1.28,1.41,0.51,0.47,0.81,914754,42.89,2.29,1.88,1,1,-1.2,2,-2.8,0.7,4.1,0.5,1.1,2.5,-1,0.7,3,0.5,1.5,1.1,3,35.6,32
2011-01-31,101.8,47.7,-21.52,87.88,74.87,57.32,77.5,-34591,3.6,7.4,7.27,0.02,22.59,21.68,20.09,19.19,24.52,162600.36,1.11,16.3,2.76,3.05,3.96,4.41,4.72,3.55,4.36,4.32,4.68,1.36,1.17,0.4,0.36,0.72,928829,15.84,2.16,1.57,1,1.1,-3.5,2.2,-2,1.3,3.5,0.9,1,0.7,1.2,5,3.3,1.2,0.1,-1.7,3.4,34.4,33.3
2011-02-28,98,6.88,-32.06,88.59,76.08,57.85,87,-34116,3.6,7.19,6.92,0.01,44.67,33.12,41.53,30.23,20.17,146761.69,1.18,20.06,2.76,3.17,3.84,4.28,4.67,3.57,4.27,4.24,4.58,1.11,1.1,0.43,0.4,0.74,1172536,13.79,2.5,1.46,1,1.1,-3.5,2.2,-2,1.3,3.5,0.9,1,0.7,1.2,5,3.3,1.2,0.1,-1.7,3.4,34.4,33.3
2011-03-31,113.5,27.71,-16.13,89.45,77.41,58.45,80.5,-35850,3.8,6.49,6.6,0.02,16.43,17.26,25.62,26.51,19.26,155855.2,1.09,16.57,2.99,3.39,3.73,4.11,4.48,3.59,4.17,4.14,4.5,0.72,0.89,0.44,0.41,0.77,1005722,21.46,2.67,1.5,1,1.1,-3.5,2.2,-2,1.3,3.5,0.9,1,0.7,1.2,5,3.3,1.2,0.1,-1.7,3.4,34.4,33.3
2011-04-29,99.3,13.31,15.52,90.19,78.34,58.86,59.1,-35338,3.9,4.95,5.25,0.02,28.8,28.08,28.8,28.08,23.28,172770.07,1.25,18.36,3.02,3.42,3.77,4.1,4.48,3.71,4.19,4.15,4.49,0.68,0.77,0.42,0.38,0.72,777259,-10.04,3,1.63,1,1,-0.4,1.7,-4.4,0.9,5.3,0.4,1.1,0.3,-4.2,7.7,9,0,1.5,0.4,2,34.1,33.3
2011-05-31,104.3,7.24,0.68,90.81,78.99,59,74.6,-38177,3.5,4.33,4.68,0.06,23.5,24.4,26.13,27.04,11.75,152495.51,1.28,18.56,3.03,3.46,3.59,3.87,4.23,3.58,4.01,3.98,4.25,0.41,0.65,0.42,0.39,0.66,780352,-8.29,4.04,1.75,1,1,-0.4,1.7,-4.4,0.9,5.3,0.4,1.1,0.3,-4.2,7.7,9,0,1.5,0.4,2,34.1,33.3
2011-06-30,104.3,-0.87,-19.18,91.26,79.5,58.47,80.4,-39100,3.3,3.92,4.54,0.02,21.71,29.93,18.95,26.98,14.39,156231.12,1.3,19.24,3.28,3.57,3.76,4.01,4.29,3.7,4.17,4.14,4.38,0.44,0.59,0.41,0.38,0.62,921976,-1.13,4.45,1.8,1,1,-0.4,1.7,-4.4,0.9,5.3,0.4,1.1,0.3,-4.2,7.7,9,0,1.5,0.4,2,34.1,33.3
2011-07-29,101.3,21.87,14.26,91.63,80.13,58.68,76.8,-37353,3.3,3.66,4.39,0.04,11.15,27.15,11.15,27.15,26.66,172814.39,1.31,21,3.27,3.59,3.85,4.02,4.2,3.83,4.24,4.21,4.49,0.43,0.37,0.39,0.36,0.64,962049,5.62,4.12,1.77,0.6,0.6,3.6,0.2,1.7,0.5,3,0.2,0.6,4.3,1.7,2.1,6.7,1.5,1.7,1.2,1,34.1,34.8
2011-08-31,98.9,-2.56,-32.05,92.08,81,59.09,64.1,-36377,3.3,2.99,4.07,0.02,21.09,25.05,26.25,30.38,52.5,193388.72,1.49,28.05,3.28,3.59,3.49,3.62,3.86,3.51,3.97,3.96,4.33,0.03,0.35,0.48,0.47,0.84,1142357,0.89,4.7,1.66,0.6,0.6,3.6,0.2,1.7,0.5,3,0.2,0.6,4.3,1.7,2.1,6.7,1.5,1.7,1.2,1,34.1,34.8
2011-09-30,96.3,2.35,79.22,92.59,82.13,59.67,74,-35388,3.2,3.17,4.59,0.01,25.52,28.65,25.52,28.65,35.7,187472.97,1.59,40.56,3.28,3.58,3.55,3.66,3.95,3.56,4.03,4,4.45,0.08,0.39,0.48,0.45,0.9,1144471,0.37,5.25,1.52,0.6,0.6,3.6,0.2,1.7,0.5,3,0.2,0.6,4.3,1.7,2.1,6.7,1.5,1.7,1.2,1,34.1,34.8
2011-10-31,101.4,-1.39,2.35,92.95,82.87,60.01,72.2,-32286,3.3,3.96,5.57,0.01,18.02,29.36,12.65,23.48,38.39,205303.76,1.47,31.02,3.26,3.57,3.51,3.63,3.87,3.58,4,3.97,4.41,0.06,0.29,0.49,0.46,0.9,918725,-0.48,5.68,1.38,0.7,0.8,-3,1.3,0.9,0.5,1.6,0.6,-0.3,-1.5,-0.9,1.6,-4.9,-0.3,1.8,1.2,1.4,34.8,31.2
2011-11-30,96.4,12.73,69.97,93.32,83.3,60.14,69,-32571,3.2,4.23,5.66,0.01,7.55,15.43,12.33,20.56,21.62,183363.19,1.52,29.04,3.27,3.55,3.38,3.49,3.77,3.48,3.77,3.76,4.09,-0.06,0.29,0.39,0.38,0.71,932759,-3.17,6.07,1.25,0.7,0.8,-3,1.3,0.9,0.5,1.6,0.6,-0.3,-1.5,-0.9,1.6,-4.9,-0.3,1.8,1.2,1.4,34.8,31.2
2011-12-30,94.8,30.5,17.9,93.48,83.37,60.07,70.3,-27499,3.2,4.39,6.07,0.02,11.52,11.23,11.52,11.23,27.18,174270.14,1.54,26.4,3.29,3.55,3.34,3.46,3.79,3.5,3.77,3.74,4.1,-0.09,0.29,0.43,0.4,0.76,879791,-3.82,6.72,1.13,0.7,0.8,-3,1.3,0.9,0.5,1.6,0.6,-0.3,-1.5,-0.9,1.6,-4.9,-0.3,1.8,1.2,1.4,34.8,31.2
2012-01-31,88.3,-14.95,16.01,93.62,83.58,60.15,64,-18899,3.2,4.37,6.21,0.02,8.15,13.56,8.15,13.56,23.5,200816.68,1.44,23.36,3.27,3.54,3.38,3.49,3.77,3.45,3.77,3.74,4.05,-0.05,0.32,0.39,0.36,0.67,921723,-0.77,7.56,1,0.6,0.5,5.7,0.3,1.7,0.6,-0.2,0.7,0.2,-4.6,2.6,-0.5,0.5,0.1,1.6,0.1,1.9,35.2,32.3
2012-02-29,91,-0.8,52.03,93.78,83.89,60.32,64.4,-17137,3.3,4.38,6.24,0.02,-7.34,3.66,-3.13,8.37,35.7,199153.55,1.38,19.4,3.26,3.54,3.45,3.55,3.82,3.47,3.79,3.76,4.08,0.01,0.35,0.34,0.31,0.63,1099531,-6.23,7.63,0.88,0.6,0.5,5.7,0.3,1.7,0.6,-0.2,0.7,0.2,-4.6,2.6,-0.5,0.5,0.1,1.6,0.1,1.9,35.2,32.3
2012-03-30,106.1,25.07,108.08,93.92,84.28,60.57,73.7,-15738,3.5,4.81,6.47,0.01,20.4,23.9,-0.54,2.35,16.91,182210.6,1.39,17.56,3.25,3.55,3.55,3.7,3.96,3.53,3.88,3.84,4.13,0.15,0.43,0.33,0.29,0.58,1054817,4.88,7.82,0.81,0.6,0.5,5.7,0.3,1.7,0.6,-0.2,0.7,0.2,-4.6,2.6,-0.5,0.5,0.1,1.6,0.1,1.9,35.2,32.3
2012-04-30,98.4,-23.57,-8.56,94.02,84.63,60.85,81.7,-14623,3.3,5.29,7.18,0.01,-1.5,-1.12,0.59,0.98,3.12,178154.62,1.36,17.31,3.26,3.54,3.45,3.56,3.81,3.47,3.76,3.72,3.97,0.02,0.34,0.31,0.27,0.52,919070,18.25,7.85,0.81,0.6,0.7,-5,0.9,-4,1,-1.5,0.8,1,13.1,-3.9,0.2,3.1,1.9,0.4,0.3,2.3,34.3,33.5
2012-05-31,104.7,-4.45,-4.2,94.07,84.79,61.15,74.5,-10847,3.3,5.7,8.75,0.02,-5.03,-0.52,1.44,6.26,10.67,168762.55,1.46,22.69,3.27,3.54,3.32,3.43,3.69,3.32,3.64,3.59,3.81,-0.11,0.37,0.32,0.27,0.49,919446,17.82,7.22,0.91,0.6,0.7,-5,0.9,-4,1,-1.5,0.8,1,13.1,-3.9,0.2,3.1,1.9,0.4,0.3,2.3,34.3,33.5
2012-06-29,98.3,-14.38,2.27,94.04,84.89,61.29,72.6,-9035,3.2,5.48,8.6,0.01,-0.97,-1.78,-7.29,-8.05,4.7,163580.49,1.45,20.03,3.27,3.54,3.3,3.42,3.62,3.29,3.66,3.63,3.86,-0.12,0.33,0.36,0.33,0.56,990943,7.48,7.04,1.13,0.6,0.7,-5,0.9,-4,1,-1.5,0.8,1,13.1,-3.9,0.2,3.1,1.9,0.4,0.3,2.3,34.3,33.5
2012-07-31,89.7,-35.37,4.64,93.93,85,61.49,73.7,-10379,3.2,5.54,8.38,0.02,0.91,-6.32,3.15,-4.23,-5.82,162750.69,1.42,20.32,3.02,3.2,2.85,2.97,3.14,2.83,3.08,3.08,3.35,-0.23,0.31,0.23,0.23,0.5,1006344,4.6,7.91,1.42,0.5,0.5,0.9,0.2,-0.4,0.7,2.1,0.4,0,-8.4,-3.4,1.9,0.1,-1.5,1,1.1,1.5,34.8,31.8
2012-08-31,82.7,-9.44,32.33,93.83,85.09,61.69,64.3,-3027,3.1,5.88,8.53,0.02,-8.75,-5.24,-10.65,-7.21,-5.52,182718.25,1.39,20.35,3.01,3.16,2.76,2.86,3.02,2.82,2.98,2.98,3.2,-0.3,0.2,0.22,0.22,0.44,1193939,4.52,7.47,1.76,0.5,0.5,0.9,0.2,-0.4,0.7,2.1,0.4,0,-8.4,-3.4,1.9,0.1,-1.5,1,1.1,1.5,34.8,31.8
2012-09-28,99.5,-14.21,-28.83,93.69,85.37,62.07,66.6,918,3.1,5.97,8.38,0.02,-6,-9.4,-6,-9.4,-0.07,187347.35,1.33,17.23,3.01,3.09,2.79,2.87,3.02,2.84,3,3,3.26,-0.22,0.18,0.21,0.21,0.47,1220217,6.62,7.54,2.12,0.5,0.5,0.9,0.2,-0.4,0.7,2.1,0.4,0,-8.4,-3.4,1.9,0.1,-1.5,1,1.1,1.5,34.8,31.8
2012-10-31,97,-10.02,-19.87,93.59,85.8,62.61,74.7,3513,3.2,5.68,7.82,0.02,-2.36,-6.01,-2.36,-6.01,-17.81,168730.81,1.39,18.37,2.76,2.85,2.77,2.84,2.96,2.78,2.96,2.95,3.2,-0.01,0.18,0.19,0.18,0.43,952772,3.71,7.58,2.46,0.4,0.4,-0.7,0.6,1,0.3,2,0.2,1.3,-2.8,1,3.4,0,0.8,-0.3,1,0.9,33.8,29.4
2012-11-30,92.5,-22.49,-22.57,93.52,86.13,63.03,66.3,6277,3.1,5.19,7.65,0.02,1.02,1.57,-1.18,-0.64,-8.73,167360.81,1.37,14.87,2.77,2.85,2.84,2.91,3.03,2.85,3.01,3,3.23,0.06,0.18,0.17,0.16,0.39,1044689,12,6.64,2.8,0.4,0.4,-0.7,0.6,1,0.3,2,0.2,1.3,-2.8,1,3.4,0,0.8,-0.3,1,0.9,33.8,29.4
2012-12-31,82,-27.8,-19.91,93.45,86.31,63.28,63,9279,3.1,4.58,7.07,0.03,3.9,0.86,3.9,0.86,-2.02,170749.5,1.33,15.89,2.77,2.89,2.82,2.97,3.16,2.78,3.05,3.04,3.3,0.08,0.38,0.23,0.22,0.48,1012696,15.11,6.28,3.14,0.4,0.4,-0.7,0.6,1,0.3,2,0.2,1.3,-2.8,1,3.4,0,0.8,-0.3,1,0.9,33.8,29.4
2013-01-31,85.7,-18.29,-42.79,93.4,86.5,63.55,65.6,5028,3.1,4.39,7.06,0.02,-6.01,-5.32,7.11,7.89,-17.06,166547.33,1.35,15.18,2.76,2.84,2.76,2.89,3.1,2.75,2.93,2.91,3.11,0.05,0.35,0.17,0.15,0.35,1059678,14.97,5.9,3.46,0.6,0.6,2.1,0.4,-0.2,0.7,2.5,0.4,0.4,-4.6,0.2,0.5,-2.5,-0.3,1.1,0.5,-0.3,33.9,28.6
2013-02-28,86.7,-4.61,-52.37,93.35,86.74,63.88,77.2,7394,3.2,4.5,7.3,0.02,10.86,4.09,1.62,-4.58,-13.58,172109.09,1.31,15.19,2.76,2.82,2.63,2.74,2.94,2.64,2.81,2.79,2.97,-0.08,0.3,0.18,0.16,0.34,1314026,19.51,5.45,3.71,0.6,0.6,2.1,0.4,-0.2,0.7,2.5,0.4,0.4,-4.6,0.2,0.5,-2.5,-0.3,1.1,0.5,-0.3,33.9,28.6
2013-03-28,104.4,-34.45,-44.36,93.3,87.12,64.34,67.1,8536,3.3,4.78,7.75,0.01,-8.6,-10.29,2.54,0.65,-5.34,172475,1.32,14.34,2.75,2.81,2.52,2.58,2.8,2.57,2.73,2.71,2.88,-0.23,0.23,0.21,0.19,0.36,1082337,2.61,5.06,3.89,0.6,0.6,2.1,0.4,-0.2,0.7,2.5,0.4,0.4,-4.6,0.2,0.5,-2.5,-0.3,1.1,0.5,-0.3,33.9,28.6
2013-04-30,101.5,13.16,-17.39,93.31,87.43,63.25,70.8,7684,3.1,5.34,8.08,0.02,-0.04,-2.39,4.41,1.95,0.81,179588.97,1.21,14.74,2.78,2.81,2.49,2.56,2.77,2.57,2.71,2.68,2.85,-0.25,0.2,0.22,0.19,0.36,1005139,9.36,5.01,3.98,0.7,0.8,-2.8,1.5,1.7,0.6,1.4,0.7,-0.1,3.2,3.5,0.8,1.2,1.1,0.6,0.3,0.5,34.1,29.4
2013-05-31,99.8,0.02,-19.87,93.29,87.6,63.46,64.4,8816,3,5.03,6.79,0.02,0.14,-0.7,-8.21,-8.98,9.35,184533.8,1.18,14.16,2.5,2.69,2.78,2.9,3.12,2.66,2.96,2.93,3.12,0.21,0.46,0.18,0.15,0.34,989461,7.61,4.88,4.04,0.7,0.8,-2.8,1.5,1.7,0.6,1.4,0.7,-0.1,3.2,3.5,0.8,1.2,1.1,0.6,0.3,0.5,34.1,29.4
2013-06-28,97.2,16.19,-14.91,93.26,87.79,63.72,75,4571,3.1,5.1,6.93,0.02,3.06,-4.7,0.91,-6.69,11.64,182626.44,1.27,17.11,2.5,2.69,2.88,3.14,3.4,2.69,3.19,3.17,3.34,0.45,0.71,0.31,0.29,0.46,1075060,8.49,4.79,4.09,0.7,0.8,-2.8,1.5,1.7,0.6,1.4,0.7,-0.1,3.2,3.5,0.8,1.2,1.1,0.6,0.3,0.5,34.1,29.4
2013-07-31,90.7,10.34,-38.95,93.25,88.12,64.03,65.4,2784,3.1,4.82,6.81,0.01,-1,-3.03,3.6,1.48,6.96,174070.9,1.21,16.26,2.53,2.66,2.92,3.2,3.49,2.69,3.16,3.15,3.34,0.54,0.8,0.24,0.23,0.42,1112324,10.53,5.21,4.13,1,1,2.6,0.9,1.4,1.2,1,1.1,0.5,0.9,4.3,1.1,2.1,1.3,1.7,2.3,1,34.5,28.3
2013-08-30,92.7,5.43,-15.37,93.22,88.62,64.52,60.9,612,3.2,4.85,6.59,0.02,2.6,3.35,-1.5,-0.78,-4.2,175048.04,1.2,15.73,2.51,2.66,2.88,3.17,3.53,2.66,3.09,3.08,3.26,0.51,0.87,0.21,0.2,0.38,1301158,8.98,5.11,4.15,1,1,2.6,0.9,1.4,1.2,1,1.1,0.5,0.9,4.3,1.1,2.1,1.3,1.7,2.3,1,34.5,28.3
2013-09-30,94.4,7.5,-12.99,93.26,89.33,65.21,69.4,-1392,3.1,4.62,6.5,0.01,7.59,1.16,9.88,3.32,-13.18,162651.9,1.16,15.38,2.5,2.66,2.82,3.05,3.42,2.67,3.07,3.05,3.26,0.39,0.75,0.25,0.23,0.44,1286975,5.47,5.19,4.13,1,1,2.6,0.9,1.4,1.2,1,1.1,0.5,0.9,4.3,1.1,2.1,1.3,1.7,2.3,1,34.5,28.3
2013-10-31,101.1,-6.21,3.01,93.45,90.13,65.85,69.7,-5442,3,3.94,6.32,0.04,-1.68,-3.53,8.15,6.11,-9.61,152509.49,1.13,14.41,2.52,2.65,2.82,3.05,3.4,2.66,3.09,3.08,3.29,0.4,0.74,0.28,0.26,0.47,1083619,13.73,5.21,4.08,0.9,0.8,3.6,0.9,0.5,0.7,0.1,0.9,1.2,3.5,-1,0,-0.2,0.9,0.9,0.6,1.4,34.4,28.9
2013-11-29,94.7,72.31,33.64,93.62,90.71,66.35,64.1,-8306,3.1,4.61,6.72,0.04,7.21,5.13,7.21,5.13,-13.05,145525.84,1.13,14.42,2.5,2.65,3.01,3.35,3.67,2.72,3.26,3.24,3.46,0.7,0.95,0.25,0.23,0.45,1128991,8.07,5.41,4.01,0.9,0.8,3.6,0.9,0.5,0.7,0.1,0.9,1.2,3.5,-1,0,-0.2,0.9,0.9,0.6,1.4,34.4,28.9
2013-12-31,92.6,26.47,11.65,93.8,91.24,66.83,66.5,-12610,3.1,4.73,6.73,0.02,0.21,-0.63,2.34,1.48,-18.59,139004.25,1.14,12.84,2.52,2.66,2.86,3.23,3.58,2.69,3.14,3.14,3.37,0.57,0.9,0.29,0.28,0.51,1049867,3.67,5.95,3.9,0.9,0.8,3.6,0.9,0.5,0.7,0.1,0.9,1.2,3.5,-1,0,-0.2,0.9,0.9,0.6,1.4,34.4,28.9
2014-01-31,93.4,2.31,32.88,93.9,91.62,67.23,59.8,-13744,3.2,5.08,6.8,0.02,6.92,2.98,-0.05,-3.74,-15.31,141055.51,1.19,14.43,2.51,2.65,2.88,3.22,3.61,2.67,3.1,3.11,3.31,0.57,0.95,0.22,0.23,0.43,1096340,3.46,5.9,3.79,0.9,0.9,3,1,-1.5,0.8,3.5,0.6,0.7,3.7,-2.4,1.1,1.7,0.6,0.8,1,0.5,34.3,29.3
2014-02-28,88.7,-4.92,55.91,94.06,92.05,67.69,70.6,-16604,3.3,5.26,6.64,0.02,-0.25,-1.22,8.82,7.76,-19.27,138951.51,1.16,13.49,2.49,2.65,2.85,3.13,3.5,2.66,3.04,3.04,3.24,0.48,0.84,0.19,0.19,0.39,1356890,3.26,6.9,3.68,0.9,0.9,3,1,-1.5,0.8,3.5,0.6,0.7,3.7,-2.4,1.1,1.7,0.6,0.8,1,0.5,34.3,29.3
2014-03-31,104.4,10.72,19.25,94.32,92.54,68.07,75.5,-20995,3.7,5.21,6.69,0.02,1.37,3.96,-3.34,-0.87,-20.97,136298.39,1.16,13.82,2.49,2.65,2.87,3.16,3.52,2.67,3.07,3.06,3.23,0.51,0.85,0.2,0.19,0.36,1210850,11.87,7.03,3.56,0.9,0.9,3,1,-1.5,0.8,3.5,0.6,0.7,3.7,-2.4,1.1,1.7,0.6,0.8,1,0.5,34.3,29.3
2014-04-30,99.5,45.81,-10.46,94.52,92.86,68.41,77.3,-22466,3.5,5.23,6.39,0.01,3.7,3.6,1.45,1.35,-17.12,148848.9,1.12,11.6,2.5,2.65,2.87,3.17,3.53,2.67,3.06,3.06,3.23,0.52,0.86,0.19,0.19,0.35,1042379,3.7,6.79,3.42,1,1.1,-3.5,1.7,0.8,0.9,2.9,0.8,0.5,-0.8,3.4,0.5,-1.3,0.8,0.7,0,1.3,34.1,29.2
2014-05-30,101.7,23.21,45.61,94.58,93,68.55,73.7,-24628,3.6,5.51,6.39,0.03,8.9,5.1,8.9,5.1,-20.04,147547.13,1.1,10.86,2.49,2.65,2.82,3.04,3.34,2.66,2.99,2.99,3.14,0.39,0.68,0.17,0.17,0.33,1072338,8.38,7.32,3.23,1,1.1,-3.5,1.7,0.8,0.9,2.9,0.8,0.5,-0.8,3.4,0.5,-1.3,0.8,0.7,0,1.3,34.1,29.2
2014-06-30,94.5,-13.91,9.63,94.64,93.16,68.79,78.8,-17870,3.6,5.5,6.24,0.02,-1.51,0.51,5.05,7.21,-21.79,142829.65,1.09,11.48,2.49,2.65,2.68,2.88,3.17,2.6,2.86,2.86,3,0.23,0.57,0.18,0.17,0.32,1107938,3.06,7.71,2.99,1,1.1,-3.5,1.7,0.8,0.9,2.9,0.8,0.5,-0.8,3.4,0.5,-1.3,0.8,0.7,0,1.3,34.1,29.2
2014-07-31,94,5.69,27.03,94.73,93.33,68.92,79.7,-14815,3.5,5.99,6.61,0.02,2.43,4.31,4.87,6.8,-10.12,156446.84,1.05,12.69,2.49,2.65,2.52,2.76,3.05,2.42,2.69,2.7,2.86,0.11,0.63,0.18,0.18,0.34,1157098,4.03,7.2,2.76,0.6,0.6,1.8,0.9,0.3,0.4,0.6,0.6,-0.5,1.6,0.4,0.4,0.2,0.1,1,1.8,0.3,34.5,29
2014-08-29,91.6,-8.42,21.79,94.86,93.54,69.05,76.1,-16385,3.5,6.11,6.68,0.02,5.18,5.72,5.18,5.72,-14.58,149530.78,1.05,10.86,2.24,2.4,2.51,2.74,3.03,2.35,2.68,2.68,2.85,0.34,0.68,0.17,0.17,0.33,1337050,2.76,6.92,2.57,0.6,0.6,1.8,0.9,0.3,0.4,0.6,0.6,-0.5,1.6,0.4,0.4,0.2,0.1,1,1.8,0.3,34.5,29
2014-09-30,93.1,151.77,87.4,95.12,93.86,69.24,88.5,-23335,3.5,6.52,6.92,0.03,-0.44,2.88,3.99,7.45,-4.07,156027.46,1.08,12.69,2.24,2.35,2.3,2.5,2.85,2.21,2.44,2.45,2.61,0.15,0.64,0.15,0.16,0.31,1426129,10.81,6.8,2.49,0.6,0.6,1.8,0.9,0.3,0.4,0.6,0.6,-0.5,1.6,0.4,0.4,0.2,0.1,1,1.8,0.3,34.5,29
2014-10-31,100.7,14.49,32.13,95.4,94.16,69.38,81.8,-26942,3.5,7.58,7.3,0.02,6.26,7.62,1.2,2.5,2.98,157047.38,1.13,13.99,1.97,2.14,2.14,2.29,2.65,2.08,2.29,2.3,2.44,0.15,0.56,0.15,0.16,0.3,1208892,11.56,6.37,2.53,0.7,0.7,1.3,-0.5,1.2,1.1,-3.3,1,0.8,0.1,-0.1,-1.6,0,0.7,0.5,-0.2,0.1,34.4,30.1
2014-11-28,93.6,-25.67,3.21,95.59,94.42,69.63,83.8,-24341,3.6,7.06,7.05,0.02,2.28,-3.31,2.28,-3.31,9.99,160057.78,1.11,11.59,1.99,2.13,2.07,2.23,2.59,2.01,2.22,2.23,2.38,0.1,0.58,0.15,0.16,0.3,1312634,16.27,6.82,2.67,0.7,0.7,1.3,-0.5,1.2,1.1,-3.3,1,0.8,0.1,-0.1,-1.6,0,0.7,0.5,-0.2,0.1,34.4,30.1
2014-12-31,94,10.25,-20.83,95.77,94.73,69.97,76.6,-24006,3.5,7.47,7.34,0.01,-2.71,-4.09,1.61,0.17,16.12,161413.66,1.13,12.97,2.03,2.13,2.1,2.28,2.6,2.09,2.28,2.28,2.44,0.15,0.51,0.18,0.19,0.34,1178883,12.29,6.49,2.89,0.7,0.7,1.3,-0.5,1.2,1.1,-3.3,1,0.8,0.1,-0.1,-1.6,0,0.7,0.5,-0.2,0.1,34.4,30.1
2015-01-30,90.3,3.04,-3.89,95.9,94.98,70.22,82,-20712,3.6,8.31,8.13,0.02,3.08,-0.99,-1.21,-5.12,15.99,163617.18,1.11,13.67,2,2.12,1.97,2.05,2.24,1.96,2.07,2.09,2.26,-0.07,0.28,0.1,0.12,0.29,1315007,19.95,8.33,3.13,0.4,0.4,2.2,-0.2,-1.4,0.7,1.9,0.3,0.3,3.2,-4.9,-0.2,-0.4,-0.2,1.2,2,0.7,35,28.9
2015-02-27,92.1,33.14,35.59,96.11,95.3,70.59,79.7,-21591,3.6,8.11,8.24,0.02,-1,-12.21,-7.32,-17.81,20.46,167382.86,1.09,11.11,1.99,2.1,2.03,2.1,2.35,2,2.12,2.13,2.29,0,0.35,0.09,0.1,0.25,1715140,26.4,7.72,3.38,0.4,0.4,2.2,-0.2,-1.4,0.7,1.9,0.3,0.3,3.2,-4.9,-0.2,-0.4,-0.2,1.2,2,0.7,35,28.9
2015-03-31,103.7,0.69,-3.55,96.51,95.87,70.97,95.9,-18578,3.7,8.01,8.44,0.01,-3.35,-19.17,9.36,-8.53,34.73,183628.39,1.06,11.09,1.74,1.85,1.72,1.8,2.16,1.72,1.81,1.82,1.97,-0.05,0.45,0.09,0.1,0.25,1338233,10.52,7.76,3.57,0.4,0.4,2.2,-0.2,-1.4,0.7,1.9,0.3,0.3,3.2,-4.9,-0.2,-0.4,-0.2,1.2,2,0.7,35,28.9
2015-04-30,97.5,-25.14,152.07,96.99,96.46,71.31,103.2,-19270,3.6,7.96,8.64,0.04,-4.57,-15.52,-8.55,-19.04,42.53,212154.32,1.02,11.76,1.74,1.8,1.84,2.04,2.41,1.76,1.96,1.97,2.11,0.24,0.65,0.12,0.13,0.27,1301602,24.87,7.96,3.7,0.8,0.8,1.8,0.9,2.5,0.6,0.8,0.8,0.9,0.3,9,-0.3,-0.7,1.9,3.1,4,2,36.4,28.5
2015-05-29,99.4,21.87,21.33,97.35,96.86,71.48,101.2,-17480,3.7,8.29,9.35,0.03,-8.05,-17.47,-8.05,-17.47,42.28,209936.1,1.25,12.59,1.74,1.8,1.75,1.92,2.31,1.68,1.91,1.91,2.06,0.12,0.63,0.16,0.16,0.32,1379169,28.61,7.32,3.79,0.8,0.8,1.8,0.9,2.5,0.6,0.8,0.8,0.9,0.3,9,-0.3,-0.7,1.9,3.1,4,2,36.4,28.5
2015-06-30,96.4,14.78,85.34,97.8,97.38,71.87,101.5,-20884,3.8,9.02,10.02,0.01,-11.03,-15.41,-6.9,-11.48,51.69,216658.3,1.28,14.45,1.5,1.65,1.79,2.07,2.45,1.61,1.93,1.93,2.11,0.42,0.84,0.13,0.14,0.31,1454584,31.29,6.91,3.85,0.8,0.8,1.8,0.9,2.5,0.6,0.8,0.8,0.9,0.3,9,-0.3,-0.7,1.9,3.1,4,2,36.4,28.5
2015-07-31,84.3,7.9,46.67,98.21,97.88,72.19,98.2,-16189,3.8,9.3,10.29,0.02,-2.66,-13.84,-13.02,-23,32.92,207948.14,1.3,13.54,1.5,1.64,1.77,2.03,2.43,1.6,1.88,1.89,2.07,0.39,0.83,0.11,0.12,0.31,1261209,9,7.22,3.89,0.4,0.6,-8.3,0.7,1.5,0.3,0.8,0.2,-0.3,0.8,1.4,0.1,0.3,0.3,-0.5,-0.2,2.8,35.2,28.5
2015-08-31,89.6,13.45,23.43,98.6,98.31,72.44,99.2,-18110,3.7,9.01,10.48,0.01,-5.2,-15.74,-5.2,-15.74,39.87,209153.12,1.36,19.75,1.52,1.63,1.74,1.93,2.3,1.6,1.84,1.85,2.05,0.3,0.69,0.1,0.12,0.31,1564344,17,7.49,3.9,0.4,0.6,-8.3,0.7,1.5,0.3,0.8,0.2,-0.3,0.8,1.4,0.1,0.3,0.3,-0.5,-0.2,2.8,35.2,28.5
2015-09-30,95.1,-60.06,-0.25,99.06,98.85,72.94,96.1,-13086,3.6,9.26,10.56,0.01,-15.18,-18.74,-13.26,-16.89,40.8,219685.2,1.33,20.48,1.49,1.59,1.57,1.72,2.06,1.53,1.69,1.7,1.99,0.13,0.54,0.12,0.13,0.42,1712258,20.06,7.76,3.88,0.4,0.6,-8.3,0.7,1.5,0.3,0.8,0.2,-0.3,0.8,1.4,0.1,0.3,0.3,-0.5,-0.2,2.8,35.2,28.5
2015-10-30,101.2,2.31,126.36,99.39,99.25,73.28,87.7,-6644,3.5,9.2,10.39,0.01,-8.46,-21.83,-14.56,-27.04,34.13,210643.02,1.28,14.22,1.5,1.57,1.66,1.79,2.11,1.58,1.76,1.78,2.11,0.22,0.53,0.11,0.12,0.45,1390125,14.99,8.05,3.82,1.3,1.2,4.1,0.8,4.2,1,2.4,1.2,1.3,1.9,2.1,-0.3,1.4,1.4,1.9,1.3,2.8,36,29.4
2015-11-30,95.9,3.29,29.83,99.82,99.74,73.72,88.7,-7871,3.5,9.44,10.53,0,-16.03,-16.63,-16.03,-16.63,29.73,207649.9,1.31,14.37,1.5,1.66,1.79,1.96,2.25,1.67,1.97,1.98,2.33,0.3,0.58,0.19,0.19,0.55,1607900,22.49,8.28,3.72,1.3,1.2,4.1,0.8,4.2,1,2.4,1.2,1.3,1.9,2.1,-0.3,1.4,1.4,1.9,1.3,2.8,36,29.4
2015-12-31,97.5,-14.68,106.96,100,100,74.02,86.9,10021,3.5,8.84,10.16,0.01,-4.98,-17.64,-7.04,-19.43,29.59,209173.08,1.33,14.18,1.52,1.67,1.66,1.81,2.08,1.63,1.83,1.84,2.24,0.14,0.44,0.16,0.17,0.58,1505372,27.69,8.27,3.58,1.3,1.2,4.1,0.8,4.2,1,2.4,1.2,1.3,1.9,2.1,-0.3,1.4,1.4,1.9,1.3,2.8,36,29.4
2016-01-29,93.2,35.68,10.75,100.08,100.19,74.07,78.1,21133,3.5,7.66,9.17,0.01,-14.32,-19.24,-14.32,-19.24,24.85,204280.88,1.36,17.93,1.5,1.65,1.56,1.7,1.98,1.55,1.71,1.71,2.08,0.05,0.43,0.14,0.15,0.51,1655718,25.91,7.15,3.4,0.7,0.8,-2,0.4,0.9,0.8,2.5,0.4,1.5,0,-2.2,2.2,3,0.7,-0.1,0.3,2.1,34.9,29.3
2016-02-29,86.3,-27.95,-2.4,100.16,100.38,74.41,79.2,23752,3.5,7.53,8.89,0.01,-19.61,-20.27,-16.04,-16.72,23.44,206616.51,1.36,17.56,1.52,1.63,1.45,1.56,1.79,1.46,1.6,1.6,1.95,-0.08,0.32,0.14,0.15,0.49,1980329,15.46,6.92,3.18,0.7,0.8,-2,0.4,0.9,0.8,2.5,0.4,1.5,0,-2.2,2.2,3,0.7,-0.1,0.3,2.1,34.9,29.3
2016-03-31,98.3,22.74,84.14,100.19,100.53,74.74,84.4,21290,4,8.08,8.85,0.01,-13.38,-14.22,-17.71,-18.51,16.72,214328.84,1.3,12.33,1.53,1.61,1.44,1.55,1.79,1.48,1.59,1.59,1.9,-0.06,0.31,0.15,0.15,0.46,1752939,30.99,6.53,2.97,0.7,0.8,-2,0.4,0.9,0.8,2.5,0.4,1.5,0,-2.2,2.2,3,0.7,-0.1,0.3,2.1,34.9,29.3
2016-04-29,95.7,8.37,-6.81,100.23,100.64,74.95,84.4,24948,3.8,8.31,8.94,0.01,-8.16,-13.36,-8.16,-13.36,7.91,228926.12,1.28,12.42,1.5,1.61,1.45,1.55,1.79,1.48,1.59,1.59,1.89,-0.06,0.31,0.14,0.14,0.44,1444688,10.99,6.14,2.81,0.5,0.4,3.7,0.4,3.6,0.4,0.7,0.6,-0.1,-7,7.6,-1.6,-2.8,0.7,2.5,3.3,1.8,36.3,27.9
2016-05-31,102.3,-28.29,19.23,100.3,100.75,75.25,86.5,25723,3.7,7.83,8.62,0.01,-11.12,-14.45,-9.23,-12.63,2.28,214717.6,1.68,11.81,1.48,1.56,1.5,1.58,1.81,1.52,1.63,1.63,1.92,0.02,0.29,0.14,0.14,0.43,1514926,9.84,6.16,2.72,0.5,0.4,3.7,0.4,3.6,0.4,0.7,0.6,-0.1,-7,7.6,-1.6,-2.8,0.7,2.5,3.3,1.8,36.3,27.9
2016-06-30,94.8,2.54,-23.61,100.39,100.85,75.38,77.7,27314,3.7,7.03,7.95,0.01,-6.13,-8.36,-6.13,-8.36,10.18,238706,1.69,13.9,1.23,1.37,1.25,1.3,1.47,1.28,1.39,1.39,1.68,-0.07,0.19,0.14,0.15,0.43,1527890,5.04,6.08,2.68,0.5,0.4,3.7,0.4,3.6,0.4,0.7,0.6,-0.1,-7,7.6,-1.6,-2.8,0.7,2.5,3.3,1.8,36.3,27.9
2016-07-29,90.5,23.95,-8.32,100.52,100.95,75.44,81.1,25931,3.6,6.74,7.73,0.02,-2.89,-7.4,-0.78,-5.39,9.08,226840.04,1.65,12.6,1.24,1.36,1.22,1.24,1.39,1.25,1.34,1.35,1.6,-0.13,0.13,0.12,0.13,0.38,1652141,31,5.56,2.7,0.9,1,-4.5,1,2.6,0.5,0.4,0.7,0.8,2.6,3.1,1.9,2.1,1.3,1.2,-0.2,1.8,35.9,29.2
2016-08-31,89.5,0.4,38.13,100.64,101.05,75.45,84.5,29950,3.6,7.1,7.93,0.01,-10.54,-13.65,-4.82,-8.14,3.94,217392.85,1.64,11.56,1.25,1.34,1.31,1.35,1.48,1.32,1.43,1.44,1.67,0.01,0.16,0.12,0.13,0.36,1950754,24.7,5.7,2.76,0.9,1,-4.5,1,2.6,0.5,0.4,0.7,0.8,2.6,3.1,1.9,2.1,1.3,1.2,-0.2,1.8,35.9,29.2
2016-09-30,95,1.72,52.53,100.78,101.14,75.44,83.9,30864,3.8,6.9,7.59,0.01,2.6,0.95,-5.95,-7.46,-0.16,219340.35,1.63,14.11,1.26,1.34,1.25,1.25,1.4,1.31,1.42,1.44,1.65,-0.09,0.09,0.18,0.19,0.41,1934125,12.96,5.09,2.83,0.9,1,-4.5,1,2.6,0.5,0.4,0.7,0.8,2.6,3.1,1.9,2.1,1.3,1.2,-0.2,1.8,35.9,29.2
2016-10-31,96,7.81,-39.06,101.03,101.32,75.4,82.8,28176,3.9,7.15,7.97,0.02,-5.95,-1.6,0.76,5.43,4.47,220053.44,1.56,14.61,1.24,1.39,1.44,1.5,1.69,1.43,1.63,1.63,1.92,0.11,0.26,0.19,0.19,0.49,1774432,27.65,4.51,2.91,0.5,0.5,-1.9,-0.4,2.3,0.6,0.9,0.4,0.6,0.9,2.2,1.5,3,0.9,0.3,-0.4,1.5,35.4,30.2
2016-11-30,89.8,-9.36,42.68,101.28,101.51,75.37,75.1,25488,3.8,6.86,7.81,0.01,-3.16,-4.66,-1.01,-2.54,4.06,216075.07,1.56,12.8,1.23,1.52,1.71,1.9,2.14,1.6,1.9,1.92,2.25,0.38,0.54,0.19,0.21,0.54,1737421,8.06,3.81,2.96,0.5,0.5,-1.9,-0.4,2.3,0.6,0.9,0.4,0.6,0.9,2.2,1.5,3,0.9,0.3,-0.4,1.5,35.4,30.2
2016-12-30,91.6,16.95,-5.14,101.35,101.58,75.44,77.2,7858,3.6,7.11,8.07,0.01,2.31,9.37,-1.95,4.81,4.03,217600.96,1.52,11.51,1.27,1.52,1.64,1.8,2.07,1.56,1.83,1.85,2.12,0.28,0.51,0.2,0.21,0.48,1699422,12.89,3.54,2.98,0.5,0.5,-1.9,-0.4,2.3,0.6,0.9,0.4,0.6,0.9,2.2,1.5,3,0.9,0.3,-0.4,1.5,35.4,30.2
