c0,c1,corr,p-value
afJPMAAL,agJPMAORM,0.476581812999452,8.577137520386178e-13
afJPMAAL,ahJPMANRC,-0.1770211386035596,0.011939033209345034
afJPMAAL,afJPCIST,0.3000072273138371,1.512239874221042e-05
afJPMAAL,afJPCISAT,0.2073548893750359,0.0031409331064411986
afJPMAAL,afJPCISAON,0.05200546302658992,0.46343485420102837
afJPMAAL,afJPCISART,0.30847801290662535,8.377918725306663e-06
afJPMAAL,aaJPBPCA,0.3934038667595419,7.589441204798386e-09
afJPMAAL,aaJPBPG,0.17542939950149544,0.012739218353201054
afJPMAAL,aaJPEIEX,0.28131010689914804,5.223774726258443e-05
afJPMAAL,aaJPEIIM,0.23361829815686863,0.0008445602948777622
afJPMAAL,afJPTINTT,-0.05700027368560627,0.4215517567808912
afJPMAAL,afJPPRCNT,0.10313566907054895,0.1451248855300946
afJPMAAL,aJPCBLD,0.4135315130990097,1.0502413147378777e-09
afJPMAAL,aJPCBCO,0.49111140951962606,1.341063768377778e-13
afJPMAAL,aJPCBLG,0.4748808426945374,1.0598029698096086e-12
afJPMAAL,aJPCS,0.22970083829625454,0.0010372140388350153
afJPMAAL,aJPBSTKA,0.3403978175801194,7.640743098298372e-07
afJPMAAL,aJPBSTKAM,0.36694891471703533,8.412834608610277e-08
afJPMAAL,aJPBSTKAMS,0.3685100909259575,7.342479882164256e-08
afJPMAAL,aJPBSTKANM,0.29130353542342274,2.722270865247393e-05
afJPMAAL,aJPBSTKANML,0.3597189773014094,1.565234361655202e-07
afJPMAAL,aJPBSTKF,0.3737023053745018,4.645392109930751e-08
afJPMAAL,aJPBSTKFM,0.3986870421856754,4.573694621143569e-09
afJPMAAL,aJPBSTKFNM,0.3303625485538001,1.6707268358183435e-06
afJPMAAL,aaJPMBM1,0.07764489245066945,0.273255738923191
afJPMAAL,aaJPMBM2,-0.03907492770193982,0.5818132605255661
afJPMAAL,arJPFXER,0.004012470694380571,0.9549179815245177
afJPMAAL,aaJPPFSDQ,0.29288727834197703,2.449560890922492e-05
afJPMAAL,aaJPFSAIA,0.048063336156620964,0.49805243781724307
afJPMAAL,aGLIRPCJP,0.28812934670510404,3.357346755624077e-05
afJPMAAL,aGLOCL6JPN,0.12715243347751695,0.07205634271231669
afJPMAAL,aJPCBLD_YoY,0.07781863761375797,0.27218057354699576
agJPMAORM,ahJPMANRC,0.20327426918834918,0.0038010774281344206
agJPMAORM,afJPCIST,0.6093991244153295,8.016423075397767e-22
agJPMAORM,afJPCISAT,0.5447477209297608,6.28358776551666e-17
agJPMAORM,afJPCISAON,0.3626393713298039,1.2202936948538863e-07
agJPMAORM,afJPCISART,0.5391120150373212,1.5006996283127661e-16
agJPMAORM,aaJPBPCA,0.3657377172088302,9.344966577878326e-08
agJPMAORM,aaJPBPG,0.523913489627474,1.450333549132532e-15
agJPMAORM,aaJPEIEX,0.3918679160621675,8.778716464434413e-09
agJPMAORM,aaJPEIIM,0.04435653702296988,0.5318081611786152
agJPMAORM,afJPTINTT,0.20287956162989906,0.0038711448471112652
agJPMAORM,afJPPRCNT,0.006175413740448972,0.9306664333796711
agJPMAORM,aJPCBLD,0.6560860669279962,4.0522326959692753e-26
agJPMAORM,aJPCBCO,0.7549912630408248,2.519623823716647e-38
agJPMAORM,aJPCBLG,0.6012201851004711,3.846159870714225e-21
agJPMAORM,aJPCS,0.44546783057237904,3.4385103799104016e-11
agJPMAORM,aJPBSTKA,0.4270920761801836,2.56838022392779e-10
agJPMAORM,aJPBSTKAM,0.5917497152125941,2.2368396971673798e-20
agJPMAORM,aJPBSTKAMS,0.5577387463650657,7.92757707109138e-18
agJPMAORM,aJPBSTKANM,0.24803850528447158,0.00038484596740874977
agJPMAORM,aJPBSTKANML,0.4079374262803042,1.8440369615318294e-09
agJPMAORM,aJPBSTKF,0.48644050553312623,2.4585835619978885e-13
agJPMAORM,aJPBSTKFM,0.6301164980606704,1.2233298500086335e-23
agJPMAORM,aJPBSTKFNM,0.33297914897331865,1.3660492366392607e-06
agJPMAORM,aaJPMBM1,-0.2278416361102849,0.0011421003385426495
agJPMAORM,aaJPMBM2,-0.4329524875745805,1.3702935453199407e-10
agJPMAORM,arJPFXER,-0.3150290446083592,5.239286085487251e-06
agJPMAORM,aaJPPFSDQ,0.18929701356856302,0.007115540556314155
agJPMAORM,aaJPFSAIA,-0.29685455628623414,1.875232478410335e-05
agJPMAORM,aGLIRPCJP,0.43966602379590014,6.573049838073085e-11
agJPMAORM,aGLOCL6JPN,0.41021884078361914,1.4676004430273705e-09
agJPMAORM,aJPCBLD_YoY,0.3704610327829368,6.187951556099839e-08
ahJPMANRC,afJPCIST,0.051588793663911066,0.46702975664724267
ahJPMANRC,afJPCISAT,0.061570380566396236,0.3852351565998232
ahJPMANRC,afJPCISAON,0.005773540065085867,0.9351682005685648
ahJPMANRC,afJPCISART,-0.002510810834754291,0.9717807729443718
ahJPMANRC,aaJPBPCA,-0.22690828959154744,0.0011983448485220866
ahJPMANRC,aaJPBPG,0.16652564881660922,0.018142085404570213
ahJPMANRC,aaJPEIEX,-0.22034286657582824,0.0016714715381306263
ahJPMANRC,aaJPEIIM,-0.23740704736515145,0.0006901038345701989
ahJPMANRC,afJPTINTT,0.21196865906178372,0.0025207957256442393
ahJPMANRC,afJPPRCNT,-0.15359578004916835,0.029484359805320357
ahJPMANRC,aJPCBLD,0.09100135159629841,0.19886644161650766
ahJPMANRC,aJPCBCO,0.09347072751946757,0.18690089002440863
ahJPMANRC,aJPCBLG,-0.013185414604606913,0.852619080051791
ahJPMANRC,aJPCS,0.16505859666227896,0.019201337521358382
ahJPMANRC,aJPBSTKA,0.029520944339556005,0.6774012035473385
ahJPMANRC,aJPBSTKAM,0.0808511630032496,0.2538769779961918
ahJPMANRC,aJPBSTKAMS,0.06660436297741086,0.34750786077834783
ahJPMANRC,aJPBSTKANM,-0.01544683887032237,0.8277065845044425
ahJPMANRC,aJPBSTKANML,0.0117956974804045,0.8680029730447143
ahJPMANRC,aJPBSTKF,-0.0009709256351275596,0.9890857591927473
ahJPMANRC,aJPBSTKFM,0.04708183449310205,0.5068789134535743
ahJPMANRC,aJPBSTKFNM,-0.04489009669500013,0.5268794069170868
ahJPMANRC,aaJPMBM1,-0.1386333218364978,0.049681495219191754
ahJPMANRC,aaJPMBM2,-0.19132682782109037,0.006512621826451119
ahJPMANRC,arJPFXER,-0.1691795318741576,0.01635448703891926
ahJPMANRC,aaJPPFSDQ,-0.2124632708958604,0.0024613898090477208
ahJPMANRC,aaJPFSAIA,-0.21258539866035384,0.002446918593701836
ahJPMANRC,aGLIRPCJP,-0.09284255373772053,0.1898934802146109
ahJPMANRC,aGLOCL6JPN,0.14854706540357931,0.03532841877832661
ahJPMANRC,aJPCBLD_YoY,0.18719257204646383,0.007792655717995612
afJPCIST,afJPCISAT,0.960142331237996,4.0086651667880993e-112
afJPCIST,afJPCISAON,0.7878081421154306,9.325548211906367e-44
afJPCIST,afJPCISART,0.9538850085763265,5.874906111910689e-106
afJPCIST,aaJPBPCA,0.29097699564232943,2.7819519744229553e-05
afJPCIST,aaJPBPG,0.5206557368097967,2.3243028510722255e-15
afJPCIST,aaJPEIEX,-0.0723444362192044,0.3074437189597589
afJPCIST,aaJPEIIM,-0.3424825275939558,6.472038374226928e-07
afJPCIST,afJPTINTT,0.5810987478554912,1.513936506068365e-19
afJPCIST,afJPPRCNT,0.08967295035546509,0.20552866275077372
afJPCIST,aJPCBLD,0.2203283030683041,0.0016726882993306459
afJPCIST,aJPCBCO,0.35503019373584954,2.3222896680783424e-07
afJPCIST,aJPCBLG,0.2766657475699914,7.013224103429994e-05
afJPCIST,aJPCS,0.32676408671987983,2.197056242961179e-06
afJPCIST,aJPBSTKA,0.06104037284486809,0.3893468939705639
afJPCIST,aJPBSTKAM,0.19592440774780023,0.005312447202196492
afJPCIST,aJPBSTKAMS,0.16861225775445496,0.0167231238942901
afJPCIST,aJPBSTKANM,-0.07359730329300349,0.29911965231152066
afJPCIST,aJPBSTKANML,0.04951757127197713,0.48512546636657106
afJPCIST,aJPBSTKF,0.142060488683861,0.04425071202212652
afJPCIST,aJPBSTKFM,0.2474335545796184,0.00039812344655445293
afJPCIST,aJPBSTKFNM,0.04238033062156678,0.5502630295187232
afJPCIST,aaJPMBM1,-0.4864845790407532,2.4446673936935856e-13
afJPCIST,aaJPMBM2,-0.591116462343242,2.5111276401033655e-20
afJPCIST,arJPFXER,-0.6281182077434537,1.8565663123380507e-23
afJPCIST,aaJPPFSDQ,0.03333482560685003,0.6385080596993562
afJPCIST,aaJPFSAIA,-0.5647131667618522,2.512246802591434e-18
afJPCIST,aGLIRPCJP,0.05951853254021406,0.40129959098126866
afJPCIST,aGLOCL6JPN,0.26001477131656475,0.0001932536527805521
afJPCIST,aJPCBLD_YoY,0.11878118136366386,0.09306204263755789
afJPCISAT,afJPCISAON,0.9110337277793493,1.6831377541393505e-78
afJPCISAT,afJPCISART,0.8739858068227209,2.7655483232726275e-64
afJPCISAT,aaJPBPCA,0.2408497609708895,0.0005727941697267228
afJPCISAT,aaJPBPG,0.5370399899723214,2.058417314263072e-16
afJPCISAT,aaJPEIEX,-0.22564843659312384,0.0012782947073073279
afJPCISAT,aaJPEIIM,-0.47607892829894444,9.131875271803464e-13
afJPCISAT,afJPTINTT,0.6826601147898741,6.363076983135447e-29
afJPCISAT,afJPPRCNT,0.033507237499204895,0.6367719391182329
afJPCISAT,aJPCBLD,0.11018378548299756,0.1194403306331752
afJPCISAT,aJPCBCO,0.21717890519618369,0.0019556406643742703
afJPCISAT,aJPCBLG,0.08148032537830843,0.250188599395383
afJPCISAT,aJPCS,0.2956554968926792,2.0337870551168183e-05
afJPCISAT,aJPBSTKA,-0.07017141707245939,0.3222388080860964
afJPCISAT,aJPBSTKAM,0.08272939785827708,0.24297655129355353
afJPCISAT,aJPBSTKAMS,0.04107949012649581,0.562579411053755
afJPCISAT,aJPBSTKANM,-0.21123036603438838,0.002611892872681004
afJPCISAT,aJPBSTKANML,-0.10099797181268948,0.15369134387183653
afJPCISAT,aJPBSTKF,0.006041723267303487,0.9321637895912783
afJPCISAT,aJPBSTKFM,0.12522487683131847,0.07651492334462345
afJPCISAT,aJPBSTKFNM,-0.09776724591801883,0.1673542161007255
afJPCISAT,aaJPMBM1,-0.6501259580773358,1.5784633218143616e-25
afJPCISAT,aaJPMBM2,-0.6953830205576667,2.2550100631711436e-30
afJPCISAT,arJPFXER,-0.7464673593975071,4.71622730635604e-37
afJPCISAT,aaJPPFSDQ,0.00580693264950755,0.9347940582793202
afJPCISAT,aaJPFSAIA,-0.6751189491460285,4.257580151047065e-28
afJPCISAT,aGLIRPCJP,0.02984855376823862,0.674024715984451
afJPCISAT,aGLOCL6JPN,0.2961857211855615,1.9621722319139428e-05
afJPCISAT,aJPCBLD_YoY,0.18117947270695786,0.010053598713243551
afJPCISAON,afJPCISART,0.679024391399404,1.6022543753602683e-28
afJPCISAON,aaJPBPCA,0.16904679455359528,0.016440103963779634
afJPCISAON,aaJPBPG,0.4602668600926001,6.2242030140906956e-12
afJPCISAON,aaJPEIEX,-0.3228620163195938,2.9451321719923087e-06
afJPCISAON,aaJPEIIM,-0.5191507177220441,2.885229686435013e-15
afJPCISAON,afJPTINTT,0.6481622918907237,2.454230100883636e-25
afJPCISAON,afJPPRCNT,0.003918478649647645,0.9559729497588352
afJPCISAON,aJPCBLD,-0.03394140782564937,0.6324087883018377
afJPCISAON,aJPCBCO,0.0050660700335632206,0.9430981549285052
afJPCISAON,aJPCBLG,-0.15371381915485913,0.029358248716177978
afJPCISAON,aJPCS,0.2140762185196442,0.0022763909746845567
afJPCISAON,aJPBSTKA,-0.20203166563476752,0.004025613011868191
afJPCISAON,aJPBSTKAM,-0.05150988207510581,0.46771230750493964
afJPCISAON,aJPBSTKAMS,-0.10902837491058194,0.12338980026682125
afJPCISAON,aJPBSTKANM,-0.33153749157025214,1.5266595821943535e-06
afJPCISAON,aJPBSTKANML,-0.2593785717964147,0.00020062402588077273
afJPCISAON,aJPBSTKF,-0.1387435714709324,0.04949852971957541
afJPCISAON,aJPBSTKFM,-0.02545537739422377,0.7198198314481651
afJPCISAON,aJPBSTKFNM,-0.2284746070448144,0.0011053460697231297
afJPCISAON,aaJPMBM1,-0.6926767169138726,4.655741799869939e-30
afJPCISAON,aaJPMBM2,-0.6692417281874226,1.8019400817853007e-27
afJPCISAON,arJPFXER,-0.7301611379089885,9.3580747963945e-35
afJPCISAON,aaJPPFSDQ,-0.10923681994608586,0.12266990102183718
afJPCISAON,aaJPFSAIA,-0.6849741493262798,3.510396923983373e-29
afJPCISAON,aGLIRPCJP,0.015355039807478266,0.8287147029280395
afJPCISAON,aGLOCL6JPN,0.28884452684045914,3.203118087123724e-05
afJPCISAON,aJPCBLD_YoY,0.22540780198964802,0.0012941101443042801
afJPCISART,aaJPBPCA,0.2779308205481549,6.475827236090215e-05
afJPCISART,aaJPBPG,0.44444968302817467,3.856002698549227e-11
afJPCISART,aaJPEIEX,-0.03360152069921906,0.635823379657873
afJPCISART,aaJPEIIM,-0.2754560103887495,7.566040769884253e-05
afJPCISART,afJPTINTT,0.529454548783312,6.426930799363387e-16
afJPCISART,afJPPRCNT,0.20319691309251026,0.003814718685266261
afJPCISART,aJPCBLD,0.19080480224375623,0.006663157936774544
afJPCISART,aJPCBCO,0.35295900286041193,2.7588461518392285e-07
afJPCISART,aJPCBLG,0.31276932800005364,6.1679485983803e-06
afJPCISART,aJPCS,0.26395372848841053,0.0001529566279629441
afJPCISART,aJPBSTKA,0.07506052873881693,0.2895886580786258
afJPCISART,aJPBSTKAM,0.174292866032968,0.013339030747385574
afJPCISART,aJPBSTKAMS,0.1573875022636145,0.025657182108801968
afJPCISART,aJPBSTKANM,-0.028430512877146905,0.6886857637634083
afJPCISART,aJPBSTKANML,0.07867401305413278,0.266929290198663
afJPCISART,aJPBSTKF,0.1525357446324653,0.030637753276069615
afJPCISART,aJPBSTKFM,0.22441770986942405,0.0013610866118632717
afJPCISART,aJPBSTKFNM,0.08217804522556817,0.24614193561873512
afJPCISART,aaJPMBM1,-0.3839473529800873,1.8380429035434354e-08
afJPCISART,aaJPMBM2,-0.47197882185854806,1.5164204857565218e-12
afJPCISART,arJPFXER,-0.5528465500752423,1.7470484170928857e-17
afJPCISART,aaJPPFSDQ,0.04869101415911302,0.4924506808698822
afJPCISART,aaJPFSAIA,-0.4573887399685544,8.73480119206586e-12
afJPCISART,aGLIRPCJP,0.007212661462207557,0.9190577554549948
afJPCISART,aGLOCL6JPN,0.19805509651181563,0.004826721104291129
afJPCISART,aJPCBLD_YoY,0.04920491200448719,0.48788944673030954
aaJPBPCA,aaJPBPG,0.6317505454674622,8.677953160080555e-24
aaJPBPCA,aaJPEIEX,0.2797859719940749,5.757301523073849e-05
aaJPBPCA,aaJPEIIM,-0.12810946382733673,0.06992242858066812
aaJPBPCA,afJPTINTT,0.1991380797209825,0.004595456425585064
aaJPBPCA,afJPPRCNT,0.09342305363858003,0.18712678661527735
aaJPBPCA,aJPCBLD,0.18984333270018985,0.006948560588934305
aaJPBPCA,aJPCBCO,0.2135134901192281,0.002339446818509088
aaJPBPCA,aJPCBLG,0.2987157877734905,1.6520623420281304e-05
aaJPBPCA,aJPCS,0.31224717234039545,6.40374742121605e-06
aaJPBPCA,aJPBSTKA,0.1474529279487907,0.03671671992669645
aaJPBPCA,aJPBSTKAM,0.2648242361543834,0.00014518104993371377
aaJPBPCA,aJPBSTKAMS,0.23008217802105962,0.0010168256967673728
aaJPBPCA,aJPBSTKANM,0.03205993301856708,0.651406309512568
aaJPBPCA,aJPBSTKANML,0.15872855709514505,0.024409731800351834
aaJPBPCA,aJPBSTKF,0.15036790527312818,0.03311662270481803
aaJPBPCA,aJPBSTKFM,0.24084306563569596,0.0005730032387107594
aaJPBPCA,aJPBSTKFNM,0.07178352371804411,0.31121928273285804
aaJPBPCA,aaJPMBM1,-0.020530610846974228,0.7723619179940386
aaJPBPCA,aaJPMBM2,-0.18654240599654087,0.008013133755451181
aaJPBPCA,arJPFXER,-0.1702948434312896,0.015650326717402248
aaJPBPCA,aaJPPFSDQ,0.3519132827724245,3.008129353692685e-07
aaJPBPCA,aaJPFSAIA,-0.0409474074023899,0.5638373205095872
aaJPBPCA,aGLIRPCJP,0.18514430336128943,0.008506114397959346
aaJPBPCA,aGLOCL6JPN,0.04897367945167836,0.48993900745401864
aaJPBPCA,aJPCBLD_YoY,0.13150187362919702,0.06276928481410775
aaJPBPG,aaJPEIEX,-0.17505384866552207,0.012934743003771162
aaJPBPG,aaJPEIIM,-0.6368959349021874,2.903893216730593e-24
aaJPBPG,afJPTINTT,0.6873220351255219,1.9089947775701087e-29
aaJPBPG,afJPPRCNT,-0.11859955802065364,0.09356679317058146
aaJPBPG,aJPCBLD,-0.055863167075459456,0.4308880576821834
aaJPBPG,aJPCBCO,0.017807879173236615,0.8018793937454011
aaJPBPG,aJPCBLG,0.07742039694602532,0.27464921900455364
aaJPBPG,aJPCS,0.23078949717513775,0.0009799805651408823
aaJPBPG,aJPBSTKA,-0.22314380980460255,0.001451927899262472
aaJPBPG,aJPBSTKAM,0.00028186835271113114,0.9968314089544064
aaJPBPG,aJPBSTKAMS,-0.05780942370146263,0.41498048595094095
aaJPBPG,aJPBSTKANM,-0.40595610897071077,2.245351108729058e-09
aaJPBPG,aJPBSTKANML,-0.24103952676763435,0.0005668977626126624
aaJPBPG,aJPBSTKF,-0.20705208271747802,0.0031860975873257715
aaJPBPG,aJPBSTKFM,-0.02436413487483635,0.7313593246010838
aaJPBPG,aJPBSTKFNM,-0.34771796955492684,4.242902292798392e-07
aaJPBPG,aaJPMBM1,-0.561951901355159,3.9724351149761176e-18
aaJPBPG,aaJPMBM2,-0.7264301128256315,2.974964751256578e-34
aaJPBPG,arJPFXER,-0.6891814211500734,1.1735797767608257e-29
aaJPBPG,aaJPPFSDQ,0.08239577685624226,0.24488850066679382
aaJPBPG,aaJPFSAIA,-0.5462392117122173,4.9768697784781215e-17
aaJPBPG,aGLIRPCJP,0.1349625360572377,0.05610237027558771
aaJPBPG,aGLOCL6JPN,0.07124251455684334,0.3148895085846224
aaJPBPG,aJPCBLD_YoY,0.19234060924916876,0.006228924819235607
aaJPEIEX,aaJPEIIM,0.8030122581475521,1.3020653495644493e-46
aaJPEIEX,afJPTINTT,-0.6652178552408384,4.748329790667346e-27
aaJPEIEX,afJPPRCNT,0.1380237141597553,0.050703363229668
aaJPEIEX,aJPCBLD,0.705174018781181,1.5285950689026925e-31
aaJPEIEX,aJPCBCO,0.6628039649699798,8.430560845362461e-27
aaJPEIEX,aJPCBLG,0.7051805692683488,1.5257886929087545e-31
aaJPEIEX,aJPCS,0.24959630008827832,0.00035252234448894645
aaJPEIEX,aJPBSTKA,0.6869407689364828,2.1083105645213586e-29
aaJPEIEX,aJPBSTKAM,0.6444158927632113,5.645911011143272e-25
aaJPEIEX,aJPBSTKAMS,0.657721411373083,2.7753553073047843e-26
aaJPEIEX,aJPBSTKANM,0.6774764492826799,2.3645045836563752e-28
aaJPEIEX,aJPBSTKANML,0.7282565876927638,1.692900834745435e-34
aaJPEIEX,aJPBSTKF,0.6974163904016415,1.3010238674566165e-30
aaJPEIEX,aJPBSTKFM,0.6688466143602294,1.9831287713995328e-27
aaJPEIEX,aJPBSTKFNM,0.6836001203409173,5.00062829071383e-29
aaJPEIEX,aaJPMBM1,0.5967779060399092,8.847516682186046e-21
aaJPEIEX,aaJPMBM2,0.43835662901987255,7.595258387473539e-11
aaJPEIEX,arJPFXER,0.5676961173849281,1.5240408215112172e-18
aaJPEIEX,aaJPPFSDQ,0.21654602265122627,0.002017512251665352
aaJPEIEX,aaJPFSAIA,0.5234627467062372,1.5485967339093008e-15
aaJPEIEX,aGLIRPCJP,0.5419323116571443,9.72682826296691e-17
aaJPEIEX,aGLOCL6JPN,0.06593880971428805,0.352357529797267
aaJPEIEX,aJPCBLD_YoY,0.0783141618149841,0.2691299845345999
aaJPEIIM,afJPTINTT,-0.9009477114746209,4.39359192853301e-74
aaJPEIIM,afJPPRCNT,0.13633283885326852,0.05362953069820997
aaJPEIIM,aJPCBLD,0.5931987560146609,1.7150287707389864e-20
aaJPEIIM,aJPCBCO,0.5144707978702224,5.612867758623272e-15
aaJPEIIM,aJPCBLG,0.5157005701163427,4.717045788038195e-15
aaJPEIIM,aJPCS,0.0692086245896799,0.3289390036915578
aaJPEIIM,aJPBSTKA,0.6492656182422748,1.9159722144974532e-25
aaJPEIIM,aJPBSTKAM,0.4994700748701129,4.428777147784945e-14
aaJPEIIM,aJPBSTKAMS,0.5412922347257696,1.0736593027392083e-16
aaJPEIIM,aJPBSTKANM,0.7375222254509087,9.019416605768202e-36
aaJPEIIM,aJPBSTKANML,0.6912102991452256,6.87288180042288e-30
aaJPEIIM,aJPBSTKF,0.6497553547636719,1.716005271347488e-25
aaJPEIIM,aJPBSTKFM,0.5348995321077706,2.84656122255719e-16
aaJPEIIM,aJPBSTKFNM,0.7094463246494906,4.5612590844440906e-32
aaJPEIIM,aaJPMBM1,0.7575944827740424,1.0053773844581622e-38
aaJPEIIM,aaJPMBM2,0.7148167214364481,9.665735305724706e-33
aaJPEIIM,arJPFXER,0.8120105741248512,2.0163450424622563e-48
aaJPEIIM,aaJPPFSDQ,0.10695814457692565,0.1307185071552419
aaJPEIIM,aaJPFSAIA,0.693661308732816,3.5797148373920754e-30
aaJPEIIM,aGLIRPCJP,0.37811236004218446,3.1288984593037126e-08
aaJPEIIM,aGLOCL6JPN,0.016297751246674264,0.8183756534347817
aaJPEIIM,aJPCBLD_YoY,-0.02980759135705196,0.6744465381382412
afJPTINTT,afJPPRCNT,0.05578345257763642,0.4315469941661101
afJPTINTT,aJPCBLD,-0.4003811859119563,3.880771594717594e-09
afJPTINTT,aJPCBCO,-0.235933601038319,0.0007467801305213495
afJPTINTT,aJPCBLG,-0.2911451507580854,2.7510660509720255e-05
afJPTINTT,aJPCS,0.024179544127828415,0.733317366254876
afJPTINTT,aJPBSTKA,-0.4820376651926931,4.3169932186661347e-13
afJPTINTT,aJPBSTKAM,-0.32617349609754887,2.2972942537497993e-06
afJPTINTT,aJPBSTKAMS,-0.3721772773978094,5.318407342080964e-08
afJPTINTT,aJPBSTKANM,-0.5908912524138891,2.61641982626329e-20
afJPTINTT,aJPBSTKANML,-0.5128065551788444,7.094068696908593e-15
afJPTINTT,aJPBSTKF,-0.45208140601255326,1.618288577821174e-11
afJPTINTT,aJPBSTKFM,-0.33609470617316095,1.0722514450560446e-06
afJPTINTT,aJPBSTKFNM,-0.5248713628071566,1.2613194391001583e-15
afJPTINTT,aaJPMBM1,-0.8076437759474172,1.5664031704413096e-47
afJPTINTT,aaJPMBM2,-0.7636637490895926,1.1276511266674676e-39
afJPTINTT,arJPFXER,-0.9280597409303035,2.643911203943588e-87
afJPTINTT,aaJPPFSDQ,-0.02021558664682625,0.7757613420088922
afJPTINTT,aaJPFSAIA,-0.7239764367907108,6.299599019189298e-34
afJPTINTT,aGLIRPCJP,-0.2944725726185092,2.2025603951895368e-05
afJPTINTT,aGLOCL6JPN,0.09043778307715118,0.20167347117348092
afJPTINTT,aJPCBLD_YoY,0.058875362606507164,0.4064161377809592
afJPPRCNT,aJPCBLD,-0.04798174228028691,0.49878309140010046
afJPPRCNT,aJPCBCO,0.2308074386106966,0.0009790621345670248
afJPPRCNT,aJPCBLG,0.3327398602149172,1.3915418156591607e-06
afJPPRCNT,aJPCS,-0.13918398228317477,0.04877323014315684
afJPPRCNT,aJPBSTKA,0.1415711943682554,0.044994218424531766
afJPPRCNT,aJPBSTKAM,0.05008555805374976,0.48012593822378646
afJPPRCNT,aJPBSTKAMS,0.07009444836045471,0.32277116996347033
afJPPRCNT,aJPBSTKANM,0.2073687953300981,0.003138872972916668
afJPPRCNT,aJPBSTKANML,0.15220734535122993,0.031002786929437618
afJPPRCNT,aJPBSTKF,0.22174536044952314,0.0015580112421420729
afJPPRCNT,aJPBSTKFM,0.1321501063684182,0.06147323909554971
afJPPRCNT,aJPBSTKFNM,0.29388919204006897,2.290584848648946e-05
afJPPRCNT,aaJPMBM1,0.11076075421904047,0.11750526766035292
afJPPRCNT,aaJPMBM2,0.3042843623402167,1.1248914558602913e-05
afJPPRCNT,arJPFXER,-0.014402606670405906,0.8391903580226739
afJPPRCNT,aaJPPFSDQ,0.12838267624305116,0.0693227759162356
afJPPRCNT,aaJPFSAIA,0.43658457308913723,9.227282493455508e-11
afJPPRCNT,aGLIRPCJP,-0.005489748463476892,0.9383484670774915
afJPPRCNT,aGLOCL6JPN,-0.11174813881811899,0.11425049040743351
afJPPRCNT,aJPCBLD_YoY,-0.2739977129395574,8.286790362187357e-05
aJPCBLD,aJPCBCO,0.8978295184571062,8.179528643578569e-73
aJPCBLD,aJPCBLG,0.6135451685825634,3.5576180041732987e-22
aJPCBLD,aJPCS,0.6890974227713689,1.1997536739959916e-29
aJPCBLD,aJPBSTKA,0.8988218346766089,3.259103759634609e-73
aJPCBLD,aJPBSTKAM,0.9250178387907155,1.3964614901671732e-85
aJPCBLD,aJPBSTKAMS,0.920562743106959,3.4759529743892114e-83
aJPCBLD,aJPBSTKANM,0.8104794318130246,4.162689191392695e-48
aJPCBLD,aJPBSTKANML,0.8839179227119399,1.311458677511246e-67
aJPCBLD,aJPBSTKF,0.9052089911244375,6.876477899279998e-76
aJPCBLD,aJPBSTKFM,0.9322896741157854,7.878482036212552e-90
aJPCBLD,aJPBSTKFNM,0.8289733169133314,4.092021908402025e-52
aJPCBLD,aaJPMBM1,0.40519502308580735,2.4209436187408083e-09
aJPCBLD,aaJPMBM2,0.22510433497615684,0.0013143106722306045
aJPCBLD,arJPFXER,0.3524206787294336,2.8845925408435873e-07
aJPCBLD,aaJPPFSDQ,0.14813057431273907,0.035851553279235164
aJPCBLD,aaJPFSAIA,0.22300382111550887,0.001462241461761989
aJPCBLD,aGLIRPCJP,0.33185439957354673,1.4898795514663647e-06
aJPCBLD,aGLOCL6JPN,0.5392662205785463,1.4656906507689294e-16
aJPCBLD,aJPCBLD_YoY,0.4801234333651116,5.500418733990624e-13
aJPCBCO,aJPCBLG,0.7917865660833077,1.760710961460991e-44
aJPCBCO,aJPCS,0.5489684925086213,3.2386851755762744e-17
aJPCBCO,aJPBSTKA,0.8582693142680135,1.4606403361673949e-59
aJPCBCO,aJPBSTKAM,0.8662431684135206,6.972531936833157e-62
aJPCBCO,aJPBSTKAMS,0.8765062243135758,4.222540913700808e-65
aJPCBCO,aJPBSTKANM,0.7842448231054098,4.027479549338618e-43
aJPCBCO,aJPBSTKANML,0.8639460241584255,3.3661612292358776e-61
aJPCBCO,aJPBSTKF,0.9063002252106946,2.2974545288111957e-76
aJPCBCO,aJPBSTKFM,0.9194732199478011,1.2755944017758067e-82
aJPCBCO,aJPBSTKFNM,0.842531259225607,2.265272612134803e-55
aJPCBCO,aaJPMBM1,0.32911202846440507,1.8382706863965518e-06
aJPCBCO,aaJPMBM2,0.18556537412312796,0.008354883474002844
aJPCBCO,arJPFXER,0.2132191315405186,0.0023730593432769683
aJPCBCO,aaJPPFSDQ,0.23467616280417253,0.0007985078961959403
aJPCBCO,aaJPFSAIA,0.23922271798780026,0.0006257257132863342
aJPCBCO,aGLIRPCJP,0.32915296883824163,1.8325405030140242e-06
aJPCBCO,aGLOCL6JPN,0.43688521598288,8.928259676653901e-11
aJPCBCO,aJPCBLD_YoY,0.27384257722781147,8.367143631721232e-05
aJPCBLG,aJPCS,0.2505662907673111,0.0003336881450225809
aJPCBLG,aJPBSTKA,0.6040122763343028,2.263258000429654e-21
aJPCBLG,aJPBSTKAM,0.5823756057051865,1.2082234585288023e-19
aJPCBLG,aJPBSTKAMS,0.6152203929704435,2.55340623961404e-22
aJPCBLG,aJPBSTKANM,0.5739645377504943,5.243712114536487e-19
aJPCBLG,aJPBSTKANML,0.6659769041168289,3.959706913739403e-27
aJPCBLG,aJPBSTKF,0.6970428500776293,1.4398444630172878e-30
aJPCBLG,aJPBSTKFM,0.6903120785535491,8.714667336304051e-30
aJPCBLG,aJPBSTKFNM,0.6666931264618366,3.334442689890425e-27
aJPCBLG,aaJPMBM1,0.369219527965686,6.90053549471157e-08
aJPCBLG,aaJPMBM2,0.1511989742231589,0.03214688406003267
aJPCBLG,arJPFXER,0.24822307190985102,0.0003808776001670474
aJPCBLG,aaJPPFSDQ,0.29034657226223287,2.900682347674818e-05
aJPCBLG,aaJPFSAIA,0.31036665488518467,7.325870271330411e-06
aJPCBLG,aGLIRPCJP,0.5095251420374086,1.1215650003343064e-14
aJPCBLG,aGLOCL6JPN,-0.07419228826919111,0.29521933224929603
aJPCBLG,aJPCBLD_YoY,-0.21524070855972965,0.0021507864855042753
aJPCS,aJPBSTKA,0.6551771602556291,4.9958857647621503e-26
aJPCS,aJPBSTKAM,0.7143245532419169,1.1159264257634345e-32
aJPCS,aJPBSTKAMS,0.6889141567436464,1.2588706170692661e-29
aJPCS,aJPBSTKANM,0.5541424043194814,1.418906620166749e-17
aJPCS,aJPBSTKANML,0.6113504967180212,5.477322934163079e-22
aJPCS,aJPBSTKF,0.6369287807688188,2.883478810082504e-24
aJPCS,aJPBSTKFM,0.6757558525162383,3.6340539728142894e-28
aJPCS,aJPBSTKFNM,0.5730152754266463,6.172245081138847e-19
aJPCS,aaJPMBM1,0.12046276708691878,0.08849107037028778
aJPCS,aaJPMBM2,-0.013605971959177158,0.8479742625115336
aJPCS,arJPFXER,0.04595079725977057,0.5171504003943721
aJPCS,aaJPPFSDQ,-0.0032872094842836975,0.9630602181980918
aJPCS,aaJPFSAIA,-0.04087798694987514,0.5644989952051087
aJPCS,aGLIRPCJP,0.004138010946196123,0.9535090382771534
aJPCS,aGLOCL6JPN,0.4909113039418889,1.3766033630068258e-13
aJPCS,aJPCBLD_YoY,0.49587314810533367,7.160549568369625e-14
aJPBSTKA,aJPBSTKAM,0.9557858803331425,9.799203210788077e-108
aJPBSTKA,aJPBSTKAMS,0.9721962620545679,1.9947746954485023e-127
aJPBSTKA,aJPBSTKANM,0.9641201698788855,1.3980002516308047e-116
aJPBSTKA,aJPBSTKANML,0.9805859761476373,9.096348958868349e-143
aJPBSTKA,aJPBSTKF,0.9665290637098642,1.5640111138750163e-119
aJPBSTKA,aJPBSTKFM,0.9324902404084301,5.9244111262594965e-90
aJPBSTKA,aJPBSTKFNM,0.9453752323318677,7.983791770736086e-99
aJPBSTKA,aaJPMBM1,0.6368917270441631,2.9065187337096947e-24
aJPBSTKA,aaJPMBM2,0.5127647247171113,7.135833975203644e-15
aJPBSTKA,arJPFXER,0.5463135091152657,4.9192553166312054e-17
aJPBSTKA,aaJPPFSDQ,0.1361317340724359,0.053986685834796044
aJPBSTKA,aaJPFSAIA,0.45977321337029126,6.598171696924506e-12
aJPBSTKA,aGLIRPCJP,0.1481066150455615,0.035881845746675384
aJPBSTKA,aGLOCL6JPN,0.4961978339303395,6.858215051346795e-14
aJPBSTKA,aJPCBLD_YoY,0.35301945996680306,2.745056767249292e-07
aJPBSTKAM,aJPBSTKAMS,0.9930016437920535,1.3586438336992609e-186
aJPBSTKAM,aJPBSTKANM,0.8453149701662651,4.4484641427143435e-56
aJPBSTKAM,aJPBSTKANML,0.9090580071414427,1.3536018379597763e-77
aJPBSTKAM,aJPBSTKF,0.9219531721016704,6.436287067352775e-84
aJPBSTKAM,aJPBSTKFM,0.9604336044669797,1.9603897107819538e-112
aJPBSTKAM,aJPBSTKFNM,0.8399956018161946,9.709350146527918e-55
aJPBSTKAM,aaJPMBM1,0.4710938391132009,1.6903549593418739e-12
aJPBSTKAM,aaJPMBM2,0.2877311649229703,3.4462214643350216e-05
aJPBSTKAM,arJPFXER,0.3666294352923815,8.64963780063687e-08
aJPBSTKAM,aaJPPFSDQ,0.1335118516931135,0.058822191126570195
aJPBSTKAM,aaJPFSAIA,0.25438670777171174,0.0002682297025614349
aJPBSTKAM,aGLIRPCJP,0.20149427660548352,0.004126366576876688
aJPBSTKAM,aGLOCL6JPN,0.6046508196302393,2.0033124670665545e-21
aJPBSTKAM,aJPCBLD_YoY,0.4845389282871527,3.1384242142175126e-13
aJPBSTKAMS,aJPBSTKANM,0.8804321257408017,2.0793543518259963e-66
aJPBSTKAMS,aJPBSTKANML,0.9345618801261106,2.9592688086363766e-91
aJPBSTKAMS,aJPBSTKF,0.9405097003155664,3.043263842816309e-95
aJPBSTKAMS,aJPBSTKFM,0.9620193371017551,3.622928752131875e-114
aJPBSTKAMS,aJPBSTKFNM,0.8720219394680697,1.163282024381448e-63
aJPBSTKAMS,aaJPMBM1,0.5256974875996689,1.1178140859139198e-15
aJPBSTKAMS,aaJPMBM2,0.343966154765809,5.74663384639859e-07
aJPBSTKAMS,arJPFXER,0.4231139804064417,3.9076202429946025e-10
aJPBSTKAMS,aaJPPFSDQ,0.14403124133870018,0.04135944453231715
aJPBSTKAMS,aaJPFSAIA,0.307411009060783,9.034067716247454e-06
aJPBSTKAMS,aGLIRPCJP,0.17552147514255778,0.012691678720076371
aJPBSTKAMS,aGLOCL6JPN,0.5645726321138926,2.5717868277032155e-18
aJPBSTKAMS,aJPCBLD_YoY,0.4265536648497433,2.719350679084443e-10
aJPBSTKANM,aJPBSTKANML,0.9726263942498571,4.319117223621138e-128
aJPBSTKANM,aJPBSTKF,0.9326207856701558,4.918838131468112e-90
aJPBSTKANM,aJPBSTKFM,0.8363703481959311,7.446679430415085e-54
aJPBSTKANM,aJPBSTKFNM,0.967462007540625,9.834418556493621e-121
aJPBSTKANM,aaJPMBM1,0.739399471230502,4.9044528392663785e-36
aJPBSTKANM,aaJPMBM2,0.6784071431295055,1.871752684206403e-28
aJPBSTKANM,arJPFXER,0.6704403079057367,1.3462405847420223e-27
aJPBSTKANM,aaJPPFSDQ,0.13297367210225838,0.05985843822782654
aJPBSTKANM,aaJPFSAIA,0.6132855842600403,3.7445721027647605e-22
aJPBSTKANM,aGLIRPCJP,0.089522043469702,0.20629555579680872
aJPBSTKANM,aGLOCL6JPN,0.35885469246936447,1.68410563483145e-07
aJPBSTKANM,aJPCBLD_YoY,0.20859740758498882,0.002961610203983371
aJPBSTKANML,aJPBSTKF,0.957690172949126,1.3488897872538133e-109
aJPBSTKANML,aJPBSTKFM,0.9022479671798328,1.2610897976454068e-74
aJPBSTKANML,aJPBSTKFNM,0.9551580129415879,3.8629854872570625e-107
aJPBSTKANML,aaJPMBM1,0.6673906160687172,2.8192701055845227e-27
aJPBSTKANML,aaJPMBM2,0.5426131839787581,8.754712394494968e-17
aJPBSTKANML,arJPFXER,0.571237169311742,8.364818853763355e-19
aJPBSTKANML,aaJPPFSDQ,0.17602457300815552,0.012434666077904707
aJPBSTKANML,aaJPFSAIA,0.5068480852316211,1.6238374382455526e-14
aJPBSTKANML,aGLIRPCJP,0.1689382397168057,0.016510413131063127
aJPBSTKANML,aGLOCL6JPN,0.3952017941391708,6.394310084991078e-09
aJPBSTKANML,aJPCBLD_YoY,0.25529662941732,0.0002545095902645414
aJPBSTKF,aJPBSTKFM,0.9666239032531744,1.1848577824094113e-119
aJPBSTKF,aJPBSTKFNM,0.9747646608528887,1.4677155977187944e-131
aJPBSTKF,aaJPMBM1,0.5659795788858447,2.033173017984195e-18
aJPBSTKF,aaJPMBM2,0.4506576194992504,1.9059727520692525e-11
aJPBSTKF,arJPFXER,0.4806687438241439,5.134400581951387e-13
aJPBSTKF,aaJPPFSDQ,0.12769177961654896,0.07084733236425357
aJPBSTKF,aaJPFSAIA,0.4445642410309842,3.806676488044752e-11
aJPBSTKF,aGLIRPCJP,0.22557649039006766,0.001283004633610556
aJPBSTKF,aGLOCL6JPN,0.4230246171006484,3.9443846104401246e-10
aJPBSTKF,aJPCBLD_YoY,0.26007068778473613,0.00019261808119259882
aJPBSTKFM,aJPBSTKFNM,0.8869580766231949,1.0943569528882612e-68
aJPBSTKFM,aaJPMBM1,0.4327563287840016,1.399687211774966e-10
aJPBSTKFM,aaJPMBM2,0.26198223962282163,0.00017202736650735138
aJPBSTKFM,arJPFXER,0.34139317993096674,7.059580157103275e-07
aJPBSTKFM,aaJPPFSDQ,0.12713891867659144,0.07208685182903286
aJPBSTKFM,aaJPFSAIA,0.277698261399294,6.571621467114324e-05
aJPBSTKFM,aGLIRPCJP,0.2782374530350317,6.351525081884232e-05
aJPBSTKFM,aGLOCL6JPN,0.504522154431812,2.2338009152654072e-14
aJPBSTKFM,aJPCBLD_YoY,0.3641096592600729,1.0755338074870657e-07
aJPBSTKFNM,aaJPMBM1,0.652769420279546,8.668682216586256e-26
aJPBSTKFNM,aaJPMBM2,0.5917362843419448,2.2423398437733736e-20
aJPBSTKFNM,arJPFXER,0.5759896750745384,3.696742435194122e-19
aJPBSTKFNM,aaJPPFSDQ,0.12802769365025635,0.07010271887239368
aJPBSTKFNM,aaJPFSAIA,0.5681063003603908,1.4222515665423114e-18
aJPBSTKFNM,aGLIRPCJP,0.16297882068617572,0.020794735448402827
aJPBSTKFNM,aGLOCL6JPN,0.32715375757768267,2.13321682355059e-06
aJPBSTKFNM,aJPCBLD_YoY,0.1543242567176073,0.028713391857594806
aaJPMBM1,aaJPMBM2,0.9011708532093364,3.550819277080101e-74
aaJPMBM1,arJPFXER,0.9376179469502512,2.959802606235456e-93
aaJPMBM1,aaJPPFSDQ,0.05383921626231802,0.4477970116685469
aaJPMBM1,aaJPFSAIA,0.7745295098399061,1.895429077339285e-41
aaJPMBM1,aGLIRPCJP,-0.056694170439866506,0.4240533879136411
aaJPMBM1,aGLOCL6JPN,-0.0012129949954090978,0.9863648777918403
aaJPMBM1,aJPCBLD_YoY,-0.06557533103602008,0.3550239404641009
aaJPMBM2,arJPFXER,0.8881235584636842,4.1441817447975935e-69
aaJPMBM2,aaJPPFSDQ,-0.002977712892087322,0.966536034240014
aaJPMBM2,aaJPFSAIA,0.8813862759861784,9.843917880663659e-67
aaJPMBM2,aGLIRPCJP,-0.16105583441350485,0.022368528457973557
aaJPMBM2,aGLOCL6JPN,-0.028213348029831074,0.6909414725154339
aaJPMBM2,aJPCBLD_YoY,-0.10079648198544397,0.1545180508379872
arJPFXER,aaJPPFSDQ,0.0003669147854644629,0.9958753766226474
arJPFXER,aaJPFSAIA,0.7777648854869317,5.3712649798821543e-42
arJPFXER,aGLIRPCJP,0.040519205719133325,0.567924583852506
arJPFXER,aGLOCL6JPN,-0.059881757011996946,0.3984271030637576
arJPFXER,aJPCBLD_YoY,-0.06820750075129016,0.33600029352513827
aaJPPFSDQ,aaJPFSAIA,0.13618137957658405,0.053898334491278316
aaJPPFSDQ,aGLIRPCJP,0.11893217640105878,0.09264406451704638
aaJPPFSDQ,aGLOCL6JPN,-0.003571741155624515,0.9598653848801184
aaJPPFSDQ,aJPCBLD_YoY,-0.048540510481277055,0.49379079848169827
aaJPFSAIA,aGLIRPCJP,0.10023009447366912,0.15685987899411674
aaJPFSAIA,aGLOCL6JPN,-0.15909956427917613,0.02407397219820942
aaJPFSAIA,aJPCBLD_YoY,-0.18407988203096937,0.008899294308274448
aGLIRPCJP,aGLOCL6JPN,-0.16413503338521745,0.01989534858437683
aGLIRPCJP,aJPCBLD_YoY,-0.06982427646988494,0.3246443442763286
aGLOCL6JPN,aJPCBLD_YoY,0.8717115186795876,1.456664141096173e-63
