TimeLog,SPX_CLOSE,SSEC_CLOSE,GDAXI_CLOSE,N225_CLOSE,KOSPI_CLOSE,FCHI_CLOSE,BVSP_CLOSE,BSE_CLOSE,RTS_CLOSE,VNI_CLOSE,SPX_VOLUME,SSEC_VOLUME,GDAXI_VOLUME,N225_VOLUME,KOSPI_VOLUME,FCHI_VOLUME,BVSP_VOLUME,BSE_VOLUME,RTS_VOLUME,VNI_VOLUME,SPX_CAPITAL,SHCOMP_CAPITAL,NKY_CAPITAL,DAX_CAPITAL,KOSPI_CAPITAL,SPX_EPS,SHCOMP_EPS,NKY_EPS,DAX_EPS,KOSPI_EPS,SPX_PER,SHCOMP_PER,NKY_PER,DAX_PER,KOSPI_PER
2006-01-31,1280.1,1258.0,5674.2,16649.8,1399.8,4948.0,38382.8,9919.9,1316.0,312.3,31243.6151,44867.97786,2527.43472,26806.85018,10209.70797,2613.475192,254804.7882,1571.591044,1233.21348,5.0294,12128784,341392,3135370,947157,679953,88.522,13.749,0.762,572.183,0.148,14.705,13.328,19.764,13.382,10.225
2006-02-28,1280.7,1299.0,5796.0,16205.4,1371.6,5000.5,38610.4,10370.2,1453.4,390.7,28987.3376,46441.9072,2132.34772,27673.4985,7212.304992,2408.62286,260565.5916,1425.982,1129.839681,16.00481,11764412,385692,2920499,894510,630208,89.709,14.109,0.786,605.246,0.148,14.029,14.9,17.921,12.05,9.495
2006-03-31,1294.8,1298.3,5970.1,17059.7,1359.6,5220.9,37952.0,11280.0,1435.0,503.6,35223.16237,49935.49555,2783.293192,23894.51674,7134.077056,2853.510832,278938.9041,1711.881412,922.070424,39.82263,11768313,389113,2903379,886125,618746,90.82,15.226,0.778,623.815,0.147,13.719,14.159,17.42,11.19,8.929
2006-04-28,1310.6,1440.2,6009.9,16906.2,1419.7,5188.4,40363.4,12042.6,1657.3,595.5,29670.51392,82431.86355,2110.33836,21454.2953,6887.209984,2011.01804,222179.9869,1706.263618,635.735231,45.75417,11801666,438497,2887914,885678,617451,91.922,16.194,0.779,618.317,0.143,13.799,13.73,17.225,11.487,9.36
2006-05-31,1270.1,1641.3,5692.9,15467.3,1317.7,4930.2,36530.0,10398.6,1461.2,538.9,35948.04083,115436.6359,3336.654464,23377.2007,5300.459008,3250.04504,354427.6196,2219.260692,750.866129,32.20374,12002165,457473,2931278,917709,644014,92.785,17.104,0.772,632.162,0.141,14.057,12.76,17.84,11.84,9.944
2006-06-30,1270.2,1672.2,5683.3,15505.2,1295.2,4966.0,36630.7,10609.3,1494.6,515.6,34619.35411,97921.79226,2855.007208,25263.51443,4457.226032,3111.149872,254420.8701,2169.399205,659.652953,17.0827,12295091,485323,2873333,923797,665191,93.097,17.561,0.774,625.117,0.143,14.357,12.96,16.947,12.079,9.91
2006-07-31,1276.7,1612.7,5682.0,15456.8,1297.8,5009.4,37077.1,10743.9,1551.1,422.4,30064.73306,85062.27814,2087.46796,20856.9712,3763.922976,2259.364648,186991.2468,1639.315948,521.29525,24.85808,12652025,488190,2964686,976317,665127,93.321,18.167,0.788,633.415,0.145,14.759,13.248,18.002,12.589,9.997
2006-08-31,1303.8,1658.6,5859.6,16140.8,1352.7,5165.0,36232.2,11699.1,1626.7,491.2,26725.34278,62217.73107,2540.402064,22781.52442,4513.43,2056.493436,236274.2702,1326.044328,477.041917,42.26199,12842217,705971,2973559,1020447,709760,94.445,17.036,0.805,671.736,0.148,14.818,16.053,16.698,12.395,10.289
2006-09-29,1335.9,1752.4,6004.3,16127.6,1371.4,5250.0,36449.4,12454.4,1550.0,526.7,25800.66797,76773.65888,2478.189176,20623.18675,5243.385984,2380.13768,242585.4275,1205.107472,492.251573,45.26762,13019741,899115,3047640,1061159,710587,94.618,16.916,0.788,671.275,0.149,15.08,19.754,17.804,12.775,10.333
2006-10-31,1377.9,1838.0,6268.9,16399.4,1364.6,5348.7,39262.8,12961.9,1613.6,511.5,28766.66547,73580.70016,2425.853832,22071.29043,4807.185008,2517.796544,255436.521,1174.882723,503.664714,43.12501,13220222,1074807,3070667,1071091,664786,94.689,17.382,0.79,671.788,0.147,15.209,22.924,18.12,12.919,9.844
2006-11-30,1400.6,2099.3,6309.2,16274.3,1432.2,5327.6,41931.8,13696.3,1776.7,633.1,25670.23702,117593.7311,2657.740476,21434.61766,5149.543072,2387.13208,276522.2707,1485.96718,827.849391,64.01962,12905318,1139460,3204379,1078560,690205,95.367,16.432,0.813,695.419,0.146,15.284,24.756,18.504,13.264,10.533
2006-12-29,1418.3,2675.5,6596.9,17225.8,1434.5,5541.8,44473.7,13786.9,1921.9,751.8,22152.29306,156679.2346,1924.391744,24156.35814,4258.208016,2270.683756,196657.4679,1298.626368,880.443913,96.2036,13010322,1294756,3150724,1119223,709914,95.776,17.806,0.825,721.128,0.147,14.797,23.963,17.697,12.66,10.518
2007-01-31,1438.2,2786.3,6789.1,17383.4,1360.2,5608.3,44641.6,14090.9,1842.9,1041.3,26872.37683,229679.102,3015.16808,26686.01613,4240.082016,2908.37012,218861.3965,1311.580224,552.111293,151.67602,13547272,1589983,3074108,1212822,763962,97.086,19.315,0.816,746.403,0.149,15.403,26.279,17.499,13.294,11.211
2007-02-28,1406.8,2881.1,6715.4,17604.1,1417.3,5516.3,43892.3,12938.1,1858.1,1137.7,23224.17203,145901.8353,2860.636688,32566.33779,4381.097024,2520.745208,226171.4191,1452.785692,482.077917,111.34728,13935818,1742049,3131509,1244502,847869,98.672,21.747,0.798,784.306,0.139,15.508,27.329,17.883,13.35,12.874
2007-03-30,1420.9,3184.0,6917.0,17287.7,1452.6,5634.2,45804.7,13072.1,1935.7,1071.3,29836.58854,241764.6003,3604.915984,34024.11789,5811.730032,3372.166888,310828.1252,1692.024268,649.393236,176.86603,13679931,1677396,3118986,1280515,884103,99.949,20.542,0.793,801.475,0.142,15.071,26.658,18.037,13.246,13.291
2007-04-30,1482.4,3841.3,7408.9,17400.4,1542.2,5960.0,48956.4,13872.4,1915.3,923.9,25702.67552,288659.0321,2562.88224,25975.67923,7849.437952,2336.408696,312464.3599,1488.83894,505.107185,77.54852,13221008,1971079,3084751,1230401,992576,101.509,21.457,0.831,826.549,0.163,14.955,27.184,17.858,12.929,13.289
2007-05-31,1530.6,4109.7,7883.0,17875.8,1700.9,6104.0,52268.5,14544.5,1780.3,1081.5,27461.24992,287143.4793,3124.500968,27590.46138,8742.754944,2619.25657,281739.668,1351.371164,488.316234,113.52884,13332391,2380380,3005931,1243535,944191,102.344,23.213,0.863,851.14,0.167,14.302,31.151,15.843,11.901,11.683
2007-06-29,1503.4,3820.7,8007.3,18138.4,1743.6,6054.9,54392.1,14650.5,1897.7,1024.7,28115.61261,262995.3526,3555.445184,27266.52051,10039.68899,3125.05468,219184.919,1267.077564,406.201817,111.0486,13775142,2580476,3058016,1335100,1015532,102.886,23.982,0.868,894.781,0.175,14.826,31.638,15.687,12.349,11.999
2007-07-31,1455.3,4471.0,7584.1,17248.9,1933.3,5751.1,54182.5,15551.0,1994.0,908.0,29201.40659,166913.259,3167.922664,26354.28678,10323.62806,3024.14072,105578.038,1704.557584,636.477046,93.97371,13954542,2799237,3060961,1394513,1090026,103.216,23.587,0.871,912.077,0.175,14.686,34.429,15.644,12.441,12.326
2007-08-31,1474.0,5218.8,7638.2,16569.1,1873.2,5662.7,54637.2,15318.6,1919.9,908.4,34814.36134,239284.8712,3817.033508,31992.52365,8622.31104,3819.882464,116676.654,1602.235188,636.320941,102.49865,13294451,3266588,3004330,1388330,986120,102.89,24.335,0.895,945.407,0.175,14.278,28.337,14.887,11.693,11.565
2007-09-28,1526.8,5552.3,7861.5,16785.7,1946.5,5715.7,60465.1,17291.1,2071.8,1046.9,22235.57325,187066.7259,2802.92072,20686.10118,6978.094048,3170.799224,10767.69155,1553.700152,2431.537752,149.77382,13194983,3665649,2896690,1404515,971071,102.095,25.161,0.889,949.065,0.17,14.669,29.7,15.071,12.328,12.078
2007-10-31,1549.4,5954.8,8019.2,16737.6,2064.9,5848.0,65317.7,19838.0,2223.1,1065.1,25597.83846,126997.5419,3008.839168,26332.23245,9678.586976,3165.57036,14874.58262,2579.59876,3610.369892,278.36755,12386011,3113039,2754297,1219784,824255,100.652,26.518,0.929,964.252,0.168,13.47,24.564,13.45,10.584,10.325
2007-11-30,1481.1,4871.8,7870.5,15680.7,1906.0,5670.6,63006.2,19363.2,2220.1,972.4,29307.82413,96040.49203,3619.977872,30900.28198,7372.009056,3563.660568,11070.37024,1772.643807,1582.087214,202.17062,11888821,3123387,2776622,1227658,873663,100.441,27.676,0.928,980.41,0.169,13.74,22.594,13.95,10.817,10.758
2007-12-31,1468.4,5261.6,8067.3,15307.8,1897.1,5614.1,63886.1,20287.0,2290.5,927.0,21541.26192,118499.5195,2180.809344,23308.4615,5438.43608,2395.188912,5244.121904,1305.568896,5435.973862,130.1423,11816318,2554153,2605115,1231012,830816,99.473,27.452,0.966,1011.992,0.158,13.482,19.784,12.93,10.216,10.707
2008-01-31,1378.6,4383.4,6851.8,13592.5,1624.7,4869.8,59490.4,17648.7,1907.0,844.1,35840.73843,176437.5931,4972.420072,31141.08339,6319.171952,4774.494544,7119.307744,2253.449888,1282.828864,163.34656,12371508,2733839,2826866,1264651,876511,98.779,26.154,0.894,995.499,0.158,13.97,18.074,14.034,10.523,11.316
2008-02-29,1330.6,4348.5,6748.1,13603.0,1711.6,4790.7,63489.3,17578.7,2063.9,663.3,26790.50714,83819.91322,3512.761096,29165.07699,5768.960016,3710.779288,5819.725808,1454.516436,1162.194865,137.58896,12489570,2608675,2908258,1268025,873270,99.275,26.379,0.849,1000.561,0.156,14.01,19.341,15.275,10.808,11.374
2008-03-31,1322.7,3472.7,6535.0,12525.5,1704.0,4707.1,60968.1,15644.4,2053.9,516.9,29359.9543,127604.1646,3649.446776,28214.16397,6077.065024,3549.92588,5050.164896,1890.185416,1754.416576,206.54376,11468572,2107877,2701259,1165764,774701,99.881,26.597,0.838,1024.103,0.157,13.235,16.13,15.193,10.055,10.401
2008-04-30,1385.6,3693.1,6948.8,13850.0,1825.5,4996.5,67868.5,17287.3,2122.5,522.4,24342.41715,133772.1421,3064.248656,25725.20211,6133.278032,3215.139984,2311.047352,952.970424,2238.261164,126.87503,11368888,2146347,2635141,1166235,764577,98.955,27.069,0.813,993.468,0.159,12.978,16.168,14.584,10.049,9.766
2008-05-30,1400.4,3433.4,7096.8,14338.5,1852.0,5014.3,72592.5,16415.6,2459.9,414.1,21747.0023,138375.2159,2702.376372,26997.59539,5924.155024,2745.163188,2826.133116,384.623978,1606.81955,54.12088,11486889,1856845,2524168,1087768,654823,98.465,26.199,0.799,926.736,0.144,13.016,13.779,14.171,10.073,9.514
2008-06-30,1280.0,2736.1,6418.3,13481.4,1674.9,4434.9,65017.6,13461.6,2303.3,399.4,25151.97504,101796.6121,3109.060576,28257.2288,6313.989952,3711.351832,2644.561704,489.040987,1543.954874,136.20862,10552102,1775794,2218400,979562,588499,98.336,25.838,0.81,902.962,0.126,12.059,13.067,13.588,9.44,9.743
2008-07-31,1267.4,2775.7,6479.6,13376.8,1594.7,4392.4,59505.2,14355.8,1966.7,451.4,28942.09875,144510.9146,3932.192648,26585.92474,6805.623008,4364.542784,3069.885712,670.18533,3144.03289,312.1675,8763353,1340501,1887199,805234,410886,89.196,25.527,0.798,739.292,0.109,10.428,10.662,9.984,8.273,7.104
2008-08-29,1282.8,2397.4,6422.3,13072.9,1474.2,4482.6,55680.4,14564.5,1646.1,539.1,18862.98477,91437.76179,2627.63018,24434.0759,4786.40696,2801.328232,2482.552904,472.642059,1724.420816,414.59331,8073153,1447881,1857704,710563,368685,82.842,23.876,0.727,728.351,0.089,10.715,12.156,12.005,7.945,7.495
2008-09-30,1166.4,2293.8,5831.0,11259.9,1448.1,4032.1,49541.3,12860.4,1211.8,456.7,31172.48813,106037.0829,4713.587648,29055.83827,8266.249952,4823.07848,4235.305844,629.469847,2695.013287,392.40531,8129483,1415014,2016727,803133,449578,77.101,22.829,0.656,728.625,0.094,11.26,12.791,14.273,8.832,9.653
2008-10-31,968.8,1728.8,4988.0,8577.0,1113.1,3487.1,37256.8,9788.1,773.4,347.1,35801.89133,101970.6504,6538.493856,42672.18931,10081.47011,6157.100992,5595.431792,882.93036,875.768397,317.16971,7444831,1542330,1868792,671265,420304,68.945,22.466,0.548,632.309,0.08,12.678,13.604,16.38,8.762,9.852
2008-11-28,896.2,1871.2,4669.4,8512.3,1076.1,3262.7,36595.9,9092.7,658.1,314.7,25653.72109,182653.1761,3294.708832,28503.65747,11202.8071,3520.976144,3595.08172,836.954832,3320.134331,271.53769,6632488,1619256,1639863,583005,350656,65.362,22.379,0.35,576.685,0.068,11.703,15.091,21.301,8.58,10.154
2008-12-31,903.3,1820.8,4810.2,8859.6,1124.5,3218.0,37550.3,9647.3,631.9,315.6,24287.55766,225708.4211,3032.749808,26636.65254,10411.65494,2828.660196,3310.3874,1166.254728,760.337081,219.1775,7200431,1846402,1645250,654506,446619,63.836,22.283,0.308,566.775,0.075,12.75,16.119,26.73,9.809,11.797
2009-01-30,825.9,1990.7,4338.4,7994.1,1162.1,2973.9,39300.8,9424.2,535.0,303.2,24699.57344,134047.8899,3164.270288,26554.98061,7222.169008,3137.315456,3474.6054,1110.003632,2010.50235,104.91612,7867171,1932096,1824224,740064,542743,62.566,22.077,0.294,554.637,0.088,13.963,16.735,28.054,11.008,11.526
2009-02-27,735.1,2082.9,3843.7,7568.4,1063.0,2702.5,38183.3,8891.6,544.6,245.7,26889.55322,322319.7076,2815.267128,28093.99821,10345.45299,3127.9532,3158.868696,666.772746,3746.565198,146.67388,8329304,2057968,2027239,793966,566021,63.197,21.723,0.302,593.396,0.09,14.131,18.316,30.629,11.892,12.091
2009-03-31,797.9,2373.2,4084.8,8109.5,1206.3,2807.3,40925.9,9708.5,689.6,280.7,34777.21344,286033.7833,3475.893048,33767.80787,11484.7159,4015.326712,4067.77144,867.629238,1739.894047,367.20994,8348264,2315126,2077325,783629,553116,66.065,22.135,0.32,591.589,0.093,13.637,20.085,29.176,11.16,11.486
2009-04-30,872.8,2477.6,4769.5,8828.3,1369.4,3159.9,47289.5,11403.3,832.9,321.6,28757.60819,315968.7997,2921.957496,37983.15878,16052.89101,3434.6774,4175.876128,860.055756,1109.824498,662.64256,8988107,2675155,2183850,878764,646945,68.059,23.368,0.345,607.21,0.111,14.328,22.609,28.293,12.083,11.178
2009-05-29,919.1,2632.9,4940.8,9522.5,1395.9,3277.7,53197.7,14625.3,1087.6,411.6,25664.89261,245160.021,2488.56176,30067.14432,13548.85901,3118.577852,4361.068236,1050.825903,1589.942575,936.20546,9311825,2142680,2261151,874447,648937,69.451,23.387,0.393,610.252,0.112,14.804,19.157,26.499,13.068,11.447
2009-06-30,919.3,2959.4,4808.6,9958.4,1390.1,3140.4,51465.5,14493.8,987.0,448.3,23951.58362,296346.0813,2199.589304,37955.6064,10955.6679,2949.396456,3759.693304,863.591712,1087.554301,1053.44549,9683125,2239293,2206946,917669,725048,70.899,24.699,0.439,625.632,0.125,14.963,18.035,23.881,13.339,11.701
2009-07-31,987.5,3412.1,5332.1,10356.8,1557.3,3426.3,54765.7,15670.3,1017.5,466.8,22958.88256,407645.142,2149.24036,33929.94368,10548.1809,2842.197952,3619.024616,801.156812,3487.300181,705.398794,9467620,2431316,2174897,883094,680333,73.632,25.399,0.454,659.183,0.131,14.16,18.285,21.811,12.613,10.655
2009-08-31,1020.6,2667.7,5464.6,10492.5,1591.9,3653.5,56489.0,15666.6,1066.5,546.8,21377.51341,283547.0725,1809.455944,29274.42304,10592.78202,2633.748784,3540.013184,598.933558,1982.637401,1052.710076,10007215,2599867,2128546,921504,685279,75.792,26.275,0.504,684.979,0.137,14.654,18.852,19.094,12.645,10.049
2009-09-30,1057.1,2779.4,5675.2,10133.2,1673.1,3795.4,61517.9,17126.8,1254.5,580.9,24178.15091,253857.6517,2479.103712,25851.35552,10339.29194,3353.3776,3272.687456,550.408752,1868.083652,1365.131168,10286812,2687773,2185914,905497,748291,77.068,26.842,0.489,661.701,0.141,14.616,18.383,20.132,13.034,10.184
2009-10-30,1036.2,2995.8,5415.0,10034.7,1580.7,3607.7,61545.5,15896.3,1348.5,587.1,24318.38112,175770.114,2843.206656,31335.54573,7533.938928,3395.524736,3906.978688,570.001094,1463.066643,1620.619528,9882809,2461029,2249472,824607,713744,79.484,27.522,0.531,657.561,0.146,13.808,16.852,19.049,11.983,9.654
2009-11-30,1095.6,3195.3,5626.0,9345.6,1555.6,3680.2,67044.4,16926.2,1374.9,504.1,18459.68806,342096.9492,2328.661608,27601.40941,5872.940064,2895.786728,3109.61948,478.045036,14359.07122,1014.31284,10213278,2538250,2272027,804999,713283,80.966,28.675,0.575,662.699,0.147,13.651,15.977,17.743,11.541,9.528
2009-12-31,1115.1,3277.1,5957.4,10546.4,1682.8,3936.3,68588.4,17464.8,1444.6,494.8,20272.96494,263853.8148,1886.083584,33354.66918,7338.885968,2182.617876,2706.895512,400.114194,71120.29674,888.883424,10852512,2598728,2341084,879406,781012,82.203,29.131,0.573,667.015,0.154,14.205,16.1,17.689,12.207,9.623
2010-01-29,1073.9,2989.3,5608.8,10198.0,1602.4,3739.5,65401.8,16358.0,1473.8,482.0,19776.3872,230718.4394,2636.440248,34612.55488,9179.663008,2626.608688,3277.956704,391.395134,41585.36429,808.645516,11022813,2427813,2356317,860784,819390,85.679,29.755,0.592,682.727,0.164,13.905,15.01,17.94,11.996,9.615
2010-02-26,1104.5,3051.9,5598.5,10126.0,1594.6,3708.8,66503.3,16429.6,1390.3,496.9,19038.98118,120501.7057,2609.748564,24862.95136,7199.811968,3199.3862,3222.130736,353.94564,25381.3017,348.82394,10125732,2192539,2167513,763401,733075,87.619,29.356,0.634,672.583,0.156,12.188,13.722,14.908,10.345,8.347
2010-03-31,1169.4,3109.1,6153.6,11089.9,1692.9,3974.0,70371.5,17527.8,1572.5,499.2,20837.85056,211170.4566,2581.775128,28399.69792,9176.86704,2881.274384,4001.656704,368.508808,49992.3831,1068.147502,9571975,2046928,2121347,768428,749046,88.596,29.849,0.66,687.274,0.154,12.326,13.407,15.328,11.173,9.213
2010-04-30,1186.7,2870.6,6135.7,11057.4,1741.6,3817.0,67529.7,17558.7,1572.8,542.4,21253.92307,228055.5172,2738.883832,30391.4199,9276.63008,2919.89108,3649.81788,259.792282,56267.94694,1076.601008,10208681,2384264,2215404,842404,803189,89.985,30.109,0.688,750.089,0.164,12.292,13.232,14.19,10.781,9.136
2010-05-28,1089.4,2592.1,5964.3,9768.7,1641.3,3507.6,63046.5,16944.6,1384.6,507.4,27244.27238,166429.868,3888.514216,31691.78176,7554.486944,4743.46166,5680.716912,398.944788,49914.2777,1150.528368,9738058,2380758,2163891,788975,786695,91.345,31.124,0.734,759.513,0.163,11.553,13.106,13.262,9.933,8.997
2010-06-30,1030.7,2398.4,5965.5,9382.6,1698.3,3442.9,60935.9,17700.9,1339.4,507.1,24061.12051,122179.7576,2633.108344,26994.21664,7080.04496,3586.819256,3965.130472,500.167894,50119.40627,965.147222,10596403,2469606,2262773,908961,893721,91.689,32.572,0.751,816.819,0.174,12.485,12.552,13.436,10.49,9.361
2010-07-30,1101.6,2637.5,6148.0,9537.3,1759.3,3643.1,67515.4,17868.3,1479.7,493.9,20248.37146,176710.3427,2218.689032,29382.30694,8027.96704,3035.68792,3845.447192,330.500669,60995.15402,864.512358,10970286,2801993,2311013,981112,908214,93.039,32.67,0.785,839.323,0.172,12.709,14.623,12.928,10.952,9.9
2010-08-31,1049.3,2638.8,5925.2,8824.1,1742.8,3490.8,65145.5,17971.1,1421.2,455.1,18652.67616,233855.7568,2097.3898,25517.60243,7271.970016,2512.373416,4012.987296,310.333493,46469.16144,793.595056,10948498,2678299,2361679,930776,894033,94.107,33.57,0.768,806.368,0.174,12.734,13.235,13.605,10.824,9.576
2010-09-30,1141.2,2655.7,6229.0,9369.4,1872.8,3715.2,69429.8,20069.1,1507.7,454.5,17701.5296,203693.419,2449.582828,24799.58176,6299.427984,3047.60444,4678.90968,334.880756,32555.54803,814.018902,11696927,2696348,2521183,985285,991181,95.309,35.823,0.819,846.494,0.177,13.218,12.123,13.593,11.049,10.106
2010-10-29,1183.3,2978.8,6601.4,9202.5,1883.0,3833.5,70673.3,20032.3,1587.1,452.6,17938.34445,294977.8637,2168.979368,29219.74509,7760.12096,2567.42488,5230.007264,288.844203,36624.4847,563.011098,11996539,2703120,2526832,1036137,1009239,97.646,35.63,0.816,883.821,0.183,13.279,11.915,13.907,10.95,10.171
2010-11-30,1180.6,2820.2,6688.5,9937.0,1904.6,3610.4,67705.4,19521.3,1597.4,451.6,17288.39686,352383.4982,2334.250424,27363.40621,7625.206912,3194.412824,4010.351568,289.609122,4203.825448,611.612432,12344782,2858118,2655808,1072122,942932,98.803,36.71,0.841,915.187,0.182,13.232,12.394,13.882,11.045,9.607
2010-12-31,1257.6,2808.1,6914.2,10228.9,2051.0,3804.8,69304.8,20509.1,1770.3,484.7,15940.18381,210148.3843,1794.716844,26384.99245,8711.591072,2269.862539,4770.622656,292.236189,25930.44218,1410.388806,12357583,2892070,2371568,1070950,1051466,100.65,38.341,0.853,937.254,0.191,13.197,12.336,12.033,10.499,9.913
2011-01-31,1286.1,2790.7,7077.5,10237.9,2069.7,4005.5,66574.9,18327.8,1870.3,510.6,16936.41555,169766.6232,2362.908648,27361.19654,8110.808032,2911.30416,4498.591408,312.667902,31887.87123,595.002018,12733199,2918915,2398494,1188206,1125186,103.056,38.901,0.783,993.171,0.196,13.155,12.187,13.115,10.989,10.49
2011-02-28,1327.2,2905.1,7272.3,10624.1,1939.3,4110.4,67383.2,17823.4,1969.9,461.4,15269.75533,175468.6034,2128.696144,31250.82701,5354.970016,3237.530856,5253.951648,434.222356,38744.50089,499.59775,12544838,2765243,2365535,1103406,1089165,104.853,39.503,0.784,1007.304,0.2,12.594,11.322,12.863,10.206,9.542
2011-03-31,1325.8,2928.1,7041.3,9755.1,2106.7,3989.2,68586.7,19445.2,2044.2,461.1,18622.19392,292631.0154,3088.903096,47921.91027,6618.830992,3815.26576,4917.773488,375.01908,25826.52976,673.563836,12322265,2802714,2403987,1127448,1084192,105.205,39.982,0.793,1036.444,0.205,12.427,11.184,12.958,10.03,9.439
2011-04-29,1363.6,2911.5,7514.5,9849.7,2192.4,4106.9,66132.9,19136.0,2026.9,480.1,14607.79629,230795.1186,2418.432856,29912.69587,7719.720928,2393.7606,4596.259504,231.010804,33250.83456,363.27462,12093627,2759491,2496781,1085517,1117422,106.781,40.135,0.846,1039.854,0.206,12.22,10.959,13.27,10.156,9.975
2011-05-31,1345.2,2743.5,7293.7,9693.7,2142.5,4006.9,64620.1,18503.3,1888.6,421.4,15466.37075,177673.0445,3554.687328,24756.15296,6219.72,2928.515848,5150.46716,286.378649,38255.12612,434.63033,11374591,2655343,2280936,880928,976140,108.656,40.499,0.853,1025.365,0.205,10.838,10.356,11.51,7.768,8.126
2011-06-30,1320.6,2762.1,7376.2,9816.1,2100.7,3982.2,62403.6,18845.9,1906.7,432.5,17019.39418,162057.1085,3215.781072,28896.62733,5472.891024,2922.027368,4267.360576,270.021168,42838.99302,637.480542,10562346,2452182,2223487,782609,829560,106.976,41.407,0.84,923.543,0.184,10.76,9.567,11.565,8.177,8.002
2011-07-29,1292.3,2701.7,7158.8,9833.0,2133.2,3671.3,58823.5,18197.2,1965.0,405.7,14048.4775,196714.0111,3297.883424,24506.44339,6595.192112,3455.311976,4532.781088,249.496737,36299.17286,322.88048,11676440,2585039,2242065,904361,952954,105.823,41.242,0.83,940.941,0.193,11.737,9.63,11.559,8.964,8.834
2011-08-31,1218.9,2567.3,5784.9,8955.2,1880.1,3256.8,56495.1,16676.8,1702.3,424.7,26119.51219,175430.2587,5632.105616,34285.63379,9609.842016,5101.180056,7834.263712,295.637957,51171.85926,530.200392,11550368,2447739,2122931,864485,899923,106.478,41.117,0.816,878.015,0.185,10.911,9.634,11.329,8.49,8.656
2011-09-30,1131.4,2359.2,5502.0,8700.3,1769.7,2982.0,52324.4,16453.8,1341.1,427.6,19033.49139,117444.7232,4650.047312,26641.32576,7688.857056,4545.885008,5925.289792,333.794231,35586.94502,918.13759,11661025,2349747,2143565,806384,878308,106.454,41.243,0.815,845.961,0.191,11.739,8.742,11.551,9.038,8.378
2011-10-31,1253.3,2468.3,6141.3,8988.4,1909.0,3242.8,58338.4,17705.0,1563.3,420.8,17620.0672,114849.3471,3736.879824,23725.99213,7305.427008,3685.05404,6151.760512,308.550903,37898.32653,509.48022,12161494,2455687,2242840,888385,969400,106.615,41.813,0.827,856.472,0.192,12.438,9.211,12.018,9.811,9.029
2011-11-30,1247.0,2333.4,6088.8,8434.6,1847.5,3154.6,56875.0,16123.5,1540.8,380.7,15106.0239,163241.2872,4073.577376,22762.02682,7829.86992,3820.723416,5350.217888,351.768311,34121.21403,491.85826,12632485,2610197,2358615,961469,1016987,107.128,42.523,0.774,884.408,0.19,12.673,9.322,13.03,10.449,9.529
2011-12-30,1257.6,2199.4,5898.4,8455.4,1825.7,3159.8,56754.1,15454.9,1381.9,351.6,13237.76269,112962.9778,2996.357556,20860.19754,9118.897024,2637.35612,5531.811316,370.576281,31713.4447,564.18049,13035675,2454173,2362789,974621,995681,108.327,42.287,0.784,889.26,0.188,12.975,9.232,13.524,10.6,9.589
2012-01-31,1312.4,2292.6,6458.9,8802.5,1955.8,3298.6,63072.3,17193.6,1577.3,388.0,13057.66746,104536.6999,3829.21996,21537.2624,8596.077024,3123.57408,6048.908768,352.820621,34655.00901,313.34669,12939699,2613334,2292664,930087,982960,110.204,41.676,0.831,897.611,0.191,12.619,9.513,12.112,9.718,9.093
2012-02-29,1365.7,2428.5,6856.1,9723.2,2030.3,3452.5,65811.7,17752.7,1735.0,423.6,12158.45258,194068.9838,3638.816168,34558.21414,13202.07795,3314.447408,5716.062048,431.545348,37773.95075,944.612502,12141185,2556749,2088357,791784,875316,110.664,41.154,0.856,864.155,0.185,11.868,9.55,10.831,9.153,8.486
2012-03-30,1408.5,2262.8,6946.8,10083.6,2014.0,3423.8,64511.0,17404.2,1637.7,441.0,13686.72131,206452.6551,3738.002304,33405.47763,10434.64208,3336.103168,5979.414656,338.132541,37018.43255,1747.38954,12622292,2410049,2191494,827320,910126,110.695,41.439,0.834,888.637,0.192,12.032,8.837,11.105,8.764,8.28
2012-04-30,1397.9,2396.3,6761.2,9520.9,1982.0,3212.8,61820.3,17318.8,1594.2,473.8,12295.69597,162676.1569,3209.26768,25475.48058,10647.33696,3665.775488,5839.760944,213.488377,27346.5367,1552.816176,12777103,2280034,2146973,851767,934794,109.932,40.682,0.86,871.902,0.193,12.17,8.684,10.687,9.026,8.204
2012-05-31,1310.3,2372.2,6264.4,8542.7,1843.5,3017.0,54490.4,16218.5,1242.4,429.2,14182.4864,197764.1134,3345.677216,27134.27654,10022.29901,3896.623712,8311.398256,249.991434,33134.87281,1767.330684,12998715,2235618,2128630,893006,943549,110.754,40.231,0.852,880.388,0.195,12.735,8.501,11.192,10.026,8.669
2012-06-29,1362.2,2225.4,6416.3,9006.8,1854.0,3196.7,54354.6,17430.0,1350.5,422.4,13749.17462,127168.8504,3392.217272,25489.0169,7462.664928,3855.797568,6870.27464,219.920778,90864.99862,998.034368,13317344,2306805,2142560,946226,1006675,111.551,39.601,0.852,905.36,0.196,12.849,8.538,11.428,10.551,9.127
2012-07-31,1379.3,2103.6,6772.3,8695.1,1882.0,3291.7,56097.1,17236.2,1377.4,414.5,12134.88013,133509.1292,3146.666136,24575.28141,8280.456,3799.254304,6612.719168,210.385673,174158.7505,792.39762,13048859,2313511,2112340,957229,984766,111.68,39.872,0.812,913.116,0.2,12.614,8.904,11.55,10.181,8.835
2012-08-31,1406.6,2047.5,6970.8,8839.9,1905.1,3413.1,57061.5,17429.6,1389.7,396.0,11032.19162,134711.7906,2803.906024,25718.17651,9802.747936,2841.959752,8103.011552,213.145194,87428.28224,842.58839,13062140,2219675,2169247,981177,1003556,111.503,39.175,0.786,898.11,0.206,12.645,8.547,12.058,10.619,8.615
2012-09-28,1440.7,2086.2,7216.2,8870.2,1996.2,3354.8,59175.9,18762.7,1475.7,392.6,11127.33008,142813.0063,3415.17352,24035.40186,15066.39798,3146.804264,7368.443856,215.421358,206346.7914,599.488382,13164588,2545464,2291845,1024293,1055896,111.946,38.9,0.748,906.602,0.205,12.683,9.565,12.953,11.105,9.021
2012-10-31,1412.2,2068.9,7260.6,8928.3,1912.1,3429.3,57068.2,18505.4,1434.0,388.4,11149.13501,122276.3709,2733.816608,27385.7063,10136.59603,3351.203208,6505.666,200.761928,140119.199,680.104638,13828878,2693272,2388970,1072687,1014292,112.667,39.811,0.741,939.064,0.201,13.331,9.973,13.607,11.345,8.944
2012-11-30,1416.2,1980.1,7405.5,9446.0,1932.9,3557.3,57474.6,19339.9,1436.6,377.8,11670.85256,124520.3382,2864.631528,26874.47373,9848.69504,3134.540984,6204.742592,162.914708,103038.6906,485.63117,13940473,2672399,2456526,1027217,1049778,113.243,41.132,0.789,906.487,0.204,13.387,9.38,13.287,10.957,9.059
2012-12-31,1426.2,2269.1,7612.4,10395.2,1997.1,3641.1,60952.1,19426.7,1527.0,413.7,11056.77904,224520.6477,1901.105804,34328.58931,7146.802944,2352.45072,6223.502496,175.124947,107050.1796,850.624208,14438046,2532773,2522960,1013729,1014001,114.235,41.57,0.786,892.648,0.197,13.681,9.309,14.136,11.335,9.029
2013-01-31,1498.1,2385.4,7776.1,11138.7,1961.9,3732.6,59761.5,19895.0,1622.1,479.8,11646.44739,267192.6036,2815.729872,43355.83155,10904.3871,2044.8289,7715.529088,211.405674,111614.174,1693.03136,14698507,2487661,2754343,1044918,1001675,114.609,42.135,0.779,925.363,0.203,13.775,8.802,15.07,10.911,8.574
2013-02-28,1514.7,2365.6,7741.7,11559.4,2026.5,3723.0,57424.3,18861.5,1534.4,474.6,10589.97331,182599.1926,2807.62816,52997.74387,7307.553984,2200.866444,7099.851456,179.773258,138570.1896,1069.4313,15014352,2646215,2626438,1072256,995815,116.298,42.365,0.779,934.694,0.2,14.174,9.349,14.85,11.76,8.771
2013-03-28,1569.2,2236.6,7795.3,12397.9,2004.9,3731.4,56352.1,18835.8,1460.0,491.0,10725.47238,232595.4872,3177.62036,42518.73946,6856.620992,2213.791168,8644.738336,194.437651,121943.1455,943.044572,14816491,2278175,2662351,1027320,917817,116.335,42.477,0.822,943.563,0.192,13.781,7.866,13.21,10.761,8.132
2013-04-30,1597.6,2177.9,7913.7,13860.9,1964.0,3856.8,55910.4,19504.2,1407.2,474.5,12175.40323,149714.367,2702.78636,62116.72794,7694.358048,2379.869504,10650.7055,183.422853,305995.9726,921.5459,15494897,2301977,2686119,1089351,959789,117.089,42.72,0.839,978.138,0.19,14.399,8.171,14.823,11.287,8.92
2013-05-31,1630.7,2300.6,8348.8,13774.5,2001.1,3948.6,53506.1,19760.3,1331.4,518.4,11699.72035,228867.8861,2390.64548,71906.40627,6586.980032,2026.254128,10860.43142,198.263076,296201.6632,1226.246436,14966532,2425644,2634828,1062390,982809,117.82,43.184,0.856,966.599,0.192,13.877,8.331,13.5,11.244,8.849
2013-06-28,1606.3,1979.2,7959.2,13677.3,1863.3,3738.9,47457.1,19395.8,1275.4,481.1,12464.76317,155147.9322,2049.614248,47548.61286,5605.469984,2030.449864,11417.93914,197.779247,246064.3555,1239.508316,15439500,2519709,2832336,1155227,1052754,118.51,44.172,0.866,999.503,0.202,14.284,8.545,14.293,11.735,9.256
2013-07-31,1685.7,1993.8,8276.0,13668.3,1914.0,3992.7,48234.5,19345.7,1313.4,491.9,11200.88707,216456.7731,2110.642936,41454.26202,7603.746992,1988.788972,11328.98234,214.858945,159282.4067,861.442672,16098275,2493543,2826568,1221841,1083383,118.951,44.281,0.873,1003.34,0.203,14.824,8.257,13.935,12.225,9.547
2013-08-30,1633.0,2098.4,8103.2,13388.9,1926.4,3933.8,50011.8,18619.7,1291.0,472.7,9858.539168,248691.3244,1848.214968,31588.84077,7039.950976,1822.342108,14517.76579,304.518884,166737.1845,870.92758,16535075,2588706,2871172,1271864,1099626,119.553,44.486,0.841,998.662,0.2,15.117,8.431,14.548,12.666,9.577
2013-09-30,1681.6,2174.7,8594.4,14455.8,1997.0,4143.4,52338.2,19379.8,1422.5,492.6,10409.82755,299950.7732,2075.406072,29087.08634,5085.108064,2015.511488,12626.7649,264.335344,153597.7559,831.461028,17052460,2491014,2897681,1313260,1087732,119.713,44.927,0.835,1012.093,0.202,15.314,8.054,14.337,12.919,9.37
2013-10-31,1756.5,2141.6,9033.9,14327.9,2030.1,4299.9,54256.2,21164.5,1480.4,497.4,11687.46618,237739.5732,1941.610684,30954.7417,5704.766064,1995.796736,12997.30557,236.385683,278355.6086,1464.004016,16418222,2404722,2772065,1249643,1021017,119.948,46.261,0.871,986.925,0.19,14.791,7.61,13.784,12.854,9.429
2013-11-29,1805.8,2220.5,9405.3,15661.9,2044.9,4295.2,52482.5,20791.9,1402.9,507.8,9663.73616,218787.1852,1682.44984,31759.62637,6103.85,1705.404268,6609.052096,195.48649,780388.6752,1860.456312,17150956,2421833,2766826,1330031,1058193,120.543,46.916,0.88,1033.677,0.191,15.307,7.387,13.736,12.96,9.647
2013-12-31,1848.4,2116.0,9552.2,16291.3,2011.3,4296.0,51507.2,21170.7,1442.7,504.6,10570.6176,206174.6642,1439.765772,31510.33651,4603.468048,1727.363586,5639.893376,198.453787,1316800.0,1841.463888,17253486,2377781,2694914,1311706,1074517,121.191,45.798,0.88,1020.567,0.19,15.286,7.601,12.847,12.611,9.619
2014-01-31,1782.6,2033.1,9306.5,14914.5,1941.2,4165.7,47639.0,20513.9,1301.0,556.5,11760.07245,155271.2233,2128.734572,37350.38438,5094.954032,2514.632628,7354.99824,203.45287,1085520.0,1509.23936,17347542,2357094,2635286,1318051,1091461,122.527,45.781,0.891,1040.164,0.194,15.306,7.573,12.773,12.797,9.984
2014-02-28,1859.5,2056.3,9692.1,14841.1,1980.0,4408.1,47094.4,21120.1,1267.3,586.5,10779.96781,203969.1694,1693.660088,33903.74861,4482.212016,2385.605152,6408.59752,166.282864,1185720.0,2474.087536,17682474,2380259,2731768,1316837,1127015,123.923,45.42,0.895,1044.514,0.195,15.411,7.507,13.118,12.986,10.044
2014-03-31,1872.3,2033.3,9555.9,14827.8,1985.6,4391.5,50414.9,22386.3,1226.1,591.6,11477.20368,231267.3823,2035.7291,30118.66253,4969.822,2678.654872,6778.0864,366.730064,3079710.0,3418.682344,18018160,2407631,2870816,1323591,1141526,124.97,45.997,0.903,1049.027,0.195,15.68,7.462,13.87,12.97,10.128
2014-04-30,1884.0,2026.4,9603.2,14304.1,1961.8,4487.4,51626.7,22417.8,1155.7,578.0,11709.70966,206225.8166,1603.707108,25753.84205,4689.884976,2348.009616,7350.932256,155.695427,2243980.0,1939.5398,17706274,2614020,2895696,1240797,1158381,126.396,46.33,0.898,1021.635,0.185,15.586,7.991,13.967,12.644,10.843
2014-05-30,1923.6,2039.2,9943.3,14632.4,1995.0,4519.6,51239.3,24217.3,1295.8,562.0,9705.97152,150154.9164,1770.76842,25601.95411,4285.605024,2306.8761,7347.075648,321.356251,2046190.0,1960.671004,18348250,2656655,2818215,1224968,1175461,127.382,46.584,0.901,1013.794,0.188,15.702,8.074,13.722,12.458,10.856
2014-06-30,1960.2,2048.3,9833.1,15162.1,2002.2,4422.8,53168.2,25413.8,1366.1,578.1,10168.38282,158910.2694,1713.9843,27153.87213,4602.077008,2310.60236,5344.354848,271.551785,1640890.0,1671.501344,18075410,2863383,2783712,1176307,1101898,128.188,47.054,0.86,983.436,0.186,15.589,8.37,14.107,12.325,10.34
2014-07-31,1930.7,2201.6,9407.5,15620.8,2076.1,4246.1,55829.4,25895.0,1219.4,596.1,10086.7983,297729.494,1711.87708,24675.84666,6982.968,2411.534424,6805.679392,232.072839,1452760.0,2234.926612,18440828,2956646,2739998,1151418,1055808,127.168,47.187,0.849,970.95,0.181,15.588,8.485,13.147,11.702,9.975
2014-08-29,2003.4,2217.2,9470.2,15424.6,2068.5,4381.0,61288.2,26638.1,1190.2,636.7,8653.890432,333793.664,1688.401952,23007.95027,6081.523936,2224.287336,7274.57176,156.893787,1057450.0,2330.716672,18871308,3272675,2741249,1224021,1053386,127.525,46.628,0.818,968.181,0.171,16.254,9.383,14.523,12.698,10.461
2014-09-30,1972.3,2363.9,9474.3,16173.5,2020.1,4416.2,54116.0,26630.5,1123.7,598.8,10517.6895,418661.802,1717.977136,25301.55667,6541.932,2216.059248,8378.8672,178.162828,964206.0308,3108.571056,18845822,3937025,2694045,1170864,1052035,125.418,45.013,0.826,945.533,0.171,16.6,11.378,14.276,12.698,10.333
2014-10-31,2018.1,2420.2,9326.9,16413.8,1964.4,4233.1,54628.6,27865.8,1091.4,600.8,13990.35539,369254.4143,2631.767888,34364.67942,7389.469952,3825.75224,11923.86934,147.404668,842517.9628,2983.63652,18292602,3903954,2764025,1190698,1060605,122.298,45.712,0.861,881.363,0.172,16.371,12.297,14.099,13.607,10.392
2014-11-28,2067.6,2682.8,9980.9,17459.9,1980.8,4390.2,54724.0,28694.0,974.3,566.6,9308.59968,568913.8934,1839.387144,31553.79277,6296.648992,2411.551984,6766.6648,164.773582,1397120.0,2494.407536,19225050,4058730,2921908,1259355,1085047,121.711,45.425,0.856,885.12,0.172,17.368,11.945,14.745,14.2,10.492
2014-12-31,2058.9,3234.7,9805.6,17450.8,1915.6,4272.8,50007.4,27499.4,790.7,545.6,12366.34694,1137670.0,1812.966948,29628.88307,6712.870992,2472.328672,7029.969936,211.293322,2201600.0,2324.983352,18944898,4680848,2929561,1264842,1109220,122.753,46.039,0.861,856.794,0.171,16.79,13.555,15.375,15.049,10.768
2015-01-30,1995.0,3210.4,10694.3,17674.4,1949.3,4604.3,46907.7,29183.0,737.4,576.1,12063.5817,703529.0685,2374.51524,26915.64915,6845.795008,3069.305552,7822.299408,238.171527,531534.8173,1969.272376,19075264,5605718,3048556,1260026,1190045,122.819,44.161,0.868,910.798,0.181,17.154,17.124,15.667,14.532,11.06
2015-02-27,2104.5,3310.3,11401.7,18797.9,1985.8,4951.5,51583.1,29361.5,896.6,592.6,10350.33747,361227.4401,1826.4087,29754.21581,5913.347008,2575.205856,6530.975264,277.387803,546418.0931,1043.81298,19255756,5834247,3097395,1208910,1143882,124.233,45.792,0.845,918.338,0.174,17.093,18.119,15.818,13.879,10.986
2015-03-31,2067.9,3747.9,11966.2,19207.0,2041.0,5033.6,51150.2,27957.5,880.4,551.1,13020.58397,941831.8193,2177.998648,31921.37318,8511.820864,2902.251352,7988.916896,264.3514,503166.0288,2040.526936,18853868,5544434,3043826,1180693,1119461,125.035,45.459,0.873,941.912,0.174,16.864,17.003,15.696,13.654,10.698
2015-04-30,2085.5,4441.7,11454.4,19520.0,2127.2,5046.5,56229.4,27011.3,1029.3,562.4,11161.17146,1266890.0,1808.544932,30473.50394,11582.84198,2983.69644,8159.608736,224.792036,774606.7692,1479.915292,19244906,4836298,3062801,1200345,1057593,125.821,44.42,0.872,936.874,0.162,16.759,13.91,15.087,13.177,10.757
2015-05-29,2107.4,4611.7,11413.8,20563.2,2114.8,5007.9,52760.5,27828.4,968.8,569.6,10172.14422,1066170.0,1779.420132,32916.31117,7388.805984,2425.789524,6937.135456,223.89584,1287430.0,1952.847556,18011554,4122355,2882560,1110838,993397,126.163,43.334,0.9,960.433,0.158,15.381,11.242,13.13,11.816,9.882
2015-06-30,2063.1,4277.2,10945.0,20235.7,2074.2,4790.2,53080.9,27780.8,939.9,593.1,12349.55437,1286160.0,2239.482688,34645.59578,9174.68296,2945.871656,6303.817888,249.177373,870225.3332,2866.800048,17585608,3952024,2660758,1059604,1005487,126.109,42.329,0.915,937.981,0.16,15.374,12.401,13.338,11.389,10.43
2015-07-31,2103.8,3663.7,11309.0,20585.2,2030.2,5082.6,50864.8,28114.6,858.8,621.1,12202.82538,1316510.0,1893.5146,33183.36704,13372.25811,2704.624792,6724.254528,223.849632,405836.2573,2879.656088,18982122,4418258,2935865,1174675,1085456,125.261,43.161,0.905,904.515,0.161,16.688,13.191,14.123,13.059,11.107
2015-08-31,1972.2,3206.0,10259.5,18890.5,1941.5,4653.0,46625.5,26283.1,833.6,564.8,14507.81427,871925.8747,2180.550344,37275.71213,8368.876992,2657.048456,7323.21304,295.645436,361610.2436,2352.653088,18951386,4453643,2897948,1184547,1050865,125.581,42.532,0.888,859.775,0.16,16.634,13.916,14.677,13.431,10.909
2015-09-30,1920.0,3052.8,9660.4,17388.2,1962.8,4455.3,45059.3,26154.8,789.7,562.6,15288.6528,536251.264,2661.931388,31325.26067,10051.52403,2879.998904,8184.454656,322.59793,367217.068,1692.630356,18609450,4545806,2906025,1153080,1021653,125.38,42.177,0.908,898.458,0.159,16.457,13.621,14.133,13.131,10.68
2015-10-30,2079.4,3382.6,10850.1,19083.1,2029.5,4897.7,45868.8,26656.8,845.5,607.4,14419.43702,545257.9103,2186.073664,29796.14848,13186.49507,2818.790464,7847.5668,250.130591,456841.5365,2290.134688,17678288,3485555,2673913,1046337,963979,123.125,40.998,0.899,891.863,0.15,15.293,10.669,12.499,11.917,10.376
2015-11-30,2080.4,3445.4,11382.2,19747.5,1992.0,4957.6,45120.4,26145.7,847.1,573.2,11814.10331,706581.4446,1732.704776,25596.2775,8998.650976,2474.91844,6802.089792,202.956092,339601.4459,2553.428752,17507786,3446919,2577395,1012958,946593,122.713,41.55,0.948,890.217,0.145,15.726,11.168,12.07,11.494,10.695
2015-12-31,2043.9,3539.2,10743.0,19033.7,1961.3,4637.1,43350.0,26117.5,757.0,579.0,14156.30685,535813.0913,1840.168992,27525.58957,9508.183136,2744.475786,6575.932784,225.28085,388306.0854,2091.1438,18646882,3937417,2664531,1118639,1069630,122.642,39.495,0.938,923.232,0.157,16.829,11.961,13.066,12.205,11.104
2016-01-29,1940.2,2737.6,9798.1,17518.3,1912.1,4417.0,40406.0,24870.7,745.3,545.3,16267.07258,399559.0999,2233.594824,32409.15597,7301.533888,2756.617416,7213.081312,233.404411,426326.0841,2379.502024,18694164,3853179,2798427,1121845,1065381,122.953,38.677,0.979,927.624,0.162,17.04,12.37,13.28,12.668,10.967
2016-02-29,1932.2,2688.0,9495.4,16026.8,1916.7,4353.6,42793.9,23002.0,768.8,559.4,15834.38598,300373.3524,2532.41012,41743.43462,6189.319984,3017.618584,7422.094384,375.734679,334248.514,1705.86464,18912880,3782666,2783067,1098975,1021134,124.483,37.241,0.919,928.983,0.157,16.794,12.043,13.01,12.052,10.358
2016-03-31,2059.7,3003.9,9965.5,16758.7,1995.9,4385.1,50055.3,25341.9,876.2,561.2,14657.03149,507377.1305,2101.602648,33073.03757,7747.185968,2704.873248,12511.78877,311.011078,379300.0509,3058.184688,18912996,3776371,2675773,1029147,1047519,125.346,37.061,0.973,924.515,0.164,16.52,12.382,12.264,11.352,10.252
2016-04-29,2065.3,2938.3,10039.0,16666.1,1994.2,4429.0,53910.5,25606.6,951.1,598.4,13152.92682,377810.1535,1853.010384,32304.4183,7973.505984,2453.361768,9165.960768,243.86564,452452.3643,2352.599024,19548206,3873231,2867132,1103512,1112531,126.357,36.489,0.965,931.238,0.172,17.147,13.149,13.221,12.306,10.505
2016-05-31,2097.0,2916.6,10262.7,17235.0,1983.4,4505.6,48471.7,26668.0,904.3,618.4,12498.10125,284809.3317,1777.34736,25718.04493,9650.538976,2140.520848,8113.08192,289.159091,375327.2945,2044.179336,19493152,4046147,2894138,1130448,1119963,127.224,36.341,0.952,934.371,0.177,17.099,13.327,13.177,12.626,10.404
2016-06-30,2098.9,2929.6,9680.1,15575.9,1970.4,4237.5,51526.9,26999.7,930.8,632.3,14695.18195,317175.4189,2495.784056,30962.11136,9815.333888,3109.457512,8137.994112,253.199027,488467.1334,2567.261184,19500776,3982798,2883847,1127860,1142970,127.738,36.046,0.989,944.969,0.182,16.999,13.054,13.466,12.322,10.311
2016-07-29,2173.6,2979.3,10337.5,16569.3,2016.2,4439.8,57308.2,28051.9,927.6,652.2,11448.00042,400641.4387,1865.426236,28169.32243,8068.026048,2137.459792,7736.405456,274.42217,260103.9882,2599.865176,19105528,4095743,2949002,1113705,1075993,128.943,35.972,0.96,925.835,0.175,16.592,13.463,13.654,12.737,10.145
2016-08-31,2171.0,3085.5,10592.7,16887.4,2034.7,4438.2,57901.1,28452.2,950.3,674.6,11456.21171,391289.8068,1624.166008,26757.47904,7805.232,1764.974516,8344.057216,289.583559,310960.6656,2449.264512,19677234,4264799,2873579,1073448,1047589,129.738,35.791,0.885,904.092,0.173,16.994,13.798,14.352,12.571,9.814
2016-09-30,2168.3,3004.7,10511.0,16449.8,2043.6,4448.3,58367.1,27866.0,990.9,685.7,13023.92803,278561.1049,2235.029664,24931.04083,8851.688928,2185.463832,7018.311696,266.890463,463459.499,2214.890952,20026066,4095622,2910948,1154055,1041238,130.928,35.615,0.888,904.762,0.17,17.184,13.176,14.827,13.374,9.924
2016-10-31,2126.2,3100.5,10665.0,17425.0,2008.2,4509.3,64924.5,27930.2,988.7,675.8,11691.65773,277113.813,1852.130184,22226.6247,6637.052976,2007.561312,7660.612128,236.675203,218015.614,2344.086728,20373076,4267826,3031571,1185086,1115275,132.102,36.384,0.939,937.765,0.182,17.398,13.149,14.255,13.362,9.759
2016-11-30,2198.8,3250.0,10640.3,18308.5,1983.5,4578.3,61906.4,26652.8,1029.1,665.1,13905.50208,518147.7427,2192.403924,32367.23539,6610.597024,2434.67096,8558.279776,268.939307,327099.0054,2306.489048,21057400,4418720,3073555,1193359,1152197,132.188,37.52,0.962,936.005,0.192,17.875,13.219,14.459,13.586,9.691
2016-12-30,2238.8,3103.6,11481.1,19114.4,2026.5,4862.3,60227.3,26626.5,1152.3,664.9,12153.68547,394445.3089,1979.961984,30792.5351,6035.907952,2118.798932,10893.97642,194.89656,650638.5408,2247.838048,21099808,4412205,3027993,1244985,1204290,132.844,38.281,0.986,947.702,0.198,17.678,12.945,14.223,13.5,9.857
