Date,Open,High,Low,Close,Volume
31-Mar-17,21950.00,22050.00,21650.00,21900.00,221058
30-Mar-17,21500.00,22200.00,21450.00,22000.00,291235
29-Mar-17,21850.00,21850.00,21150.00,21500.00,242049
28-Mar-17,21450.00,21950.00,21450.00,21750.00,397226
27-Mar-17,21250.00,21550.00,20950.00,21500.00,340654
24-Mar-17,20650.00,21100.00,20500.00,21000.00,265799
23-Mar-17,20600.00,21000.00,20400.00,20500.00,322955
22-Mar-17,19700.00,20600.00,19600.00,20400.00,320221
21-Mar-17,19450.00,19750.00,19450.00,19650.00,182272
20-Mar-17,19500.00,19550.00,19300.00,19550.00,173475
17-Mar-17,19200.00,19600.00,19200.00,19400.00,173413
16-Mar-17,19550.00,19750.00,19150.00,19350.00,201079
15-Mar-17,19400.00,19550.00,19300.00,19500.00,244515
14-Mar-17,19350.00,19450.00,19250.00,19300.00,193289
13-Mar-17,19400.00,19550.00,19150.00,19300.00,252796
10-Mar-17,19700.00,19950.00,19250.00,19400.00,284896
9-Mar-17,19200.00,19850.00,19150.00,19650.00,260284
8-Mar-17,19100.00,19400.00,19000.00,19300.00,173773
7-Mar-17,19150.00,19400.00,19100.00,19300.00,167272
6-Mar-17,19200.00,19400.00,19000.00,19150.00,350232
3-Mar-17,20600.00,20700.00,19300.00,19600.00,1038261
2-Mar-17,21550.00,21550.00,21000.00,21300.00,207143
28-Feb-17,21300.00,21450.00,21150.00,21350.00,166343
27-Feb-17,21750.00,21850.00,21250.00,21400.00,282573
24-Feb-17,21600.00,21800.00,21300.00,21600.00,268999
23-Feb-17,20700.00,21700.00,20700.00,21550.00,497870
22-Feb-17,20950.00,21050.00,20650.00,20750.00,173078
21-Feb-17,21100.00,21250.00,20800.00,20950.00,181477
20-Feb-17,20600.00,21200.00,20400.00,21050.00,276552
17-Feb-17,21000.00,21000.00,20550.00,20650.00,154161
16-Feb-17,20900.00,21000.00,20450.00,21000.00,409982
15-Feb-17,20500.00,21600.00,20450.00,20850.00,1058317
14-Feb-17,19250.00,20850.00,19150.00,20650.00,1358191
13-Feb-17,19200.00,19450.00,19050.00,19100.00,218087
10-Feb-17,19600.00,19700.00,19200.00,19250.00,280998
9-Feb-17,19750.00,20150.00,19400.00,19750.00,263176
8-Feb-17,19600.00,19900.00,19350.00,19750.00,197832
7-Feb-17,19450.00,19650.00,19400.00,19650.00,145324
6-Feb-17,19450.00,19850.00,19350.00,19450.00,144381
3-Feb-17,19450.00,19500.00,19100.00,19350.00,169138
2-Feb-17,19200.00,19700.00,19150.00,19450.00,219859
1-Feb-17,18900.00,19400.00,18850.00,19350.00,128939
31-Jan-17,19050.00,19150.00,18800.00,18900.00,156353
26-Jan-17,18850.00,19250.00,18750.00,19200.00,185041
25-Jan-17,19350.00,19500.00,18750.00,18750.00,312872
24-Jan-17,19800.00,19850.00,19300.00,19400.00,259520
23-Jan-17,19900.00,19900.00,19500.00,19700.00,190429
20-Jan-17,19700.00,19850.00,19450.00,19800.00,219947
19-Jan-17,19900.00,20000.00,19550.00,19700.00,152259
18-Jan-17,19800.00,20000.00,19700.00,19950.00,149479
17-Jan-17,19950.00,20100.00,19800.00,19950.00,157343
16-Jan-17,19700.00,19900.00,19550.00,19900.00,175361
13-Jan-17,19600.00,19750.00,19400.00,19550.00,189384
12-Jan-17,19450.00,19550.00,19350.00,19500.00,291432
11-Jan-17,19250.00,19550.00,19200.00,19350.00,171366
10-Jan-17,19750.00,19850.00,19300.00,19350.00,346190
9-Jan-17,20200.00,20200.00,19700.00,19800.00,301006
6-Jan-17,20150.00,20250.00,19900.00,20200.00,296401
5-Jan-17,20050.00,20300.00,20000.00,20250.00,217092
4-Jan-17,19800.00,20200.00,19750.00,20200.00,263417
3-Jan-17,20000.00,20000.00,19600.00,19850.00,393404
2-Jan-17,20400.00,20400.00,19900.00,19950.00,234251
29-Dec-16,20750.00,20850.00,20250.00,20450.00,295510
28-Dec-16,20850.00,20900.00,20600.00,20700.00,248699
27-Dec-16,21250.00,21400.00,21150.00,21300.00,271656
26-Dec-16,21200.00,21350.00,21100.00,21250.00,162895
23-Dec-16,21050.00,21200.00,20900.00,21150.00,164830
22-Dec-16,20900.00,21050.00,20850.00,21050.00,127577
21-Dec-16,21100.00,21150.00,20800.00,20900.00,191641
20-Dec-16,21150.00,21300.00,20900.00,20950.00,208889
19-Dec-16,21350.00,21350.00,21000.00,21200.00,98986
16-Dec-16,21400.00,21400.00,21050.00,21100.00,209938
15-Dec-16,21500.00,21550.00,21250.00,21350.00,230040
14-Dec-16,21900.00,22050.00,21550.00,21700.00,198711
13-Dec-16,21250.00,21950.00,21050.00,21950.00,289868
12-Dec-16,21100.00,21600.00,20950.00,21200.00,210767
9-Dec-16,21150.00,21150.00,20650.00,21050.00,236978
8-Dec-16,20950.00,21300.00,20800.00,21250.00,192950
7-Dec-16,20650.00,21000.00,20450.00,20950.00,163183
6-Dec-16,20450.00,20750.00,20400.00,20550.00,203729
5-Dec-16,21100.00,21150.00,20350.00,20500.00,362391
2-Dec-16,21600.00,21700.00,21100.00,21250.00,187605
1-Dec-16,21950.00,22100.00,21550.00,21650.00,155941
30-Nov-16,22300.00,22300.00,21850.00,22000.00,234584
29-Nov-16,21650.00,22300.00,21450.00,22250.00,229854
28-Nov-16,21450.00,21750.00,21250.00,21700.00,157041
25-Nov-16,21400.00,21600.00,21350.00,21400.00,145368
24-Nov-16,21200.00,21550.00,21200.00,21400.00,164309
23-Nov-16,21200.00,21400.00,20900.00,21200.00,163728
22-Nov-16,21300.00,21400.00,20850.00,21200.00,176701
21-Nov-16,21350.00,21500.00,21150.00,21250.00,166230
18-Nov-16,21900.00,21900.00,21300.00,21650.00,141350
17-Nov-16,21450.00,21950.00,21300.00,21900.00,152718
16-Nov-16,21150.00,21600.00,21050.00,21600.00,281351
15-Nov-16,21000.00,21200.00,20800.00,20900.00,146328
14-Nov-16,21300.00,21350.00,20850.00,21050.00,276976
11-Nov-16,21750.00,21800.00,21050.00,21350.00,371847
10-Nov-16,21750.00,22000.00,21300.00,21750.00,403016
9-Nov-16,21450.00,21650.00,20750.00,21550.00,502448
8-Nov-16,21550.00,21750.00,21350.00,21550.00,344665
7-Nov-16,22500.00,22500.00,21250.00,21450.00,680801
4-Nov-16,22350.00,22650.00,22000.00,22500.00,305406
3-Nov-16,21750.00,22450.00,21550.00,22400.00,316062
2-Nov-16,22000.00,22000.00,21300.00,21550.00,292269
1-Nov-16,21500.00,22150.00,21500.00,21900.00,191195
31-Oct-16,22000.00,22450.00,21600.00,21700.00,251836
28-Oct-16,22200.00,22350.00,21850.00,22050.00,152042
27-Oct-16,21850.00,22700.00,21850.00,22200.00,261996
26-Oct-16,21250.00,22150.00,21050.00,22100.00,381774
25-Oct-16,22700.00,22700.00,20900.00,21250.00,1487304
24-Oct-16,22750.00,23000.00,22700.00,22800.00,207224
21-Oct-16,22700.00,22800.00,22450.00,22650.00,267632
20-Oct-16,22450.00,22750.00,22400.00,22600.00,317300
19-Oct-16,22900.00,23150.00,22450.00,22500.00,414066
18-Oct-16,23000.00,23150.00,22500.00,22950.00,394144
17-Oct-16,23700.00,23700.00,22900.00,23000.00,295668
14-Oct-16,23600.00,23600.00,23350.00,23450.00,140979
13-Oct-16,23800.00,23850.00,23400.00,23400.00,204366
12-Oct-16,23800.00,24100.00,23700.00,23750.00,209061
11-Oct-16,24050.00,24150.00,23550.00,23750.00,330613
10-Oct-16,24200.00,24250.00,23750.00,23950.00,330226
7-Oct-16,24500.00,24600.00,24100.00,24200.00,312160
6-Oct-16,25050.00,25050.00,24350.00,24550.00,391782
5-Oct-16,24850.00,25150.00,24650.00,25100.00,281804
4-Oct-16,24750.00,24950.00,24650.00,24800.00,119107
30-Sep-16,24900.00,25100.00,24550.00,24650.00,211825
29-Sep-16,25100.00,25150.00,24850.00,24950.00,153674
28-Sep-16,24750.00,25250.00,24750.00,25100.00,164162
27-Sep-16,24650.00,25150.00,24450.00,25100.00,189249
26-Sep-16,24700.00,24700.00,24450.00,24500.00,176460
23-Sep-16,25200.00,25200.00,24500.00,24600.00,385578
22-Sep-16,25200.00,25450.00,24850.00,25000.00,184080
21-Sep-16,25000.00,25150.00,24650.00,25000.00,147541
20-Sep-16,24700.00,25100.00,24450.00,25050.00,128993
19-Sep-16,24400.00,24850.00,24200.00,24800.00,121107
13-Sep-16,24900.00,25000.00,24150.00,24350.00,296683
12-Sep-16,24800.00,25000.00,24450.00,24850.00,256918
9-Sep-16,25300.00,25300.00,24950.00,24950.00,264692
8-Sep-16,25400.00,25450.00,25050.00,25300.00,208320
7-Sep-16,25650.00,25750.00,25100.00,25150.00,353038
6-Sep-16,26150.00,26150.00,25250.00,25500.00,607959
5-Sep-16,27000.00,27000.00,26050.00,26150.00,416688
2-Sep-16,26200.00,27650.00,26200.00,26850.00,903535
1-Sep-16,26250.00,26250.00,25650.00,26100.00,173930
31-Aug-16,26200.00,26800.00,26100.00,26100.00,189522
30-Aug-16,26700.00,27000.00,26000.00,26000.00,275897
29-Aug-16,27100.00,27100.00,26450.00,26500.00,198722
26-Aug-16,26450.00,27100.00,26450.00,27000.00,269843
25-Aug-16,26900.00,26950.00,26350.00,26450.00,228020
24-Aug-16,25850.00,27250.00,25850.00,26850.00,666271
23-Aug-16,25950.00,26300.00,25750.00,25900.00,413020
22-Aug-16,25900.00,26200.00,25650.00,25800.00,407511
19-Aug-16,26500.00,26500.00,25850.00,26050.00,424869
18-Aug-16,26350.00,26650.00,26200.00,26600.00,255260
17-Aug-16,26200.00,26600.00,26100.00,26350.00,258059
16-Aug-16,26200.00,26350.00,26000.00,26200.00,203100
12-Aug-16,26150.00,26250.00,25900.00,26200.00,165349
11-Aug-16,25900.00,26400.00,25750.00,26150.00,219059
10-Aug-16,25700.00,26050.00,25500.00,25900.00,417959
9-Aug-16,26350.00,26350.00,25700.00,25800.00,347681
8-Aug-16,25800.00,26450.00,25600.00,26300.00,275088
5-Aug-16,26750.00,26900.00,25350.00,25500.00,645429
4-Aug-16,25500.00,26950.00,25450.00,26750.00,608884
3-Aug-16,25250.00,25900.00,25150.00,25700.00,206684
2-Aug-16,25750.00,25900.00,25150.00,25600.00,186183
1-Aug-16,26000.00,26200.00,25550.00,25600.00,299301
29-Jul-16,25800.00,26100.00,25100.00,26050.00,274877
28-Jul-16,25750.00,25950.00,25000.00,25550.00,150779
27-Jul-16,26100.00,26300.00,25450.00,25550.00,421693
26-Jul-16,24250.00,26050.00,24200.00,25950.00,585620
25-Jul-16,24950.00,25000.00,24100.00,24150.00,320830
22-Jul-16,24700.00,24900.00,24450.00,24800.00,162862
21-Jul-16,25000.00,25350.00,24550.00,24700.00,340675
20-Jul-16,25250.00,25250.00,24850.00,25100.00,173254
19-Jul-16,24950.00,25250.00,24700.00,25100.00,358542
18-Jul-16,25200.00,25200.00,24650.00,24700.00,264290
15-Jul-16,25550.00,25550.00,24850.00,25150.00,306898
14-Jul-16,25050.00,25600.00,25000.00,25400.00,261096
13-Jul-16,25500.00,25800.00,25050.00,25250.00,395370
12-Jul-16,25150.00,25900.00,25050.00,25450.00,492353
11-Jul-16,25300.00,25900.00,24650.00,24950.00,1110197
8-Jul-16,27600.00,27650.00,25750.00,25850.00,635933
7-Jul-16,27750.00,27900.00,27250.00,27550.00,262299
6-Jul-16,27700.00,28150.00,27200.00,27550.00,375640
5-Jul-16,26800.00,27800.00,26750.00,27600.00,314273
4-Jul-16,26800.00,27050.00,26650.00,26900.00,195251
1-Jul-16,26800.00,26900.00,26450.00,26650.00,207535
30-Jun-16,27150.00,27150.00,26400.00,26550.00,192506
29-Jun-16,26950.00,27050.00,26550.00,26900.00,268549
28-Jun-16,26150.00,26900.00,26050.00,26900.00,336524
27-Jun-16,24300.00,26500.00,24300.00,26150.00,456800
24-Jun-16,26300.00,26450.00,24400.00,25000.00,548619
23-Jun-16,26300.00,26400.00,25850.00,26000.00,183061
22-Jun-16,26600.00,26700.00,26250.00,26400.00,109969
21-Jun-16,26500.00,26600.00,26250.00,26550.00,121426
20-Jun-16,26850.00,27250.00,26050.00,26250.00,282358
17-Jun-16,26500.00,26950.00,26350.00,26450.00,153607
16-Jun-16,27000.00,27100.00,26050.00,26250.00,189167
15-Jun-16,26800.00,27650.00,26700.00,26750.00,285213
14-Jun-16,26300.00,27250.00,26250.00,26650.00,447220
13-Jun-16,27350.00,27400.00,25950.00,26200.00,361982
10-Jun-16,27650.00,28400.00,26950.00,27350.00,350015
9-Jun-16,27350.00,27950.00,27300.00,27750.00,220663
8-Jun-16,27450.00,27650.00,26950.00,27450.00,198992
7-Jun-16,27750.00,27750.00,27150.00,27450.00,145561
3-Jun-16,27350.00,27750.00,27200.00,27400.00,268429
2-Jun-16,27950.00,28250.00,26950.00,27200.00,420580
1-Jun-16,28050.00,28550.00,27950.00,28000.00,134227
31-May-16,28500.00,28600.00,27950.00,28200.00,186260
30-May-16,28600.00,28950.00,28350.00,28450.00,128909
27-May-16,28100.00,28900.00,28000.00,28750.00,130755
26-May-16,28400.00,29050.00,28050.00,28100.00,118171
25-May-16,27550.00,29200.00,27100.00,28650.00,315708
24-May-16,27850.00,27950.00,27000.00,27350.00,261289
23-May-16,28000.00,28300.00,27550.00,27700.00,259844
20-May-16,28300.00,28600.00,28050.00,28400.00,146382
19-May-16,28850.00,29000.00,27500.00,28350.00,437472
18-May-16,29350.00,29800.00,29100.00,29250.00,190399
17-May-16,29650.00,29900.00,29300.00,29700.00,156721
16-May-16,29950.00,30350.00,29300.00,29650.00,210303
13-May-16,29750.00,30450.00,29400.00,30300.00,318146
12-May-16,28500.00,30050.00,28500.00,29700.00,402543
11-May-16,29200.00,29800.00,28200.00,29000.00,827645
10-May-16,29950.00,30050.00,28800.00,28950.00,442717
9-May-16,29950.00,30250.00,29100.00,29950.00,382814
4-May-16,29200.00,30300.00,28950.00,30100.00,667009
3-May-16,29050.00,29550.00,28650.00,29350.00,386910
2-May-16,28900.00,29500.00,28650.00,29150.00,430612
29-Apr-16,28750.00,29100.00,28350.00,28850.00,421640
28-Apr-16,28950.00,29150.00,27700.00,28900.00,857162
27-Apr-16,27150.00,28950.00,27100.00,28700.00,836305
26-Apr-16,26900.00,27700.00,26600.00,27300.00,343777
25-Apr-16,27000.00,27350.00,26450.00,26600.00,332074
22-Apr-16,27150.00,28150.00,27000.00,27200.00,738267
21-Apr-16,26700.00,27050.00,26200.00,26900.00,467332
20-Apr-16,26750.00,27000.00,26250.00,26700.00,387930
19-Apr-16,27900.00,27900.00,26450.00,26800.00,469881
18-Apr-16,27000.00,27900.00,26800.00,27600.00,531294
15-Apr-16,27050.00,27200.00,26650.00,26700.00,294990
14-Apr-16,26200.00,27250.00,26150.00,27250.00,388730
12-Apr-16,27200.00,27350.00,26200.00,26500.00,451803
11-Apr-16,27150.00,27400.00,26650.00,27400.00,570014
8-Apr-16,25800.00,27200.00,25750.00,26750.00,894147
7-Apr-16,25700.00,26250.00,25450.00,26000.00,603928
6-Apr-16,23550.00,26200.00,23550.00,25800.00,1777013
5-Apr-16,22200.00,23550.00,21850.00,23450.00,473437
4-Apr-16,22250.00,22350.00,21850.00,22150.00,258381
1-Apr-16,22900.00,22950.00,22200.00,22200.00,239795
31-Mar-16,23250.00,23400.00,22650.00,22850.00,361826
30-Mar-16,23700.00,23750.00,23100.00,23150.00,256203
29-Mar-16,23450.00,23750.00,23450.00,23600.00,146158
28-Mar-16,23500.00,23950.00,23400.00,23450.00,175097
25-Mar-16,23800.00,23900.00,23500.00,23550.00,132704
24-Mar-16,24200.00,24550.00,23750.00,23750.00,208955
23-Mar-16,23850.00,24550.00,23850.00,24250.00,212915
22-Mar-16,23850.00,24150.00,23600.00,23850.00,144006
21-Mar-16,23750.00,24000.00,23450.00,23850.00,244505
18-Mar-16,24100.00,24300.00,23600.00,23750.00,271893
17-Mar-16,24250.00,24600.00,24150.00,24200.00,263905
16-Mar-16,24400.00,24600.00,24150.00,24150.00,170825
15-Mar-16,23900.00,24700.00,23900.00,24250.00,401795
14-Mar-16,24850.00,24950.00,23950.00,24000.00,482530
11-Mar-16,24700.00,25050.00,24550.00,24950.00,228895
10-Mar-16,24550.00,25300.00,24550.00,24950.00,599666
9-Mar-16,24500.00,24750.00,24350.00,24500.00,334643
8-Mar-16,24600.00,24800.00,24000.00,24500.00,324101
7-Mar-16,24700.00,24850.00,24500.00,24600.00,233300
4-Mar-16,24350.00,24700.00,24200.00,24700.00,261896
3-Mar-16,25150.00,25200.00,24200.00,24550.00,533705
2-Mar-16,26100.00,26100.00,24600.00,25150.00,990157
29-Feb-16,25750.00,26250.00,25100.00,26150.00,563611
26-Feb-16,24900.00,26050.00,24850.00,25850.00,726946
25-Feb-16,24500.00,24900.00,24400.00,24750.00,317133
24-Feb-16,24300.00,24550.00,24100.00,24500.00,233110
23-Feb-16,24350.00,24650.00,24050.00,24300.00,235172
22-Feb-16,23900.00,24300.00,23850.00,24250.00,191303
19-Feb-16,24000.00,24300.00,23650.00,24150.00,251018
18-Feb-16,23500.00,24400.00,23450.00,24000.00,388980
17-Feb-16,24000.00,24150.00,23350.00,23500.00,294368
16-Feb-16,23100.00,24200.00,22500.00,24000.00,439169
15-Feb-16,21900.00,23350.00,21900.00,23200.00,422552
12-Feb-16,23200.00,23250.00,22000.00,22050.00,408889
11-Feb-16,23850.00,24550.00,23200.00,23400.00,321499
5-Feb-16,23700.00,24900.00,23450.00,24800.00,437207
4-Feb-16,22550.00,24100.00,22550.00,23950.00,808583
3-Feb-16,22700.00,22800.00,22400.00,22450.00,143945
2-Feb-16,22800.00,23150.00,22400.00,22950.00,218129
1-Feb-16,22900.00,23150.00,22550.00,23050.00,236750
29-Jan-16,22000.00,22850.00,22000.00,22850.00,327072
28-Jan-16,21700.00,22000.00,21700.00,21850.00,115685
27-Jan-16,21750.00,22100.00,21700.00,21950.00,195060
26-Jan-16,21450.00,21900.00,21400.00,21750.00,140095
25-Jan-16,21300.00,21950.00,21200.00,21650.00,249519
22-Jan-16,20550.00,21850.00,20550.00,21100.00,323983
21-Jan-16,20250.00,21000.00,20000.00,20650.00,289245
20-Jan-16,21200.00,21400.00,20050.00,20700.00,414479
19-Jan-16,21600.00,21900.00,21250.00,21450.00,294650
18-Jan-16,20750.00,21850.00,20500.00,21250.00,411882
15-Jan-16,21550.00,21600.00,20700.00,20950.00,278004
14-Jan-16,21750.00,21950.00,21000.00,21350.00,453712
13-Jan-16,22050.00,22300.00,21700.00,21950.00,270657
12-Jan-16,21850.00,22350.00,21800.00,22000.00,308374
11-Jan-16,22250.00,22650.00,21800.00,21850.00,230704
8-Jan-16,22000.00,22550.00,21700.00,22500.00,296110
7-Jan-16,22700.00,23250.00,22350.00,22450.00,262459
6-Jan-16,24150.00,24150.00,22900.00,23100.00,398515
5-Jan-16,23300.00,23900.00,23300.00,23900.00,139497
4-Jan-16,24150.00,24150.00,23400.00,23400.00,294013
30-Dec-15,24200.00,24500.00,23950.00,24200.00,168340
29-Dec-15,24800.00,24900.00,23850.00,24300.00,319622
28-Dec-15,25600.00,25700.00,25100.00,25100.00,221362
24-Dec-15,25400.00,25750.00,25350.00,25550.00,182743
23-Dec-15,25150.00,25400.00,24950.00,25300.00,196757
22-Dec-15,25600.00,25600.00,25050.00,25100.00,262857
21-Dec-15,25350.00,25750.00,25300.00,25650.00,176644
18-Dec-15,25000.00,25600.00,24850.00,25450.00,323054
17-Dec-15,25100.00,25300.00,24850.00,25000.00,194899
16-Dec-15,24900.00,25150.00,24700.00,25000.00,219923
15-Dec-15,24000.00,24950.00,24000.00,24950.00,238369
14-Dec-15,23800.00,24250.00,23550.00,24100.00,197946
11-Dec-15,23750.00,24150.00,23750.00,24100.00,203515
10-Dec-15,24350.00,24550.00,23500.00,23900.00,351260
9-Dec-15,24050.00,24400.00,23950.00,24350.00,101923
8-Dec-15,24400.00,24900.00,23850.00,24050.00,315621
7-Dec-15,25100.00,25250.00,24100.00,24200.00,335775
4-Dec-15,25300.00,25700.00,24800.00,25100.00,309714
3-Dec-15,24900.00,25650.00,24500.00,25550.00,402564
2-Dec-15,24400.00,25150.00,24300.00,25000.00,616208
1-Dec-15,24000.00,24550.00,23950.00,24200.00,301093
30-Nov-15,23950.00,24350.00,23650.00,23850.00,282894
27-Nov-15,24200.00,24400.00,24050.00,24150.00,342361
26-Nov-15,23800.00,24150.00,23650.00,24100.00,293291
25-Nov-15,23900.00,24450.00,23700.00,23950.00,452003
24-Nov-15,23800.00,24150.00,23150.00,23900.00,799366
23-Nov-15,24500.00,24500.00,23700.00,23950.00,661093
20-Nov-15,24750.00,24800.00,24200.00,24500.00,552637
19-Nov-15,24850.00,25200.00,24450.00,24650.00,485203
18-Nov-15,25450.00,25650.00,24750.00,24800.00,499433
17-Nov-15,25450.00,25750.00,25250.00,25450.00,410986
16-Nov-15,25600.00,25800.00,25150.00,25400.00,471717
13-Nov-15,25950.00,26350.00,25500.00,26100.00,781767
12-Nov-15,26550.00,26700.00,25800.00,26300.00,1075681
11-Nov-15,25800.00,28050.00,25750.00,26650.00,3032638
10-Nov-15,31150.00,31200.00,30300.00,30650.00,228582
9-Nov-15,31700.00,32250.00,31150.00,31200.00,215142
6-Nov-15,32100.00,32150.00,31550.00,31600.00,165769
5-Nov-15,31800.00,32150.00,31550.00,32050.00,260095
4-Nov-15,32350.00,32350.00,31600.00,31900.00,320629
3-Nov-15,32000.00,32350.00,31800.00,32350.00,198070
2-Nov-15,31800.00,32100.00,31500.00,31850.00,114747
30-Oct-15,32050.00,32050.00,31450.00,31800.00,218305
29-Oct-15,33150.00,33150.00,31900.00,32100.00,252596
28-Oct-15,32650.00,33150.00,32250.00,33150.00,196939
27-Oct-15,31950.00,32750.00,31900.00,32650.00,224726
26-Oct-15,32150.00,32200.00,31650.00,32000.00,222416
23-Oct-15,31800.00,32100.00,31350.00,31800.00,333836
22-Oct-15,32650.00,32650.00,31700.00,31750.00,359647
21-Oct-15,32950.00,33100.00,32350.00,32850.00,250469
20-Oct-15,33250.00,33400.00,32550.00,32950.00,218702
19-Oct-15,32800.00,33400.00,32700.00,33150.00,147627
16-Oct-15,32850.00,33200.00,32800.00,32800.00,165142
15-Oct-15,32050.00,33200.00,32050.00,33050.00,342553
14-Oct-15,32750.00,32900.00,31350.00,32050.00,787472
13-Oct-15,33450.00,33900.00,33250.00,33400.00,367197
12-Oct-15,34200.00,34500.00,33550.00,33950.00,214694
8-Oct-15,34500.00,34600.00,33600.00,33950.00,236499
7-Oct-15,34800.00,34950.00,33850.00,34050.00,289250
6-Oct-15,35300.00,35450.00,34800.00,34800.00,281478
5-Oct-15,34000.00,35200.00,33600.00,35100.00,558063
2-Oct-15,33600.00,33850.00,33200.00,33500.00,204099
1-Oct-15,33250.00,33900.00,33250.00,33550.00,258319
30-Sep-15,33100.00,33800.00,32700.00,33250.00,326601
25-Sep-15,34150.00,34200.00,33300.00,33750.00,176694
24-Sep-15,34000.00,34350.00,33750.00,34150.00,237462
23-Sep-15,33700.00,34600.00,33600.00,34000.00,393797
22-Sep-15,33100.00,34100.00,33100.00,34000.00,504322
21-Sep-15,33000.00,33400.00,32700.00,33200.00,301599
18-Sep-15,33650.00,33800.00,32700.00,33150.00,457338
17-Sep-15,33300.00,33850.00,32850.00,33450.00,509026
16-Sep-15,31300.00,33400.00,31250.00,33150.00,1262499
15-Sep-15,31500.00,31550.00,30900.00,31100.00,231071
14-Sep-15,31000.00,31500.00,30700.00,31200.00,474277
11-Sep-15,30250.00,30700.00,30000.00,30700.00,237606
10-Sep-15,29600.00,30350.00,29550.00,30350.00,276006
9-Sep-15,30000.00,30200.00,29750.00,30000.00,343949
8-Sep-15,30000.00,30350.00,29000.00,29650.00,358769
7-Sep-15,30000.00,31050.00,29800.00,30000.00,308831
4-Sep-15,30950.00,31350.00,29900.00,30050.00,253787
3-Sep-15,31150.00,31650.00,30950.00,31200.00,218924
2-Sep-15,29950.00,31400.00,29850.00,31000.00,260640
1-Sep-15,31200.00,31400.00,30550.00,30550.00,272284
31-Aug-15,31050.00,31650.00,30650.00,31300.00,581123
28-Aug-15,30750.00,31000.00,30250.00,30450.00,335706
27-Aug-15,29700.00,30600.00,29450.00,30250.00,515649
26-Aug-15,29050.00,29350.00,28800.00,29150.00,409677
25-Aug-15,29500.00,29550.00,28650.00,29050.00,486169
24-Aug-15,27500.00,29750.00,27350.00,29000.00,570527
21-Aug-15,27150.00,27900.00,26950.00,27800.00,631414
20-Aug-15,29100.00,29800.00,28550.00,28550.00,450254
19-Aug-15,30000.00,30100.00,28850.00,29450.00,416038
18-Aug-15,30900.00,31200.00,30100.00,30400.00,179125
17-Aug-15,31600.00,31600.00,30600.00,30700.00,226899
13-Aug-15,30000.00,31300.00,29700.00,31100.00,260287
12-Aug-15,30850.00,31350.00,29500.00,30250.00,496823
11-Aug-15,30750.00,31750.00,30500.00,31250.00,507258
10-Aug-15,30750.00,31000.00,30150.00,30250.00,372950
7-Aug-15,31650.00,31650.00,31050.00,31100.00,194552
6-Aug-15,31800.00,32100.00,31450.00,31650.00,363768
5-Aug-15,31600.00,32050.00,31000.00,31750.00,308391
4-Aug-15,31300.00,31800.00,30950.00,31600.00,398485
3-Aug-15,30150.00,32500.00,30150.00,31300.00,942531
31-Jul-15,30550.00,30750.00,29600.00,30100.00,467671
30-Jul-15,29600.00,30500.00,29100.00,30400.00,525907
29-Jul-15,29750.00,30150.00,29100.00,29800.00,451624
28-Jul-15,28350.00,29800.00,28250.00,29550.00,801010
27-Jul-15,27800.00,28650.00,27200.00,28400.00,463613
24-Jul-15,29300.00,29500.00,27700.00,27850.00,725843
23-Jul-15,29850.00,29900.00,29400.00,29450.00,260187
22-Jul-15,29400.00,30050.00,29250.00,29650.00,419026
21-Jul-15,29550.00,29750.00,28850.00,29500.00,500811
20-Jul-15,31100.00,31150.00,29450.00,29750.00,575415
17-Jul-15,31150.00,31200.00,30550.00,30900.00,251280
16-Jul-15,31650.00,31700.00,30800.00,31050.00,447800
15-Jul-15,31450.00,31850.00,31300.00,31700.00,325826
14-Jul-15,31650.00,32000.00,31350.00,31400.00,676506
13-Jul-15,30000.00,31350.00,31350.00,31350.00,506355
10-Jul-15,30450.00,30550.00,29650.00,29750.00,458164
9-Jul-15,30000.00,30400.00,29800.00,30250.00,393540
8-Jul-15,30500.00,30950.00,30200.00,30450.00,475441
7-Jul-15,31250.00,31250.00,30150.00,30250.00,723710
6-Jul-15,31900.00,32500.00,30850.00,31000.00,1038019
3-Jul-15,31400.00,32500.00,31250.00,32000.00,1107499
2-Jul-15,31550.00,31550.00,31100.00,31500.00,588469
1-Jul-15,31100.00,31500.00,30800.00,31350.00,483889
30-Jun-15,30800.00,31200.00,30250.00,31100.00,661415
29-Jun-15,30650.00,31450.00,30300.00,30650.00,738580
26-Jun-15,31600.00,32200.00,31000.00,31100.00,1063378
25-Jun-15,31800.00,32100.00,31000.00,31200.00,1002988
24-Jun-15,32700.00,33000.00,31800.00,31950.00,794295
23-Jun-15,33900.00,34250.00,32450.00,32650.00,1106988
22-Jun-15,31950.00,33000.00,31650.00,32500.00,1509984
19-Jun-15,30850.00,33750.00,30750.00,31650.00,4215910
18-Jun-15,39750.00,39950.00,36900.00,36900.00,954021
17-Jun-15,39900.00,40650.00,39100.00,40550.00,328736
16-Jun-15,39050.00,39850.00,38550.00,38900.00,244665
15-Jun-15,39800.00,40000.00,38500.00,38850.00,161543
12-Jun-15,39500.00,40350.00,39150.00,39800.00,219493
11-Jun-15,39450.00,39650.00,38400.00,39550.00,345841
10-Jun-15,38850.00,39050.00,38300.00,38400.00,173707
9-Jun-15,39200.00,39950.00,38250.00,39000.00,277503
8-Jun-15,38500.00,39350.00,37600.00,39150.00,197484
5-Jun-15,37500.00,38900.00,37450.00,38600.00,232550
4-Jun-15,38200.00,38450.00,37200.00,37850.00,233353
3-Jun-15,36900.00,38850.00,36050.00,37800.00,458356
2-Jun-15,38500.00,39400.00,37200.00,37650.00,571248
1-Jun-15,40100.00,40600.00,38200.00,39600.00,602129
29-May-15,42500.00,43450.00,40850.00,41500.00,374798
28-May-15,41500.00,43250.00,41150.00,42850.00,276624
27-May-15,41800.00,42100.00,40700.00,41500.00,185489
26-May-15,40900.00,42600.00,40800.00,42300.00,191496
22-May-15,41900.00,42300.00,41450.00,41750.00,139768
21-May-15,42100.00,42500.00,40800.00,41850.00,228327
20-May-15,40500.00,42600.00,40500.00,42100.00,275591
19-May-15,41100.00,41900.00,40800.00,41100.00,186605
18-May-15,41400.00,41900.00,40600.00,41350.00,190177
15-May-15,41300.00,42300.00,41050.00,42100.00,204947
14-May-15,42050.00,42250.00,41600.00,41800.00,212680
13-May-15,42800.00,42800.00,41050.00,41300.00,520259
12-May-15,41900.00,44000.00,41650.00,43000.00,1261303
11-May-15,40800.00,40800.00,39800.00,40150.00,163775
8-May-15,39300.00,40700.00,38500.00,40550.00,356657
7-May-15,37300.00,39100.00,36700.00,39050.00,328508
6-May-15,37200.00,37850.00,37000.00,37300.00,242936
4-May-15,38600.00,38650.00,37200.00,37650.00,188933
30-Apr-15,39750.00,40000.00,38300.00,38550.00,204310
29-Apr-15,40450.00,40450.00,39400.00,40000.00,241299
28-Apr-15,40150.00,40700.00,39500.00,39500.00,153045
27-Apr-15,40900.00,41150.00,40150.00,40300.00,144077
24-Apr-15,40050.00,41550.00,39800.00,40450.00,240719
23-Apr-15,40000.00,40900.00,38850.00,40550.00,331155
22-Apr-15,40200.00,41400.00,39950.00,40100.00,354065
21-Apr-15,40900.00,40950.00,39900.00,40000.00,256861
20-Apr-15,41000.00,41700.00,40500.00,40850.00,227361
17-Apr-15,41100.00,41700.00,40550.00,41150.00,196814
16-Apr-15,40500.00,42100.00,40150.00,41450.00,409671
15-Apr-15,42000.00,43750.00,41200.00,41250.00,1535474
14-Apr-15,38400.00,40300.00,38000.00,40000.00,492960
13-Apr-15,37450.00,39200.00,37450.00,39000.00,361546
10-Apr-15,37500.00,37850.00,37350.00,37600.00,107522
9-Apr-15,36800.00,37900.00,36750.00,37800.00,192833
8-Apr-15,37850.00,37850.00,36900.00,36950.00,158009
7-Apr-15,37800.00,38650.00,37000.00,37650.00,146257
6-Apr-15,38350.00,38950.00,37150.00,37450.00,228330
3-Apr-15,36750.00,38250.00,36550.00,38200.00,299410
2-Apr-15,37150.00,37400.00,36100.00,36350.00,352379
1-Apr-15,38000.00,38400.00,37050.00,37500.00,252347
31-Mar-15,36400.00,38950.00,36250.00,37850.00,726059
30-Mar-15,34950.00,36100.00,34650.00,36050.00,336711
27-Mar-15,34700.00,35000.00,34100.00,35000.00,229761
26-Mar-15,33550.00,34650.00,33550.00,34650.00,198106
25-Mar-15,34250.00,34400.00,33150.00,33950.00,224056
24-Mar-15,34700.00,34750.00,33850.00,34100.00,200096
23-Mar-15,33500.00,34750.00,33450.00,34750.00,344336
20-Mar-15,33350.00,33500.00,32900.00,33300.00,310836
19-Mar-15,33400.00,33600.00,33000.00,33300.00,205538
18-Mar-15,34800.00,34800.00,33250.00,33350.00,328382
17-Mar-15,34950.00,34950.00,34100.00,34500.00,193285
16-Mar-15,34700.00,34800.00,34100.00,34650.00,127445
13-Mar-15,33700.00,34750.00,33600.00,34700.00,216756
12-Mar-15,34000.00,34450.00,33400.00,33400.00,265575
11-Mar-15,35050.00,35200.00,34000.00,34150.00,229484
10-Mar-15,33700.00,35150.00,33650.00,35150.00,417043
9-Mar-15,33800.00,34250.00,33200.00,33800.00,288647
6-Mar-15,35000.00,35250.00,33800.00,33900.00,564576
5-Mar-15,35500.00,36150.00,35400.00,35850.00,222846
4-Mar-15,34600.00,35550.00,34300.00,35400.00,172959
3-Mar-15,35150.00,35400.00,34800.00,34800.00,174656
2-Mar-15,34650.00,35600.00,34550.00,35350.00,204079
27-Feb-15,34250.00,35300.00,34250.00,34750.00,354777
26-Feb-15,35800.00,36100.00,33900.00,34150.00,412942
25-Feb-15,36100.00,36500.00,35650.00,35700.00,137649
24-Feb-15,36150.00,36850.00,35950.00,36100.00,198433
23-Feb-15,37300.00,37750.00,36500.00,36700.00,206378
17-Feb-15,37200.00,38100.00,37200.00,37800.00,176228
16-Feb-15,36700.00,37500.00,35700.00,37150.00,143136
13-Feb-15,37200.00,37900.00,36100.00,36700.00,391223
12-Feb-15,37250.00,37950.00,37200.00,37550.00,191667
11-Feb-15,36850.00,38300.00,36850.00,38000.00,294049
10-Feb-15,36800.00,37200.00,35100.00,36850.00,409915
9-Feb-15,39150.00,39500.00,36250.00,36550.00,897445
6-Feb-15,40050.00,40550.00,39500.00,40050.00,182089
5-Feb-15,39400.00,40400.00,38900.00,40200.00,437862
4-Feb-15,40050.00,40200.00,38550.00,38550.00,225346
3-Feb-15,39050.00,40450.00,39000.00,39500.00,240509
2-Feb-15,39600.00,40100.00,39300.00,39500.00,122491
30-Jan-15,40950.00,40950.00,38700.00,40100.00,350807
29-Jan-15,40750.00,41050.00,40100.00,40600.00,117298
28-Jan-15,40500.00,41050.00,40200.00,40600.00,315169
27-Jan-15,40300.00,41400.00,39850.00,40550.00,398088
26-Jan-15,40000.00,40400.00,39650.00,40000.00,192651
23-Jan-15,39250.00,40200.00,38300.00,40000.00,352831
22-Jan-15,39250.00,40150.00,39200.00,39250.00,178416
21-Jan-15,39750.00,40300.00,39550.00,39600.00,198886
20-Jan-15,39900.00,41000.00,39000.00,40200.00,475062
19-Jan-15,41350.00,42300.00,39500.00,39950.00,678170
16-Jan-15,38700.00,38800.00,37950.00,38400.00,239674
15-Jan-15,36800.00,38500.00,36800.00,38300.00,247703
14-Jan-15,37100.00,38000.00,37100.00,37350.00,247459
13-Jan-15,36750.00,37750.00,35950.00,37100.00,388322
12-Jan-15,35700.00,37250.00,35500.00,36750.00,515248
9-Jan-15,34250.00,38100.00,34250.00,35900.00,1179169
8-Jan-15,32000.00,33850.00,32000.00,33850.00,277363
7-Jan-15,32100.00,32950.00,31900.00,32150.00,203622
6-Jan-15,32950.00,33150.00,31900.00,32450.00,260538
5-Jan-15,32450.00,33600.00,32400.00,33350.00,159143
2-Jan-15,32100.00,32900.00,32000.00,32900.00,141877
30-Dec-14,32350.00,33050.00,32150.00,32250.00,223682
29-Dec-14,33450.00,33750.00,32500.00,32600.00,327829
26-Dec-14,34100.00,34450.00,33900.00,34350.00,285966
24-Dec-14,33700.00,34100.00,33200.00,33900.00,262858
23-Dec-14,32400.00,33950.00,32400.00,33800.00,313820
22-Dec-14,32000.00,32550.00,31400.00,32200.00,436679
19-Dec-14,32850.00,32950.00,31800.00,32350.00,343027
18-Dec-14,33300.00,33600.00,31350.00,32400.00,749561
17-Dec-14,35300.00,35300.00,32800.00,33250.00,467974
16-Dec-14,34400.00,35900.00,34300.00,35300.00,511335
15-Dec-14,33500.00,33750.00,32500.00,33650.00,288534
12-Dec-14,33250.00,34200.00,33250.00,33600.00,221557
11-Dec-14,35000.00,35000.00,32950.00,33450.00,644042
10-Dec-14,34950.00,35500.00,34750.00,35200.00,158454
9-Dec-14,35100.00,35800.00,34750.00,34950.00,241214
8-Dec-14,36200.00,36250.00,35300.00,35450.00,409466
5-Dec-14,36100.00,37100.00,35750.00,35900.00,641442
4-Dec-14,39150.00,39150.00,33600.00,35400.00,1737388
3-Dec-14,37750.00,39200.00,37600.00,39200.00,133613
2-Dec-14,38250.00,38450.00,37700.00,37750.00,153208
1-Dec-14,37400.00,38400.00,37300.00,38250.00,109488
28-Nov-14,38900.00,39250.00,37700.00,37800.00,221924
27-Nov-14,39450.00,39550.00,38650.00,39250.00,165968
26-Nov-14,39350.00,39500.00,38850.00,39450.00,124135
25-Nov-14,39000.00,39850.00,39000.00,39250.00,155035
24-Nov-14,39000.00,39850.00,38900.00,39000.00,135009
21-Nov-14,39750.00,40200.00,38500.00,39000.00,284515
20-Nov-14,40300.00,40550.00,39800.00,39850.00,108173
19-Nov-14,40400.00,40800.00,39900.00,40400.00,186905
18-Nov-14,39050.00,40700.00,39000.00,40400.00,213056
17-Nov-14,39900.00,40400.00,38300.00,38750.00,334381
14-Nov-14,39950.00,40300.00,39500.00,39850.00,179893
13-Nov-14,38050.00,39900.00,37900.00,39900.00,276188
12-Nov-14,37000.00,39150.00,37000.00,38850.00,381585
11-Nov-14,36650.00,37500.00,36500.00,37400.00,173064
10-Nov-14,37000.00,37900.00,36500.00,36650.00,171050
7-Nov-14,38450.00,38500.00,36200.00,36850.00,550510
6-Nov-14,38900.00,39500.00,37800.00,38100.00,261406
5-Nov-14,37950.00,39550.00,37550.00,39200.00,383978
4-Nov-14,38300.00,38400.00,37000.00,37550.00,228127
3-Nov-14,38150.00,38700.00,38050.00,38250.00,117424
31-Oct-14,39000.00,39050.00,37850.00,38250.00,146745
30-Oct-14,39500.00,39900.00,38250.00,38850.00,264244
29-Oct-14,37950.00,39950.00,37800.00,39900.00,457650
28-Oct-14,37250.00,38100.00,37250.00,37750.00,134210
27-Oct-14,37250.00,37750.00,36850.00,37500.00,156793
24-Oct-14,38100.00,38200.00,37100.00,37250.00,157976
23-Oct-14,37350.00,37850.00,36700.00,37700.00,251455
22-Oct-14,37800.00,37900.00,37050.00,37350.00,244190
21-Oct-14,38000.00,38450.00,36750.00,37200.00,519250
20-Oct-14,36950.00,38700.00,36750.00,38300.00,324025
17-Oct-14,37700.00,37700.00,36450.00,36450.00,342912
16-Oct-14,36750.00,37900.00,36300.00,37250.00,483520
15-Oct-14,38250.00,38800.00,36850.00,36900.00,1019713
14-Oct-14,38750.00,39800.00,38550.00,38800.00,507419
13-Oct-14,39650.00,40450.00,38700.00,39300.00,440521
10-Oct-14,41550.00,41850.00,40200.00,40400.00,334260
8-Oct-14,41100.00,41850.00,40600.00,41550.00,245462
7-Oct-14,41400.00,42000.00,41200.00,41350.00,165584
6-Oct-14,41600.00,42150.00,41150.00,41750.00,312461
2-Oct-14,40100.00,42450.00,39800.00,42000.00,423977
1-Oct-14,42000.00,42050.00,40600.00,40600.00,316814
30-Sep-14,42500.00,42700.00,40900.00,41950.00,379489
29-Sep-14,42200.00,42700.00,42050.00,42100.00,193141
26-Sep-14,42300.00,42500.00,41750.00,42150.00,250170
25-Sep-14,42800.00,43300.00,42100.00,42550.00,201488
24-Sep-14,41150.00,42750.00,40850.00,42350.00,410793
23-Sep-14,42400.00,42400.00,41150.00,41400.00,384978
22-Sep-14,43900.00,43950.00,42200.00,42300.00,350060
19-Sep-14,43950.00,44300.00,43400.00,43600.00,354299
18-Sep-14,43450.00,43800.00,42750.00,43350.00,402368
17-Sep-14,44000.00,44600.00,43050.00,43450.00,323867
16-Sep-14,42300.00,44650.00,42300.00,44200.00,544309
15-Sep-14,43000.00,43200.00,42500.00,42500.00,243133
12-Sep-14,43000.00,43300.00,42300.00,42800.00,476546
11-Sep-14,43350.00,43800.00,42100.00,43000.00,1197117
5-Sep-14,43650.00,45000.00,43450.00,43900.00,415197
4-Sep-14,45000.00,45200.00,43400.00,43900.00,488776
3-Sep-14,44900.00,45500.00,44800.00,45000.00,456773
2-Sep-14,44650.00,45350.00,44650.00,45200.00,506779
1-Sep-14,45650.00,45900.00,44550.00,45000.00,304925
29-Aug-14,46000.00,46550.00,45100.00,45200.00,1205447
28-Aug-14,45900.00,45950.00,44850.00,44900.00,355955
27-Aug-14,46550.00,46700.00,45450.00,45600.00,474937
26-Aug-14,48900.00,48950.00,46900.00,47000.00,502828
25-Aug-14,45800.00,49600.00,45650.00,49150.00,436908
22-Aug-14,46450.00,47250.00,45850.00,45900.00,195217
21-Aug-14,45550.00,47600.00,45550.00,46450.00,238435
20-Aug-14,46300.00,46450.00,45550.00,45550.00,248767
19-Aug-14,44600.00,46450.00,43900.00,46000.00,604729
18-Aug-14,41750.00,44700.00,41700.00,44700.00,605226
14-Aug-14,41400.00,43100.00,40650.00,41750.00,571795
13-Aug-14,41300.00,42750.00,40900.00,42300.00,506029
12-Aug-14,42800.00,42850.00,41250.00,41500.00,258886
11-Aug-14,43450.00,43550.00,42350.00,42850.00,285490
8-Aug-14,42900.00,44050.00,42900.00,43600.00,306971
7-Aug-14,44050.00,44200.00,42900.00,42900.00,240348
6-Aug-14,42400.00,44250.00,42050.00,44050.00,377426
5-Aug-14,43000.00,43700.00,42150.00,42450.00,185572
4-Aug-14,44100.00,44550.00,42050.00,43000.00,455656
1-Aug-14,42200.00,44050.00,42000.00,43800.00,460932
31-Jul-14,42500.00,43500.00,42150.00,42850.00,274933
30-Jul-14,40000.00,43300.00,39200.00,43000.00,702427
29-Jul-14,40200.00,40850.00,39350.00,39900.00,306071
28-Jul-14,40500.00,41050.00,40300.00,40400.00,350917
25-Jul-14,41000.00,41200.00,40850.00,41050.00,222867
24-Jul-14,42000.00,42150.00,41000.00,41000.00,185988
23-Jul-14,43450.00,43450.00,41900.00,42150.00,268883
22-Jul-14,43900.00,44000.00,42850.00,43450.00,258535
21-Jul-14,44000.00,44050.00,42700.00,43600.00,266675
18-Jul-14,42500.00,44800.00,42450.00,43950.00,488048
17-Jul-14,41200.00,42350.00,41200.00,42350.00,213386
16-Jul-14,42500.00,42700.00,40750.00,40900.00,254650
15-Jul-14,41900.00,42550.00,41700.00,42200.00,262397
14-Jul-14,41650.00,41950.00,40000.00,41950.00,134667
11-Jul-14,40750.00,41500.00,39850.00,41500.00,303742
10-Jul-14,41600.00,41950.00,40950.00,40950.00,187274
9-Jul-14,42200.00,42550.00,41600.00,41950.00,202907
8-Jul-14,41150.00,42550.00,41150.00,42500.00,302069
7-Jul-14,41400.00,41550.00,40950.00,41300.00,233428
4-Jul-14,41900.00,42000.00,40850.00,41600.00,380415
3-Jul-14,43700.00,44200.00,42650.00,42750.00,245902
2-Jul-14,43200.00,43950.00,42750.00,43950.00,250875
1-Jul-14,41700.00,43500.00,41700.00,43200.00,313742
30-Jun-14,41450.00,42250.00,41450.00,41600.00,325232
27-Jun-14,41300.00,42600.00,41300.00,41450.00,356542
26-Jun-14,40200.00,41000.00,40150.00,40700.00,133776
25-Jun-14,40550.00,40550.00,39550.00,40100.00,142981
24-Jun-14,40000.00,40650.00,39950.00,40300.00,166263
23-Jun-14,40450.00,40450.00,39900.00,40000.00,128235
20-Jun-14,40000.00,40300.00,39500.00,40200.00,168921
19-Jun-14,39750.00,40300.00,39350.00,39800.00,251768
18-Jun-14,40850.00,40950.00,40100.00,40500.00,202014
17-Jun-14,39750.00,40750.00,39700.00,40500.00,178520
16-Jun-14,39650.00,40450.00,39450.00,39700.00,206457
13-Jun-14,39700.00,40250.00,39200.00,40100.00,227696
12-Jun-14,38150.00,39850.00,38100.00,39850.00,380163
11-Jun-14,39250.00,39700.00,37600.00,37950.00,419528
10-Jun-14,39000.00,39750.00,39000.00,39300.00,226325
9-Jun-14,40050.00,40100.00,39100.00,39400.00,245390
5-Jun-14,40400.00,40400.00,39400.00,40000.00,169025
3-Jun-14,40500.00,41100.00,39750.00,40100.00,106735
2-Jun-14,41200.00,41850.00,40000.00,40500.00,180910
30-May-14,40450.00,41950.00,40450.00,41150.00,333760
29-May-14,40200.00,40900.00,40100.00,40300.00,218960
28-May-14,41150.00,41300.00,39800.00,40050.00,368380
27-May-14,41550.00,41700.00,41250.00,41500.00,122230
26-May-14,40850.00,41800.00,40600.00,41700.00,198090
23-May-14,41000.00,41500.00,40600.00,40900.00,243740
22-May-14,41950.00,42050.00,41100.00,41300.00,197970
21-May-14,41500.00,42150.00,41500.00,41700.00,138780
20-May-14,42000.00,42450.00,41250.00,41950.00,131530
19-May-14,42700.00,43300.00,42250.00,42450.00,144380
16-May-14,42900.00,43200.00,42200.00,42300.00,221210
15-May-14,43900.00,44350.00,43050.00,43200.00,90600
14-May-14,44000.00,44500.00,43850.00,44200.00,126050
13-May-14,44000.00,44900.00,43800.00,44400.00,238120
12-May-14,42750.00,43750.00,42200.00,43250.00,120980
9-May-14,44800.00,44900.00,41700.00,42750.00,365000
8-May-14,44800.00,45400.00,44350.00,44600.00,207590
7-May-14,45000.00,45200.00,44250.00,44550.00,186140
2-May-14,43350.00,45000.00,43350.00,44850.00,258810
30-Apr-14,43000.00,44050.00,43000.00,43050.00,214390
29-Apr-14,43500.00,43950.00,43200.00,43600.00,154960
28-Apr-14,43000.00,44000.00,42750.00,43450.00,208590
25-Apr-14,42350.00,43400.00,42250.00,42700.00,291700
24-Apr-14,43650.00,43750.00,42100.00,42400.00,442660
23-Apr-14,44500.00,44650.00,43550.00,43700.00,354440
22-Apr-14,44600.00,45100.00,44200.00,44400.00,206790
21-Apr-14,44800.00,45100.00,44250.00,44400.00,118770
18-Apr-14,44150.00,45150.00,44150.00,44800.00,211400
17-Apr-14,44250.00,44650.00,43450.00,43850.00,236230
16-Apr-14,45100.00,45100.00,44050.00,44100.00,139980
15-Apr-14,46800.00,46800.00,44650.00,44800.00,352820
14-Apr-14,45100.00,45300.00,44600.00,44600.00,142150
11-Apr-14,44250.00,45400.00,44150.00,44950.00,211470
10-Apr-14,44400.00,45200.00,44150.00,44800.00,345300
9-Apr-14,44550.00,44700.00,43300.00,43600.00,279960
8-Apr-14,44200.00,45550.00,44200.00,44350.00,320470
7-Apr-14,44950.00,45950.00,43850.00,44850.00,322190
4-Apr-14,45300.00,45800.00,44600.00,44950.00,303290
3-Apr-14,46750.00,46850.00,45500.00,45850.00,200590
2-Apr-14,45500.00,46950.00,45200.00,46300.00,314910
1-Apr-14,43850.00,45950.00,43850.00,45000.00,279030
31-Mar-14,45150.00,45600.00,42500.00,43750.00,357570
28-Mar-14,44150.00,45850.00,43900.00,45150.00,227750
27-Mar-14,44400.00,44950.00,43400.00,43850.00,335330
26-Mar-14,44950.00,45300.00,43450.00,43850.00,414080
25-Mar-14,47850.00,48500.00,44800.00,44950.00,457250
24-Mar-14,48800.00,49600.00,47350.00,48600.00,365740
21-Mar-14,47500.00,48950.00,46400.00,48650.00,282920
20-Mar-14,46350.00,47550.00,45250.00,47500.00,310370
19-Mar-14,44800.00,46950.00,44700.00,46950.00,501690
18-Mar-14,43200.00,46100.00,43050.00,43950.00,462030
17-Mar-14,43550.00,43550.00,42300.00,43100.00,133490
14-Mar-14,42850.00,43600.00,42800.00,43400.00,125690
13-Mar-14,44400.00,44750.00,43050.00,43450.00,319140
12-Mar-14,45500.00,46000.00,44350.00,44400.00,235290
11-Mar-14,44650.00,46200.00,44650.00,45500.00,162110
10-Mar-14,44600.00,45550.00,44150.00,44850.00,246570
7-Mar-14,44800.00,45400.00,44350.00,44600.00,229840
6-Mar-14,43000.00,45000.00,42450.00,44800.00,266000
5-Mar-14,42700.00,43300.00,42200.00,42600.00,173290
4-Mar-14,43950.00,44350.00,42650.00,42650.00,149890
3-Mar-14,44000.00,44150.00,43250.00,43250.00,167280
28-Feb-14,43150.00,44000.00,42750.00,44000.00,254250
27-Feb-14,41800.00,43000.00,41050.00,42550.00,250790
26-Feb-14,41000.00,41850.00,40250.00,41850.00,546750
25-Feb-14,40150.00,45350.00,40100.00,42200.00,1162980
24-Feb-14,39750.00,39750.00,38850.00,39450.00,107160
21-Feb-14,40000.00,40100.00,39350.00,39350.00,179370
20-Feb-14,40800.00,41300.00,39350.00,39800.00,220540
19-Feb-14,40550.00,41700.00,40400.00,41000.00,249680
18-Feb-14,40350.00,41150.00,39800.00,40400.00,153850
17-Feb-14,40200.00,40650.00,39550.00,40500.00,237870
14-Feb-14,39800.00,40100.00,39050.00,39450.00,294370
13-Feb-14,41400.00,41450.00,39550.00,39600.00,706710
12-Feb-14,42000.00,42300.00,40700.00,40900.00,287060
11-Feb-14,42500.00,43150.00,41500.00,41500.00,179450
10-Feb-14,42550.00,43100.00,41350.00,42550.00,293680
7-Feb-14,42100.00,43500.00,42000.00,43100.00,247340
6-Feb-14,42900.00,43000.00,41700.00,42000.00,240390
5-Feb-14,43000.00,43550.00,42700.00,42900.00,220530
4-Feb-14,43800.00,43950.00,43100.00,43100.00,333070
3-Feb-14,42500.00,43950.00,42000.00,43850.00,290760
29-Jan-14,40450.00,42000.00,40000.00,41500.00,181560
28-Jan-14,40350.00,40600.00,39550.00,40400.00,220180
27-Jan-14,40000.00,40700.00,39700.00,40400.00,132360
24-Jan-14,39500.00,40900.00,39200.00,40900.00,266790
23-Jan-14,39850.00,40450.00,38800.00,39450.00,192600
22-Jan-14,39500.00,39850.00,38900.00,39850.00,183280
21-Jan-14,39350.00,39400.00,38850.00,39200.00,80230
20-Jan-14,38450.00,39600.00,38250.00,39350.00,197600
17-Jan-14,37350.00,38450.00,37100.00,37950.00,171050
16-Jan-14,38650.00,38650.00,37200.00,37250.00,253610
15-Jan-14,39000.00,39000.00,37200.00,38250.00,490270
14-Jan-14,39400.00,39600.00,38650.00,38850.00,178970
13-Jan-14,39200.00,39950.00,39200.00,39850.00,163140
10-Jan-14,39400.00,39800.00,38850.00,39500.00,290330
9-Jan-14,40950.00,41200.00,39000.00,39500.00,441890
8-Jan-14,38750.00,42900.00,38700.00,40900.00,365130
7-Jan-14,39000.00,39500.00,38450.00,38500.00,102830
6-Jan-14,39800.00,40100.00,38950.00,39000.00,93440
3-Jan-14,39700.00,40600.00,39700.00,39800.00,58310
2-Jan-14,40600.00,40650.00,40100.00,40350.00,46560
30-Dec-13,39500.00,40400.00,39000.00,40400.00,51310
27-Dec-13,39050.00,39700.00,38700.00,39300.00,100810
26-Dec-13,39500.00,39900.00,38850.00,39100.00,104000
24-Dec-13,39600.00,40100.00,39600.00,39650.00,74980
23-Dec-13,40550.00,40550.00,39250.00,39600.00,160210
20-Dec-13,40900.00,41300.00,40200.00,40200.00,55300
19-Dec-13,41050.00,41050.00,40150.00,41000.00,90610
18-Dec-13,39500.00,40500.00,39200.00,40250.00,104160
17-Dec-13,40400.00,40700.00,39200.00,39450.00,137970
16-Dec-13,38950.00,40250.00,38500.00,39750.00,154760
13-Dec-13,39400.00,39450.00,38100.00,38450.00,216020
12-Dec-13,40000.00,40050.00,39350.00,39400.00,242610
11-Dec-13,40450.00,40700.00,39750.00,40500.00,120140
10-Dec-13,40000.00,40700.00,39200.00,40700.00,187380
9-Dec-13,39900.00,40000.00,39300.00,40000.00,160440
6-Dec-13,39150.00,40100.00,38250.00,39750.00,247800
5-Dec-13,38700.00,39450.00,38700.00,38950.00,50640
4-Dec-13,39500.00,39700.00,38500.00,38800.00,67220
3-Dec-13,39700.00,40250.00,39150.00,39500.00,125170
2-Dec-13,40500.00,41250.00,39350.00,40000.00,323560
29-Nov-13,39550.00,40400.00,39450.00,40250.00,135460
28-Nov-13,38900.00,39650.00,38850.00,39600.00,222020
27-Nov-13,37700.00,39000.00,37700.00,38950.00,232700
26-Nov-13,38050.00,38200.00,37150.00,37550.00,178970
25-Nov-13,38250.00,38400.00,37450.00,37500.00,139110
22-Nov-13,37250.00,38350.00,37150.00,38250.00,144970
21-Nov-13,37850.00,38550.00,37250.00,37250.00,119870
20-Nov-13,36700.00,37850.00,36500.00,37500.00,134700
19-Nov-13,36500.00,37100.00,36000.00,36500.00,117370
18-Nov-13,37300.00,37600.00,36550.00,36700.00,79260
15-Nov-13,37400.00,37450.00,36600.00,36950.00,87030
14-Nov-13,36000.00,37300.00,36000.00,36950.00,75240
13-Nov-13,37700.00,37800.00,36050.00,36300.00,150870
12-Nov-13,35500.00,37300.00,35500.00,37300.00,143740
11-Nov-13,35950.00,36250.00,35500.00,35550.00,80330
8-Nov-13,37850.00,37850.00,35600.00,35900.00,350580
7-Nov-13,37400.00,38150.00,37200.00,37800.00,172550
6-Nov-13,38450.00,38700.00,37350.00,37400.00,310670
5-Nov-13,40000.00,40200.00,38250.00,38550.00,413310
4-Nov-13,38750.00,39400.00,38450.00,39150.00,100650
1-Nov-13,39200.00,39200.00,38400.00,38750.00,135380
31-Oct-13,39100.00,39300.00,38700.00,38700.00,55940
30-Oct-13,38750.00,39200.00,38500.00,39100.00,159050
29-Oct-13,39700.00,39700.00,38300.00,38300.00,229480
28-Oct-13,39800.00,39900.00,38750.00,39450.00,162340
25-Oct-13,39350.00,39650.00,38850.00,39400.00,289340
24-Oct-13,38650.00,39250.00,38000.00,39000.00,282800
23-Oct-13,39000.00,39950.00,38600.00,38700.00,391810
22-Oct-13,39000.00,40000.00,38700.00,39500.00,299100
21-Oct-13,38000.00,40000.00,37750.00,39000.00,458490
18-Oct-13,37150.00,37900.00,36850.00,37900.00,124440
17-Oct-13,37150.00,37450.00,36950.00,37150.00,158890
16-Oct-13,36200.00,37200.00,36100.00,37200.00,294160
15-Oct-13,36750.00,37100.00,35500.00,35900.00,274490
14-Oct-13,37100.00,37200.00,36000.00,36250.00,165840
11-Oct-13,37250.00,37600.00,36000.00,36700.00,329740
10-Oct-13,37000.00,37000.00,36450.00,36900.00,118760
8-Oct-13,36150.00,37000.00,36000.00,36750.00,219060
7-Oct-13,37500.00,37500.00,36250.00,36450.00,227520
4-Oct-13,35200.00,37000.00,35100.00,37000.00,481430
2-Oct-13,34550.00,35250.00,34450.00,34950.00,151460
1-Oct-13,34600.00,34950.00,33600.00,34450.00,201350
30-Sep-13,34900.00,35200.00,34300.00,34600.00,156520
27-Sep-13,34200.00,35200.00,33900.00,34650.00,363280
26-Sep-13,33350.00,34350.00,33350.00,34200.00,302420
25-Sep-13,33200.00,34000.00,33150.00,33700.00,270060
24-Sep-13,32300.00,33500.00,32300.00,33500.00,276170
23-Sep-13,34000.00,34150.00,32250.00,32250.00,414410
17-Sep-13,34750.00,34750.00,33800.00,34150.00,173110
16-Sep-13,33900.00,34750.00,33750.00,34650.00,179420
13-Sep-13,34100.00,34750.00,34050.00,34050.00,308990
12-Sep-13,33150.00,35000.00,33100.00,34550.00,548770
11-Sep-13,32700.00,33150.00,32400.00,32900.00,307210
10-Sep-13,33150.00,33450.00,32250.00,32450.00,358630
9-Sep-13,33700.00,33700.00,32750.00,33500.00,265870
6-Sep-13,34200.00,34300.00,33150.00,33300.00,272660
5-Sep-13,33850.00,34600.00,33550.00,34350.00,192410
4-Sep-13,34000.00,34100.00,33550.00,33900.00,145050
3-Sep-13,33750.00,33950.00,33100.00,33850.00,154230
2-Sep-13,32550.00,33850.00,32400.00,33700.00,295160
30-Aug-13,31750.00,32450.00,31750.00,32200.00,142930
29-Aug-13,31650.00,32050.00,31350.00,31950.00,160900
28-Aug-13,30300.00,32400.00,30300.00,31300.00,248830
27-Aug-13,31150.00,31400.00,30700.00,31100.00,135860
26-Aug-13,30000.00,31500.00,29900.00,31150.00,465100
23-Aug-13,30700.00,31050.00,29200.00,29650.00,569380
22-Aug-13,31250.00,31450.00,30550.00,30850.00,234870
21-Aug-13,32250.00,32450.00,31550.00,31800.00,254580
20-Aug-13,32600.00,32900.00,32200.00,32200.00,245160
19-Aug-13,31650.00,32800.00,31650.00,32800.00,277890
16-Aug-13,31600.00,32000.00,31300.00,32000.00,162470
14-Aug-13,31500.00,31800.00,30900.00,31750.00,111930
13-Aug-13,32000.00,32450.00,31000.00,31200.00,308560
12-Aug-13,32400.00,32400.00,31650.00,32150.00,176010
9-Aug-13,32650.00,32650.00,31700.00,31900.00,212180
8-Aug-13,32250.00,32500.00,31600.00,32450.00,248550
7-Aug-13,31300.00,32250.00,31050.00,31900.00,228160
6-Aug-13,31500.00,31500.00,31000.00,31150.00,133970
5-Aug-13,31100.00,31250.00,30750.00,31150.00,186250
2-Aug-13,31300.00,31650.00,30850.00,31100.00,269770
1-Aug-13,32000.00,32250.00,30800.00,31250.00,443370
31-Jul-13,32850.00,32900.00,31800.00,32000.00,373120
30-Jul-13,30900.00,33200.00,30800.00,33200.00,381500
29-Jul-13,32000.00,32000.00,30650.00,30650.00,374280
26-Jul-13,32150.00,32200.00,31400.00,31800.00,155950
25-Jul-13,32650.00,33100.00,31750.00,32100.00,249050
24-Jul-13,33250.00,33400.00,32700.00,32700.00,150500
23-Jul-13,33000.00,33450.00,32750.00,33250.00,111360
22-Jul-13,33950.00,33950.00,32550.00,33050.00,315680
19-Jul-13,34500.00,34600.00,33600.00,33950.00,260580
18-Jul-13,33550.00,34250.00,32750.00,33600.00,469720
17-Jul-13,31700.00,32900.00,31300.00,32400.00,376690
16-Jul-13,30600.00,31350.00,30500.00,31150.00,386460
15-Jul-13,33300.00,33300.00,30500.00,30500.00,965070
12-Jul-13,31800.00,33700.00,31650.00,33150.00,361170
11-Jul-13,31000.00,31800.00,31000.00,31600.00,385850
10-Jul-13,31500.00,31750.00,30200.00,30750.00,466850
9-Jul-13,32750.00,32800.00,30850.00,31200.00,570900
8-Jul-13,33850.00,33850.00,32600.00,32650.00,141590
5-Jul-13,34000.00,34050.00,33100.00,33550.00,121610
4-Jul-13,33000.00,33950.00,32800.00,33550.00,179460
3-Jul-13,34100.00,34650.00,32800.00,32950.00,252110
2-Jul-13,34150.00,34550.00,33900.00,34350.00,178970
1-Jul-13,34600.00,35250.00,33950.00,34000.00,204140
28-Jun-13,34000.00,35400.00,33300.00,35400.00,269120
27-Jun-13,32700.00,34050.00,32300.00,33450.00,279170
26-Jun-13,32450.00,32950.00,31850.00,32200.00,152360
25-Jun-13,33100.00,33550.00,30800.00,31900.00,444760
24-Jun-13,33900.00,34000.00,33050.00,33650.00,172720
21-Jun-13,33100.00,34000.00,32150.00,33600.00,260560
20-Jun-13,33200.00,34100.00,33150.00,33850.00,155360
19-Jun-13,34600.00,34700.00,33700.00,33850.00,172270
18-Jun-13,33800.00,35150.00,33300.00,34600.00,405210
17-Jun-13,35400.00,35400.00,33200.00,34000.00,470630
14-Jun-13,36550.00,36550.00,35150.00,35500.00,206100
13-Jun-13,36300.00,36450.00,35300.00,36000.00,78050
12-Jun-13,37600.00,37600.00,35500.00,36100.00,272090
11-Jun-13,37000.00,37900.00,36800.00,37900.00,177010
10-Jun-13,36500.00,37150.00,35900.00,36800.00,128670
7-Jun-13,36200.00,36300.00,35300.00,35800.00,171870
5-Jun-13,35550.00,36200.00,34900.00,36200.00,291710
4-Jun-13,36600.00,37050.00,35750.00,36200.00,209710
3-Jun-13,37000.00,37400.00,36100.00,36100.00,194060
31-May-13,38150.00,38200.00,36750.00,37000.00,260540
30-May-13,38100.00,38950.00,37250.00,37900.00,336160
29-May-13,38850.00,38900.00,38000.00,38500.00,197280
28-May-13,37250.00,38900.00,36750.00,38850.00,274050
27-May-13,36950.00,36950.00,36150.00,36850.00,171580
24-May-13,37700.00,37900.00,36850.00,37000.00,174340
23-May-13,38000.00,38000.00,37300.00,37500.00,163290
22-May-13,38000.00,38800.00,37850.00,38200.00,163560
21-May-13,38000.00,38450.00,37500.00,37800.00,183800
20-May-13,38150.00,38500.00,37550.00,37950.00,244130
16-May-13,36000.00,38000.00,35600.00,38000.00,166870
15-May-13,36100.00,36200.00,35250.00,35350.00,153260
14-May-13,36700.00,36700.00,35300.00,35850.00,299040
13-May-13,34700.00,36850.00,34700.00,36850.00,283460
10-May-13,35800.00,36300.00,34750.00,35000.00,257570
9-May-13,35850.00,35900.00,35100.00,35700.00,92680
8-May-13,35950.00,35950.00,34900.00,35650.00,240950
7-May-13,35100.00,35700.00,35000.00,35500.00,357040
6-May-13,34400.00,35250.00,34000.00,35100.00,396700
3-May-13,34400.00,34600.00,32250.00,33700.00,589020
2-May-13,34200.00,34650.00,33550.00,34150.00,118200
30-Apr-13,34900.00,35000.00,33450.00,34200.00,378520
29-Apr-13,33900.00,34750.00,33900.00,34750.00,283330
26-Apr-13,33750.00,34100.00,33100.00,33500.00,154070
25-Apr-13,34200.00,34600.00,33000.00,33200.00,272000
24-Apr-13,35100.00,35450.00,34000.00,34200.00,257700
23-Apr-13,34800.00,35550.00,34750.00,34750.00,214530
22-Apr-13,33550.00,35500.00,33550.00,34750.00,227510
19-Apr-13,33700.00,34400.00,33450.00,33450.00,219730
18-Apr-13,34700.00,34700.00,33600.00,34000.00,231370
17-Apr-13,33950.00,35950.00,33800.00,34700.00,393450
16-Apr-13,33000.00,33650.00,32700.00,33200.00,237290
15-Apr-13,32150.00,33500.00,31450.00,33400.00,318610
12-Apr-13,31250.00,32150.00,30800.00,31700.00,301290
11-Apr-13,30600.00,31150.00,30000.00,30600.00,315000
10-Apr-13,29700.00,31100.00,29600.00,30600.00,289100
9-Apr-13,29250.00,30400.00,29200.00,29850.00,275780
8-Apr-13,30000.00,30650.00,28800.00,29000.00,415360
5-Apr-13,31500.00,31550.00,29700.00,29700.00,440670
4-Apr-13,31300.00,31850.00,31000.00,31450.00,275810
3-Apr-13,31650.00,31900.00,31000.00,31750.00,203360
2-Apr-13,30000.00,31650.00,29950.00,31650.00,750620
1-Apr-13,31650.00,31650.00,29550.00,30000.00,1691460
29-Mar-13,32750.00,32750.00,32050.00,32300.00,129350
28-Mar-13,32450.00,32800.00,32100.00,32750.00,159800
27-Mar-13,32300.00,32350.00,31500.00,32050.00,139150
26-Mar-13,32300.00,32550.00,31150.00,32300.00,196930
25-Mar-13,33200.00,33250.00,32100.00,32300.00,204600
22-Mar-13,32700.00,32900.00,32300.00,32800.00,275160
21-Mar-13,31900.00,33350.00,31900.00,32700.00,528570
20-Mar-13,31400.00,31750.00,30650.00,31600.00,219700
19-Mar-13,31500.00,31700.00,30300.00,31450.00,252190
18-Mar-13,31000.00,31750.00,30850.00,31500.00,175120
15-Mar-13,31950.00,32000.00,31000.00,31400.00,223060
14-Mar-13,31550.00,31900.00,31300.00,31550.00,128050
13-Mar-13,31400.00,31850.00,31250.00,31500.00,314710
12-Mar-13,32200.00,32200.00,31050.00,31400.00,461150
11-Mar-13,30500.00,32050.00,30300.00,32050.00,485230
8-Mar-13,29300.00,31000.00,29300.00,30850.00,720640
7-Mar-13,29300.00,29600.00,29000.00,29550.00,284030
6-Mar-13,29150.00,29400.00,28650.00,29300.00,397740
5-Mar-13,28000.00,29100.00,27900.00,29100.00,558010
4-Mar-13,28100.00,28200.00,27900.00,27950.00,369950
28-Feb-13,28000.00,28200.00,27750.00,27750.00,384800
27-Feb-13,27550.00,27800.00,27000.00,27700.00,353770
26-Feb-13,27450.00,27700.00,27200.00,27350.00,318670
25-Feb-13,28300.00,28400.00,27200.00,27250.00,486740
22-Feb-13,27500.00,28300.00,27350.00,28300.00,396310
21-Feb-13,27300.00,27500.00,26900.00,27350.00,414380
20-Feb-13,27900.00,27900.00,27100.00,27300.00,705020
19-Feb-13,28500.00,28800.00,27400.00,27800.00,785330
18-Feb-13,28600.00,28900.00,28500.00,28550.00,160170
15-Feb-13,28650.00,28900.00,28400.00,28800.00,293830
14-Feb-13,27850.00,28550.00,27800.00,28500.00,483290
13-Feb-13,28100.00,28800.00,27350.00,27500.00,508860
12-Feb-13,29000.00,29100.00,28050.00,28250.00,156690
8-Feb-13,28850.00,29450.00,28550.00,28550.00,292290
7-Feb-13,30650.00,30650.00,28800.00,28850.00,457840
6-Feb-13,30300.00,30900.00,30100.00,30500.00,254440
5-Feb-13,30000.00,30800.00,30000.00,30150.00,222910
4-Feb-13,30900.00,31000.00,29950.00,30250.00,183920
1-Feb-13,31100.00,31100.00,30600.00,30800.00,174840
31-Jan-13,30400.00,30850.00,30200.00,30750.00,303380
30-Jan-13,29750.00,30400.00,29700.00,30100.00,143410
29-Jan-13,29450.00,30000.00,29350.00,29900.00,122820
28-Jan-13,29850.00,30150.00,29200.00,29700.00,199790
25-Jan-13,29750.00,30200.00,29550.00,29650.00,245250
24-Jan-13,30000.00,30250.00,29500.00,29500.00,176530
23-Jan-13,29750.00,30550.00,29700.00,30400.00,360000
22-Jan-13,29550.00,30000.00,29400.00,29500.00,208330
21-Jan-13,30850.00,30850.00,29550.00,29550.00,431680
18-Jan-13,30400.00,31100.00,30250.00,31000.00,190780
17-Jan-13,30200.00,30650.00,29800.00,30350.00,200330
16-Jan-13,30750.00,31350.00,29850.00,30100.00,388630
15-Jan-13,31750.00,31950.00,30300.00,31000.00,304590
14-Jan-13,32000.00,32100.00,31600.00,32100.00,337800
11-Jan-13,31600.00,31850.00,30950.00,31450.00,241590
10-Jan-13,30700.00,31300.00,30150.00,31300.00,325650
9-Jan-13,30300.00,31050.00,30150.00,30200.00,304680
8-Jan-13,30200.00,30400.00,29650.00,29900.00,274180
7-Jan-13,29900.00,30500.00,29600.00,30300.00,306320
4-Jan-13,28850.00,29800.00,28350.00,29700.00,333440
3-Jan-13,29050.00,29500.00,28500.00,28550.00,389350
2-Jan-13,28850.00,29350.00,28850.00,29250.00,139990
28-Dec-12,29200.00,29450.00,28650.00,28650.00,205210
27-Dec-12,29500.00,29500.00,28900.00,29300.00,130840
26-Dec-12,29950.00,30200.00,29700.00,29800.00,392270
24-Dec-12,28800.00,29900.00,28800.00,29850.00,146100
21-Dec-12,28400.00,29300.00,28150.00,29000.00,292360
20-Dec-12,29600.00,29850.00,28200.00,28400.00,602740
18-Dec-12,29700.00,29700.00,28550.00,29600.00,420860
17-Dec-12,29050.00,29700.00,28650.00,29700.00,264430
14-Dec-12,28950.00,29400.00,28450.00,29000.00,354260
13-Dec-12,28650.00,29700.00,28600.00,29200.00,284930
12-Dec-12,28300.00,28800.00,27900.00,28500.00,278720
11-Dec-12,29550.00,30000.00,27850.00,28250.00,462950
10-Dec-12,29350.00,30150.00,28950.00,29950.00,197240
7-Dec-12,29300.00,30000.00,28300.00,29100.00,382690
6-Dec-12,31250.00,31500.00,29350.00,29700.00,495220
5-Dec-12,32650.00,32650.00,31100.00,31150.00,212350
4-Dec-12,32450.00,32750.00,31850.00,32350.00,219170
3-Dec-12,31150.00,32300.00,30850.00,32250.00,397740
30-Nov-12,29950.00,31150.00,29900.00,30950.00,327320
29-Nov-12,30500.00,30950.00,29650.00,30050.00,436500
28-Nov-12,29900.00,30200.00,28750.00,30100.00,348250
27-Nov-12,31200.00,31700.00,29600.00,29900.00,326410
26-Nov-12,30500.00,31650.00,30500.00,31100.00,299330
23-Nov-12,31250.00,31250.00,30150.00,30850.00,260620
22-Nov-12,31100.00,31400.00,30100.00,30900.00,280650
21-Nov-12,31600.00,32350.00,30900.00,31100.00,276290
20-Nov-12,32350.00,32400.00,31300.00,31500.00,218760
19-Nov-12,31100.00,32300.00,30950.00,31850.00,288380
16-Nov-12,32100.00,32150.00,31000.00,31050.00,343790
15-Nov-12,30950.00,31950.00,30550.00,31950.00,300580
14-Nov-12,31650.00,32000.00,30650.00,31550.00,302380
13-Nov-12,32200.00,32400.00,31550.00,32000.00,161300
12-Nov-12,31200.00,32300.00,31100.00,32200.00,207230
9-Nov-12,31200.00,31750.00,31000.00,31400.00,250460
8-Nov-12,30450.00,31500.00,30150.00,31400.00,344820
7-Nov-12,31000.00,31300.00,30100.00,30500.00,461800
6-Nov-12,32600.00,32600.00,30900.00,31000.00,571170
5-Nov-12,31600.00,32500.00,31500.00,32500.00,279800
2-Nov-12,31100.00,31950.00,30400.00,31450.00,400420
1-Nov-12,30500.00,31650.00,29700.00,30400.00,448500
31-Oct-12,30700.00,30800.00,29850.00,30700.00,194970
30-Oct-12,30250.00,30650.00,29650.00,30650.00,566380
29-Oct-12,29600.00,30450.00,29500.00,30450.00,785640
26-Oct-12,28400.00,29500.00,27900.00,29350.00,537290
25-Oct-12,29300.00,29650.00,28100.00,28250.00,401420
24-Oct-12,29300.00,30000.00,28700.00,29400.00,230670
23-Oct-12,29350.00,29750.00,28900.00,29300.00,477020
22-Oct-12,27400.00,29950.00,27300.00,29600.00,748310
19-Oct-12,26900.00,28150.00,26200.00,28150.00,602990
18-Oct-12,28500.00,28850.00,26650.00,26900.00,698230
17-Oct-12,29400.00,29850.00,28150.00,28450.00,600010
16-Oct-12,29250.00,30050.00,27900.00,29400.00,992490
15-Oct-12,30150.00,30650.00,29650.00,29650.00,787990
12-Oct-12,28600.00,30050.00,28400.00,29850.00,834730
11-Oct-12,28550.00,29050.00,27900.00,28350.00,766560
10-Oct-12,29650.00,29800.00,28400.00,28950.00,473630
9-Oct-12,30500.00,30500.00,29450.00,29800.00,395320
8-Oct-12,29700.00,30450.00,29200.00,30450.00,961130
5-Oct-12,30900.00,30900.00,29850.00,30250.00,378220
4-Oct-12,31000.00,31100.00,29850.00,30650.00,371320
2-Oct-12,29600.00,30700.00,29600.00,30400.00,251240
28-Sep-12,30500.00,30550.00,29200.00,29350.00,424660
27-Sep-12,29450.00,30500.00,28500.00,30500.00,375630
26-Sep-12,29350.00,30050.00,29350.00,29800.00,164140
25-Sep-12,31600.00,31600.00,29450.00,29650.00,523120
24-Sep-12,30900.00,31900.00,30800.00,31150.00,593700
21-Sep-12,30500.00,30900.00,30000.00,30650.00,750970
20-Sep-12,29900.00,31100.00,29850.00,30800.00,555690
19-Sep-12,29150.00,29750.00,29100.00,29600.00,318170
18-Sep-12,29600.00,30200.00,28900.00,29000.00,460600
17-Sep-12,28100.00,29550.00,27800.00,29300.00,359940
14-Sep-12,29300.00,29450.00,28000.00,28100.00,517850
13-Sep-12,29550.00,29600.00,28800.00,29400.00,132110
12-Sep-12,28900.00,29550.00,28800.00,29200.00,387420
11-Sep-12,28500.00,29200.00,28150.00,28550.00,313410
10-Sep-12,27700.00,28700.00,27700.00,28500.00,192500
7-Sep-12,28250.00,28400.00,27600.00,28000.00,319800
6-Sep-12,27900.00,28150.00,27450.00,28000.00,240260
5-Sep-12,28150.00,28200.00,26850.00,27500.00,347260
4-Sep-12,27900.00,28400.00,27600.00,27900.00,281490
3-Sep-12,28500.00,29200.00,27750.00,28100.00,729280
31-Aug-12,27200.00,29550.00,27200.00,28850.00,1020570
30-Aug-12,26650.00,27350.00,26350.00,27200.00,445660
29-Aug-12,27500.00,27500.00,26300.00,26650.00,588890
28-Aug-12,27550.00,28050.00,27100.00,27450.00,273400
27-Aug-12,27050.00,27700.00,26950.00,27550.00,164080
24-Aug-12,26800.00,27900.00,26550.00,26850.00,563530
23-Aug-12,27200.00,27200.00,26650.00,26950.00,433650
22-Aug-12,25800.00,27300.00,25750.00,27200.00,564110
21-Aug-12,26200.00,26300.00,25550.00,25700.00,403350
20-Aug-12,24600.00,26100.00,24400.00,26100.00,400270
17-Aug-12,24300.00,24950.00,24000.00,24300.00,521350
16-Aug-12,23450.00,24250.00,23300.00,24050.00,454500
14-Aug-12,23550.00,23600.00,23250.00,23300.00,199340
13-Aug-12,23700.00,23700.00,23300.00,23450.00,186740
10-Aug-12,23400.00,23700.00,23250.00,23650.00,297680
9-Aug-12,24200.00,24300.00,23350.00,23350.00,642530
8-Aug-12,24450.00,24850.00,24050.00,24200.00,266500
7-Aug-12,23550.00,24650.00,23550.00,24650.00,342800
6-Aug-12,23700.00,24000.00,22950.00,23500.00,649260
3-Aug-12,23000.00,23950.00,23000.00,23650.00,246210
2-Aug-12,24500.00,24800.00,23450.00,23450.00,382110
1-Aug-12,24400.00,25000.00,24200.00,24600.00,341610
31-Jul-12,24450.00,25000.00,24150.00,24250.00,406360
30-Jul-12,25150.00,25150.00,24000.00,24150.00,459970
27-Jul-12,25900.00,26200.00,25050.00,25050.00,418590
26-Jul-12,24800.00,26050.00,24600.00,25900.00,638150
25-Jul-12,23500.00,24950.00,23100.00,24300.00,392930
24-Jul-12,24250.00,24500.00,22800.00,23800.00,959020
23-Jul-12,24550.00,25300.00,24250.00,24400.00,388620
20-Jul-12,25600.00,25600.00,24800.00,24900.00,350660
19-Jul-12,24300.00,25550.00,24300.00,25400.00,642560
18-Jul-12,23400.00,24350.00,23200.00,24300.00,969500
17-Jul-12,23250.00,23450.00,22850.00,23100.00,191330
16-Jul-12,23850.00,24350.00,23050.00,23100.00,395400
13-Jul-12,23400.00,23850.00,22600.00,23500.00,656990
12-Jul-12,23700.00,23950.00,23100.00,23200.00,393250
11-Jul-12,23200.00,24050.00,23200.00,23950.00,331240
10-Jul-12,23600.00,23750.00,23000.00,23150.00,218060
9-Jul-12,22650.00,23550.00,22350.00,23350.00,304860
6-Jul-12,23000.00,23050.00,22250.00,22650.00,147490
5-Jul-12,22850.00,23200.00,22650.00,22950.00,266200
4-Jul-12,22800.00,23050.00,22450.00,22700.00,306000
3-Jul-12,22900.00,23200.00,22700.00,22850.00,206090
2-Jul-12,23200.00,23300.00,22900.00,22950.00,232860
29-Jun-12,23250.00,23700.00,22900.00,23600.00,338530
28-Jun-12,22750.00,23200.00,22350.00,22750.00,260250
27-Jun-12,22500.00,23250.00,22350.00,22950.00,664180
26-Jun-12,21600.00,22550.00,21400.00,22150.00,408320
25-Jun-12,21800.00,21850.00,21350.00,21400.00,114620
22-Jun-12,21300.00,21650.00,21300.00,21400.00,211910
21-Jun-12,21900.00,22350.00,21650.00,21650.00,227060
20-Jun-12,21950.00,22000.00,21700.00,21700.00,76400
19-Jun-12,21450.00,21950.00,21300.00,21950.00,164360
18-Jun-12,21200.00,21550.00,21050.00,21500.00,148520
15-Jun-12,20950.00,21450.00,20900.00,20900.00,308210
14-Jun-12,20900.00,21050.00,20650.00,20900.00,295770
13-Jun-12,21350.00,21350.00,20400.00,20550.00,508210
12-Jun-12,21200.00,21500.00,21050.00,21150.00,211120
11-Jun-12,21800.00,21900.00,21200.00,21450.00,245720
8-Jun-12,22450.00,22500.00,21400.00,21700.00,276110
7-Jun-12,22000.00,23250.00,21900.00,22350.00,263360
5-Jun-12,22300.00,22300.00,21400.00,22050.00,121000
4-Jun-12,21900.00,22600.00,21550.00,21850.00,124730
1-Jun-12,23000.00,23250.00,22600.00,22600.00,99290
31-May-12,22400.00,23050.00,22400.00,22800.00,129090
30-May-12,22200.00,22950.00,22050.00,22900.00,85490
29-May-12,22850.00,23100.00,22300.00,22300.00,178440
25-May-12,23600.00,23700.00,22850.00,22900.00,209410
24-May-12,22750.00,23400.00,22750.00,23100.00,199000
23-May-12,23200.00,23300.00,22800.00,23100.00,234250
22-May-12,22350.00,23300.00,22350.00,23300.00,304390
21-May-12,21900.00,22050.00,21350.00,21900.00,207150
18-May-12,21450.00,21550.00,20850.00,21050.00,270430
17-May-12,23000.00,23000.00,21500.00,21700.00,489480
16-May-12,23200.00,23200.00,22400.00,22900.00,103350
15-May-12,23500.00,23750.00,22650.00,23150.00,184630
14-May-12,23150.00,23750.00,22600.00,23750.00,156330
11-May-12,23650.00,23850.00,22900.00,23350.00,184910
10-May-12,24000.00,24250.00,23500.00,23850.00,273440
9-May-12,23500.00,24150.00,23350.00,23600.00,543960
8-May-12,23550.00,24100.00,23200.00,23550.00,359530
7-May-12,23400.00,23550.00,22250.00,23000.00,614740
4-May-12,23500.00,24050.00,23350.00,23600.00,398180
3-May-12,23350.00,23700.00,23150.00,23550.00,207880
2-May-12,23600.00,23750.00,22950.00,23200.00,255790
30-Apr-12,23900.00,24000.00,23050.00,23750.00,289950
27-Apr-12,24000.00,24400.00,23500.00,23600.00,339210
26-Apr-12,22900.00,24100.00,22900.00,24100.00,511200
25-Apr-12,22050.00,23100.00,22000.00,22850.00,225420
24-Apr-12,22400.00,22500.00,21800.00,21950.00,170200
23-Apr-12,22950.00,22950.00,22350.00,22500.00,187240
20-Apr-12,22600.00,22850.00,22300.00,22550.00,76530
19-Apr-12,22300.00,22850.00,22200.00,22850.00,283440
18-Apr-12,22650.00,22700.00,22000.00,22000.00,133440
17-Apr-12,22800.00,22850.00,22050.00,22400.00,305360
16-Apr-12,22250.00,23000.00,22050.00,22950.00,940680
13-Apr-12,22050.00,22300.00,21850.00,22000.00,385390
12-Apr-12,21700.00,22000.00,21500.00,21800.00,440900
10-Apr-12,20750.00,21550.00,20750.00,21400.00,296490
9-Apr-12,21050.00,21100.00,20550.00,20750.00,66470
6-Apr-12,21150.00,21350.00,20750.00,21050.00,179760
5-Apr-12,20700.00,21350.00,20500.00,21100.00,120210
4-Apr-12,21400.00,21400.00,20450.00,20900.00,220230
3-Apr-12,21550.00,21750.00,20750.00,21350.00,312980
2-Apr-12,21950.00,22050.00,21450.00,21650.00,238930
30-Mar-12,22050.00,22100.00,21500.00,21850.00,438640
29-Mar-12,21300.00,22000.00,21250.00,21850.00,551350
28-Mar-12,20950.00,21400.00,20900.00,21200.00,146150
27-Mar-12,20800.00,21050.00,20450.00,20750.00,131430
26-Mar-12,20800.00,20900.00,20400.00,20650.00,133900
23-Mar-12,21300.00,21350.00,20550.00,20700.00,241440
22-Mar-12,21550.00,21600.00,21000.00,21400.00,424490
21-Mar-12,21000.00,21600.00,20600.00,21400.00,942450
20-Mar-12,20050.00,20700.00,19900.00,20700.00,563830
19-Mar-12,19700.00,20200.00,19650.00,19650.00,201410
16-Mar-12,19700.00,20000.00,19350.00,19650.00,141910
15-Mar-12,19800.00,20050.00,19350.00,19900.00,360000
14-Mar-12,19850.00,20100.00,19650.00,19750.00,231170
13-Mar-12,19800.00,20100.00,19600.00,19850.00,164380
12-Mar-12,20100.00,20300.00,19600.00,19600.00,206840
9-Mar-12,20250.00,20250.00,19600.00,19800.00,204510
8-Mar-12,20500.00,20500.00,19950.00,20250.00,157200
7-Mar-12,19700.00,20500.00,19650.00,20250.00,292050
6-Mar-12,20200.00,20250.00,19700.00,19950.00,289520
5-Mar-12,20000.00,20300.00,19700.00,20150.00,441570
2-Mar-12,18800.00,19900.00,18600.00,19900.00,775260
29-Feb-12,19350.00,19350.00,18500.00,18750.00,875010
28-Feb-12,20000.00,20200.00,18950.00,19150.00,584370
27-Feb-12,20450.00,20450.00,19850.00,19950.00,196950
24-Feb-12,20700.00,20700.00,20100.00,20350.00,192900
23-Feb-12,20900.00,20900.00,20150.00,20600.00,213640
22-Feb-12,20600.00,20800.00,20200.00,20750.00,167550
21-Feb-12,20650.00,21150.00,20200.00,20600.00,309110
20-Feb-12,20800.00,20900.00,20400.00,20650.00,135630
17-Feb-12,20950.00,20950.00,20300.00,20600.00,238830
16-Feb-12,20500.00,21150.00,20350.00,20450.00,528440
15-Feb-12,19700.00,20600.00,19550.00,20550.00,894300
14-Feb-12,19300.00,19650.00,19050.00,19500.00,197720
13-Feb-12,19250.00,19600.00,18950.00,19200.00,335550
10-Feb-12,18700.00,19100.00,18700.00,18850.00,226460
9-Feb-12,19350.00,19500.00,18500.00,18650.00,501910
8-Feb-12,19700.00,19800.00,19050.00,19350.00,422070
7-Feb-12,19500.00,19900.00,19250.00,19700.00,210150
6-Feb-12,19400.00,19450.00,19150.00,19350.00,151450
3-Feb-12,19000.00,19400.00,19000.00,19250.00,231270
2-Feb-12,19550.00,19600.00,18950.00,19200.00,541630
1-Feb-12,19950.00,20000.00,19050.00,19350.00,369620
31-Jan-12,19500.00,19900.00,19500.00,19900.00,302850
30-Jan-12,19350.00,19900.00,19350.00,19600.00,669600
27-Jan-12,19350.00,19450.00,18850.00,19400.00,392560
26-Jan-12,19450.00,19500.00,19150.00,19200.00,342620
25-Jan-12,19050.00,19550.00,18750.00,19400.00,767970
20-Jan-12,18800.00,19000.00,18700.00,18950.00,553630
19-Jan-12,18750.00,18900.00,18450.00,18650.00,499000
18-Jan-12,18200.00,18700.00,18050.00,18500.00,884220
17-Jan-12,17900.00,18100.00,17700.00,17900.00,880820
16-Jan-12,17550.00,18000.00,17400.00,17750.00,649310
13-Jan-12,17950.00,18000.00,17500.00,17500.00,396460
12-Jan-12,17800.00,17900.00,17550.00,17900.00,415190
11-Jan-12,17350.00,17750.00,17100.00,17750.00,678540
10-Jan-12,17450.00,17750.00,17150.00,17200.00,669220
9-Jan-12,17800.00,17850.00,17500.00,17600.00,232710
6-Jan-12,18150.00,18300.00,17700.00,18000.00,289220
5-Jan-12,18500.00,18550.00,18050.00,18100.00,206280
4-Jan-12,18150.00,18550.00,18050.00,18400.00,433720
3-Jan-12,18300.00,18500.00,18000.00,18050.00,424350
2-Jan-12,18550.00,19300.00,18400.00,18400.00,640190
29-Dec-11,17000.00,18350.00,16550.00,18200.00,924460
28-Dec-11,17600.00,17700.00,16450.00,17000.00,794040
27-Dec-11,18200.00,18300.00,17750.00,18050.00,294540
26-Dec-11,18200.00,18250.00,18000.00,18200.00,219530
23-Dec-11,17750.00,18100.00,17700.00,18100.00,357300
22-Dec-11,17650.00,17700.00,17300.00,17650.00,236900
21-Dec-11,17700.00,18000.00,17550.00,17650.00,401840
20-Dec-11,16950.00,17500.00,16750.00,17500.00,462600
19-Dec-11,17500.00,17500.00,16000.00,16900.00,844010
16-Dec-11,18300.00,18450.00,17100.00,17300.00,1589110
15-Dec-11,18900.00,18900.00,18200.00,18250.00,376950
14-Dec-11,19000.00,19150.00,18650.00,19000.00,272280
13-Dec-11,19000.00,19250.00,18850.00,19000.00,473510
12-Dec-11,18850.00,19250.00,18800.00,19000.00,569270
9-Dec-11,18300.00,19000.00,18250.00,18650.00,429130
8-Dec-11,18850.00,18950.00,18500.00,18500.00,247350
7-Dec-11,18550.00,18900.00,18550.00,18800.00,389190
6-Dec-11,18750.00,18750.00,18300.00,18450.00,231640
5-Dec-11,18400.00,18700.00,18300.00,18700.00,266750
2-Dec-11,18450.00,18450.00,18200.00,18300.00,272270
1-Dec-11,18700.00,18800.00,18150.00,18250.00,613610
30-Nov-11,18550.00,18900.00,18100.00,18300.00,553260
29-Nov-11,18900.00,18950.00,18350.00,18450.00,526720
28-Nov-11,18000.00,19100.00,18000.00,18700.00,702690
25-Nov-11,18100.00,18400.00,17550.00,17900.00,360500
24-Nov-11,17650.00,18350.00,17550.00,18200.00,355140
23-Nov-11,18700.00,18750.00,17900.00,17900.00,335220
22-Nov-11,18000.00,18550.00,17950.00,18550.00,341670
21-Nov-11,18100.00,18350.00,17850.00,18250.00,465400
18-Nov-11,17900.00,18150.00,17750.00,17950.00,339530
17-Nov-11,18400.00,18500.00,17850.00,18200.00,591870
16-Nov-11,18950.00,19300.00,18200.00,18500.00,577280
15-Nov-11,19300.00,19800.00,18950.00,19200.00,421540
14-Nov-11,19900.00,20050.00,19350.00,19700.00,740940
11-Nov-11,18800.00,19700.00,18450.00,19700.00,940250
10-Nov-11,17900.00,19100.00,17800.00,18400.00,1289660
9-Nov-11,18350.00,18700.00,18150.00,18350.00,538400
8-Nov-11,18700.00,18950.00,18050.00,18150.00,799330
7-Nov-11,18800.00,18950.00,18350.00,18750.00,514340
4-Nov-11,18900.00,19050.00,18500.00,18650.00,982710
3-Nov-11,19450.00,19700.00,18500.00,18600.00,1167690
2-Nov-11,19850.00,19850.00,18950.00,19450.00,1283650
1-Nov-11,19950.00,20650.00,19800.00,20400.00,368380
31-Oct-11,20800.00,20800.00,19750.00,20000.00,425060
28-Oct-11,20800.00,21150.00,20300.00,20400.00,566590
27-Oct-11,21350.00,21400.00,20450.00,20800.00,560810
26-Oct-11,20900.00,21300.00,20350.00,21100.00,517670
25-Oct-11,20500.00,21400.00,20300.00,20900.00,1191060
24-Oct-11,20500.00,20550.00,19900.00,20100.00,606640
21-Oct-11,19950.00,20500.00,19700.00,20000.00,508060
20-Oct-11,20000.00,20500.00,19500.00,19550.00,602370
19-Oct-11,19550.00,20000.00,19200.00,19800.00,442880
18-Oct-11,19000.00,19550.00,18800.00,19400.00,269540
17-Oct-11,20100.00,20300.00,19250.00,19350.00,1265460
14-Oct-11,20300.00,20350.00,19750.00,20100.00,580460
13-Oct-11,19850.00,20650.00,19750.00,20250.00,529810
12-Oct-11,19200.00,20450.00,18750.00,19650.00,662000
11-Oct-11,19300.00,19650.00,19100.00,19100.00,573850
10-Oct-11,18650.00,19250.00,18650.00,19250.00,760610
7-Oct-11,17800.00,19050.00,17750.00,18800.00,1315830
6-Oct-11,17650.00,18100.00,16450.00,17500.00,2327970
5-Oct-11,20250.00,20300.00,17000.00,17000.00,2222520
4-Oct-11,20100.00,20200.00,19600.00,20000.00,802880
30-Sep-11,21300.00,21450.00,20350.00,20850.00,3133490
29-Sep-11,22700.00,22950.00,19350.00,20100.00,3629880
28-Sep-11,23400.00,23450.00,21750.00,22750.00,868290
27-Sep-11,23350.00,23400.00,22700.00,23100.00,459600
26-Sep-11,24000.00,24050.00,21500.00,22500.00,501930
23-Sep-11,23500.00,24050.00,22800.00,23500.00,612190
22-Sep-11,24200.00,25000.00,24100.00,24250.00,683780
21-Sep-11,24200.00,24900.00,24000.00,24750.00,733970
20-Sep-11,23550.00,24000.00,23350.00,23950.00,257780
19-Sep-11,24000.00,24450.00,23600.00,23900.00,342580
16-Sep-11,23700.00,24150.00,22750.00,24150.00,677180
15-Sep-11,23550.00,24000.00,22950.00,23450.00,519990
14-Sep-11,24400.00,24400.00,22850.00,23050.00,494380
9-Sep-11,23850.00,24550.00,23250.00,24000.00,868970
8-Sep-11,23550.00,23650.00,23050.00,23500.00,315620
7-Sep-11,22550.00,23800.00,22100.00,23500.00,1148120
6-Sep-11,22100.00,22500.00,21650.00,22150.00,585800
5-Sep-11,22300.00,22950.00,22300.00,22350.00,769650
2-Sep-11,22100.00,22900.00,21900.00,22400.00,797770
1-Sep-11,22550.00,22650.00,21950.00,22100.00,675130
31-Aug-11,22550.00,22800.00,22050.00,22300.00,740020
30-Aug-11,21500.00,23300.00,21100.00,22550.00,1170280
29-Aug-11,20900.00,21400.00,20400.00,21200.00,779140
26-Aug-11,20900.00,21350.00,19850.00,20500.00,624690
25-Aug-11,22000.00,22400.00,20850.00,21600.00,438300
24-Aug-11,21550.00,21800.00,21200.00,21800.00,650390
23-Aug-11,23300.00,23300.00,20900.00,21550.00,1234970
22-Aug-11,23800.00,24450.00,21500.00,23000.00,415890
19-Aug-11,23700.00,25600.00,23500.00,24000.00,576350
18-Aug-11,23700.00,24900.00,23200.00,24500.00,641940
17-Aug-11,23300.00,23700.00,23100.00,23600.00,305730
16-Aug-11,23500.00,23550.00,23000.00,23400.00,322170
12-Aug-11,22150.00,23000.00,22000.00,22950.00,652230
11-Aug-11,20350.00,22150.00,20350.00,22150.00,294420
10-Aug-11,22300.00,22400.00,21500.00,21500.00,409880
9-Aug-11,21700.00,21700.00,19600.00,21400.00,821710
8-Aug-11,22350.00,22750.00,20500.00,21850.00,381280
5-Aug-11,22700.00,22900.00,21400.00,22250.00,591130
4-Aug-11,23600.00,23950.00,23050.00,23100.00,239720
3-Aug-11,23550.00,24050.00,23450.00,23550.00,457900
2-Aug-11,23500.00,24200.00,23450.00,23800.00,336410
1-Aug-11,23500.00,23650.00,23200.00,23400.00,257540
29-Jul-11,23650.00,23700.00,22600.00,23350.00,448860
28-Jul-11,22950.00,23650.00,22950.00,23650.00,159250
27-Jul-11,23250.00,23700.00,22900.00,23400.00,355960
26-Jul-11,22800.00,23200.00,22500.00,22850.00,386220
25-Jul-11,22700.00,23250.00,22700.00,23000.00,246400
22-Jul-11,23300.00,23300.00,22350.00,23000.00,365000
21-Jul-11,23450.00,23500.00,22650.00,23000.00,484940
20-Jul-11,22500.00,23650.00,22300.00,23650.00,1006200
19-Jul-11,22200.00,22700.00,22050.00,22050.00,817230
18-Jul-11,22100.00,22200.00,21500.00,21700.00,401430
15-Jul-11,21600.00,22300.00,21450.00,22100.00,506790
14-Jul-11,22000.00,22100.00,21700.00,21700.00,353740
13-Jul-11,21950.00,22150.00,21450.00,22100.00,265900
12-Jul-11,22050.00,22400.00,21750.00,21950.00,427750
11-Jul-11,21050.00,22200.00,20950.00,22200.00,425100
8-Jul-11,21600.00,21800.00,21400.00,21400.00,357850
7-Jul-11,22200.00,22200.00,21550.00,21600.00,644680
6-Jul-11,21400.00,21700.00,21100.00,21600.00,583190
5-Jul-11,21400.00,21600.00,21000.00,21100.00,435010
4-Jul-11,21200.00,21350.00,20900.00,21100.00,791470
1-Jul-11,20500.00,21400.00,20300.00,21100.00,1014400
30-Jun-11,19300.00,20400.00,19300.00,20250.00,902780
29-Jun-11,18750.00,19350.00,18550.00,19150.00,332410
28-Jun-11,19500.00,19950.00,18500.00,18500.00,613180
27-Jun-11,19500.00,19650.00,19050.00,19200.00,271490
24-Jun-11,19350.00,19600.00,19000.00,19450.00,304540
23-Jun-11,19800.00,20150.00,19300.00,19300.00,790370
22-Jun-11,19200.00,19750.00,18900.00,19300.00,433450
21-Jun-11,19200.00,19300.00,18700.00,18950.00,446790
20-Jun-11,19100.00,19450.00,18750.00,19250.00,333370
17-Jun-11,19800.00,19850.00,18850.00,19050.00,346910
16-Jun-11,19550.00,19900.00,19400.00,19700.00,237690
15-Jun-11,19700.00,19900.00,19350.00,19900.00,271840
14-Jun-11,19200.00,19750.00,18950.00,19750.00,399160
13-Jun-11,18600.00,19650.00,18500.00,18950.00,589400
10-Jun-11,18650.00,18650.00,18100.00,18400.00,424890
9-Jun-11,19300.00,19300.00,18450.00,18450.00,371040
8-Jun-11,19150.00,19450.00,18850.00,19100.00,424160
7-Jun-11,19350.00,19500.00,19000.00,19050.00,507800
3-Jun-11,18300.00,19400.00,18300.00,19150.00,1496310
2-Jun-11,17400.00,18550.00,17000.00,18150.00,1049740
1-Jun-11,16650.00,17750.00,16300.00,17650.00,855860
31-May-11,17300.00,17350.00,16600.00,17050.00,372250
30-May-11,17700.00,17800.00,17300.00,17350.00,274120
27-May-11,17400.00,17650.00,16950.00,17550.00,327900
26-May-11,17800.00,17800.00,17250.00,17400.00,257010
25-May-11,18150.00,18200.00,17600.00,17600.00,270830
24-May-11,17900.00,18050.00,17650.00,17900.00,632090
23-May-11,17650.00,18150.00,17500.00,17750.00,418800
20-May-11,17800.00,18200.00,17500.00,17500.00,657420
19-May-11,17050.00,17950.00,17050.00,17550.00,805080
18-May-11,17000.00,17350.00,16500.00,16800.00,217440
17-May-11,17000.00,17400.00,16850.00,17000.00,245270
16-May-11,17150.00,17650.00,17000.00,17300.00,232620
13-May-11,17600.00,17700.00,16900.00,17400.00,476510
12-May-11,17450.00,17700.00,17150.00,17450.00,444760
11-May-11,17200.00,17650.00,16900.00,17450.00,896050
9-May-11,16500.00,17150.00,16400.00,16700.00,840770
6-May-11,16000.00,16350.00,15700.00,16200.00,504550
4-May-11,16200.00,16300.00,15600.00,16050.00,381440
3-May-11,15900.00,16150.00,15650.00,16150.00,557790
2-May-11,14900.00,16050.00,14900.00,15900.00,934920
29-Apr-11,14000.00,14700.00,13900.00,14650.00,460360
28-Apr-11,14800.00,15000.00,14050.00,14150.00,677570
27-Apr-11,14950.00,15100.00,14450.00,14800.00,485420
26-Apr-11,15300.00,15500.00,14800.00,14950.00,382500
25-Apr-11,15400.00,15550.00,15100.00,15400.00,261330
22-Apr-11,15800.00,15800.00,15150.00,15400.00,478860
21-Apr-11,15800.00,16100.00,15650.00,15850.00,659820
20-Apr-11,15200.00,15550.00,15100.00,15450.00,285520
19-Apr-11,15250.00,15400.00,15000.00,15050.00,237670
18-Apr-11,15900.00,15900.00,15400.00,15500.00,250930
15-Apr-11,15500.00,15800.00,15350.00,15800.00,293880
14-Apr-11,15050.00,15800.00,15050.00,15300.00,491000
13-Apr-11,15000.00,15250.00,15000.00,15100.00,216170
12-Apr-11,15300.00,15500.00,15100.00,15100.00,280910
11-Apr-11,15600.00,15700.00,15150.00,15200.00,574950
8-Apr-11,16000.00,16100.00,15700.00,15750.00,441090
7-Apr-11,16050.00,16200.00,15900.00,16000.00,301200
6-Apr-11,16100.00,16200.00,15900.00,16050.00,299390
5-Apr-11,16350.00,16450.00,16000.00,16150.00,396550
4-Apr-11,16250.00,16800.00,16250.00,16400.00,633340
1-Apr-11,16500.00,16650.00,16200.00,16200.00,292090
31-Mar-11,16600.00,16950.00,16350.00,16550.00,678850
30-Mar-11,16150.00,16400.00,16050.00,16300.00,294190
29-Mar-11,16250.00,16450.00,16050.00,16100.00,264460
28-Mar-11,16000.00,16350.00,15900.00,16200.00,475150
25-Mar-11,15250.00,15750.00,15100.00,15750.00,627070
24-Mar-11,15650.00,15750.00,14850.00,15000.00,800980
23-Mar-11,15950.00,16050.00,15500.00,15550.00,374020
22-Mar-11,16100.00,16300.00,15800.00,15900.00,436110
21-Mar-11,16550.00,16850.00,15900.00,15950.00,823520
18-Mar-11,15350.00,16300.00,15350.00,16300.00,994070
17-Mar-11,14700.00,15450.00,14650.00,15300.00,825330
16-Mar-11,14500.00,15150.00,14400.00,15150.00,1207460
15-Mar-11,14700.00,15200.00,13450.00,14350.00,2054510
14-Mar-11,15750.00,16100.00,14550.00,14600.00,3294930
11-Mar-11,16700.00,17300.00,16500.00,17100.00,395980
10-Mar-11,18100.00,18100.00,16900.00,17050.00,789670
9-Mar-11,18600.00,18650.00,18100.00,18150.00,393570
8-Mar-11,18700.00,18800.00,18450.00,18500.00,392800
7-Mar-11,18750.00,18950.00,18700.00,18900.00,175520
4-Mar-11,18850.00,18900.00,18550.00,18750.00,360140
3-Mar-11,18800.00,18950.00,18350.00,18750.00,571320
2-Mar-11,18800.00,19150.00,18750.00,18800.00,325740
28-Feb-11,18850.00,19000.00,18700.00,18900.00,165290
25-Feb-11,19000.00,19100.00,18800.00,18850.00,255170
24-Feb-11,19150.00,19250.00,18850.00,19050.00,206020
23-Feb-11,19200.00,19650.00,19100.00,19200.00,248000
22-Feb-11,19350.00,19400.00,19100.00,19200.00,193690
21-Feb-11,19500.00,19550.00,19100.00,19550.00,132600
18-Feb-11,18750.00,19550.00,18750.00,19500.00,287860
17-Feb-11,19250.00,19300.00,18500.00,18800.00,292340
16-Feb-11,19500.00,19500.00,19000.00,19100.00,251050
15-Feb-11,20000.00,20000.00,19350.00,19500.00,187470
14-Feb-11,19700.00,19900.00,19600.00,19800.00,195980
11-Feb-11,19100.00,19800.00,19100.00,19550.00,565420
10-Feb-11,19450.00,19450.00,18850.00,18900.00,191250
9-Feb-11,19700.00,19800.00,19100.00,19400.00,246750
8-Feb-11,19500.00,19850.00,19450.00,19700.00,230520
7-Feb-11,19750.00,19900.00,19300.00,19300.00,167470
1-Feb-11,18700.00,19650.00,18700.00,19650.00,347210
31-Jan-11,18950.00,18950.00,18550.00,18550.00,195140
28-Jan-11,18800.00,19250.00,18700.00,19000.00,606490
27-Jan-11,19650.00,19700.00,18550.00,18700.00,925390
26-Jan-11,20200.00,20250.00,19500.00,19500.00,263510
25-Jan-11,19350.00,20400.00,19300.00,20150.00,500670
24-Jan-11,19600.00,19650.00,19150.00,19500.00,225330
21-Jan-11,19300.00,19700.00,19150.00,19600.00,218760
20-Jan-11,19500.00,19750.00,19300.00,19300.00,327600
19-Jan-11,19600.00,19850.00,19400.00,19750.00,382990
18-Jan-11,20000.00,20000.00,19600.00,19750.00,435600
17-Jan-11,20450.00,20550.00,19600.00,20000.00,664850
14-Jan-11,21350.00,21500.00,19700.00,20200.00,1616840
13-Jan-11,21900.00,22050.00,21350.00,21700.00,513400
12-Jan-11,21650.00,22150.00,21650.00,21750.00,767470
11-Jan-11,20500.00,21850.00,20500.00,21800.00,921780
10-Jan-11,20200.00,20600.00,20200.00,20500.00,408080
7-Jan-11,20250.00,20450.00,20200.00,20300.00,325390
6-Jan-11,20400.00,20600.00,20300.00,20350.00,370680
5-Jan-11,20800.00,20900.00,20350.00,20400.00,407690
4-Jan-11,20500.00,20850.00,20500.00,20800.00,400390
3-Jan-11,20750.00,20750.00,20400.00,20500.00,284930
30-Dec-10,20750.00,20850.00,20300.00,20650.00,426020
29-Dec-10,20650.00,20800.00,20250.00,20800.00,451430
28-Dec-10,20650.00,21050.00,20450.00,21000.00,622500
27-Dec-10,21150.00,21500.00,20550.00,20650.00,705290
24-Dec-10,20700.00,21450.00,20500.00,20900.00,1362630
23-Dec-10,19500.00,20750.00,19450.00,20700.00,1072590
22-Dec-10,19350.00,19650.00,19200.00,19600.00,433360
21-Dec-10,19650.00,19650.00,19200.00,19350.00,543930
20-Dec-10,19550.00,19550.00,19150.00,19500.00,571800
17-Dec-10,19800.00,20050.00,19700.00,19900.00,475760
16-Dec-10,20000.00,20150.00,19750.00,20000.00,398220
15-Dec-10,19950.00,20200.00,19850.00,20200.00,682500
14-Dec-10,19850.00,19950.00,19600.00,19900.00,800720
13-Dec-10,19200.00,19900.00,19150.00,19700.00,1704040
10-Dec-10,18750.00,19100.00,18700.00,18750.00,2536940
9-Dec-10,19400.00,19800.00,19350.00,19500.00,325650
8-Dec-10,18800.00,19600.00,18750.00,19350.00,718620
7-Dec-10,18350.00,18900.00,18250.00,18700.00,672250
6-Dec-10,19300.00,19400.00,18250.00,18250.00,1137300
3-Dec-10,19600.00,19800.00,19200.00,19200.00,506950
2-Dec-10,20400.00,20500.00,19150.00,19450.00,956800
1-Dec-10,20200.00,20300.00,20000.00,20200.00,458290
30-Nov-10,20400.00,20550.00,20100.00,20200.00,478880
29-Nov-10,20700.00,20850.00,20300.00,20400.00,308420
26-Nov-10,20950.00,21250.00,20450.00,20800.00,318130
25-Nov-10,21650.00,21650.00,20850.00,20850.00,176370
24-Nov-10,20900.00,21550.00,20600.00,21500.00,300120
23-Nov-10,21950.00,21950.00,21300.00,21650.00,228400
22-Nov-10,21950.00,22000.00,21700.00,21950.00,228220
19-Nov-10,21850.00,21950.00,21700.00,21950.00,161300
18-Nov-10,21300.00,22050.00,21250.00,21800.00,379230
17-Nov-10,21100.00,21300.00,20850.00,21250.00,160650
16-Nov-10,21350.00,21450.00,21100.00,21350.00,135260
15-Nov-10,20600.00,21500.00,20350.00,21350.00,623640
12-Nov-10,21600.00,21650.00,20850.00,21000.00,289070
11-Nov-10,21400.00,21700.00,20800.00,21600.00,817140
10-Nov-10,22150.00,22550.00,21200.00,21500.00,984330
9-Nov-10,22250.00,22300.00,21650.00,22250.00,354670
8-Nov-10,21800.00,22250.00,21650.00,22050.00,406050
5-Nov-10,22850.00,22900.00,21650.00,21650.00,529920
4-Nov-10,23200.00,23650.00,22750.00,22800.00,499300
3-Nov-10,23000.00,23150.00,22600.00,22800.00,359590
2-Nov-10,22700.00,22800.00,21950.00,22700.00,491410
1-Nov-10,23100.00,23150.00,22500.00,22700.00,372630
29-Oct-10,22750.00,23100.00,22350.00,22900.00,515760
28-Oct-10,22450.00,22750.00,22000.00,22750.00,409710
27-Oct-10,22000.00,22850.00,21900.00,22650.00,669770
26-Oct-10,21300.00,21900.00,21100.00,21750.00,330900
25-Oct-10,21400.00,21400.00,21050.00,21200.00,237870
22-Oct-10,21250.00,21350.00,21050.00,21200.00,272140
21-Oct-10,21250.00,21350.00,21000.00,21200.00,184090
20-Oct-10,20550.00,21350.00,20550.00,21150.00,215400
19-Oct-10,21050.00,21050.00,20600.00,20700.00,202650
18-Oct-10,21000.00,21150.00,20750.00,20850.00,239070
15-Oct-10,21600.00,21600.00,20900.00,21150.00,341720
14-Oct-10,21700.00,21900.00,21300.00,21500.00,321930
13-Oct-10,21750.00,22050.00,21550.00,21800.00,209700
12-Oct-10,22350.00,22350.00,21550.00,21550.00,151270
11-Oct-10,21800.00,22400.00,21450.00,22250.00,342680
8-Oct-10,21550.00,21900.00,21200.00,21600.00,266110
7-Oct-10,22250.00,22300.00,21350.00,21550.00,592710
6-Oct-10,23700.00,23700.00,22500.00,22500.00,668720
5-Oct-10,23400.00,23900.00,23150.00,23650.00,569780
4-Oct-10,22700.00,23500.00,22600.00,23450.00,585230
1-Oct-10,22400.00,22650.00,22100.00,22600.00,308570
30-Sep-10,22150.00,22400.00,21750.00,22350.00,381440
29-Sep-10,21500.00,22000.00,21300.00,22000.00,488200
28-Sep-10,21150.00,21400.00,21050.00,21400.00,258000
27-Sep-10,21400.00,21400.00,21050.00,21200.00,342050
24-Sep-10,21100.00,21350.00,20750.00,21200.00,436770
20-Sep-10,20450.00,21000.00,20450.00,20800.00,287290
17-Sep-10,20200.00,20800.00,20150.00,20800.00,442130
16-Sep-10,21250.00,21500.00,20400.00,20400.00,480210
15-Sep-10,21400.00,21650.00,20650.00,21250.00,348980
14-Sep-10,21450.00,21550.00,21050.00,21400.00,268440
13-Sep-10,21700.00,22100.00,21150.00,21500.00,366670
10-Sep-10,21000.00,21650.00,21000.00,21650.00,250220
9-Sep-10,21050.00,21350.00,20800.00,20850.00,159620
8-Sep-10,21650.00,21700.00,20900.00,21150.00,225210
7-Sep-10,21700.00,21800.00,21500.00,21750.00,208060
6-Sep-10,21950.00,21950.00,21500.00,21750.00,238310
3-Sep-10,21050.00,21800.00,20800.00,21750.00,447930
2-Sep-10,20300.00,21350.00,20300.00,21000.00,587370
1-Sep-10,20400.00,20400.00,20050.00,20250.00,224450
31-Aug-10,20450.00,20650.00,19900.00,20200.00,248160
30-Aug-10,21350.00,21350.00,20600.00,20650.00,206160
27-Aug-10,20850.00,21300.00,20850.00,21150.00,247900
26-Aug-10,21300.00,21350.00,20650.00,21150.00,249680
25-Aug-10,20850.00,21450.00,20800.00,21100.00,474390
24-Aug-10,20050.00,20900.00,19950.00,20900.00,379860
23-Aug-10,20200.00,20550.00,19750.00,20000.00,461800
20-Aug-10,19750.00,20300.00,19550.00,20000.00,428580
19-Aug-10,19200.00,19950.00,19000.00,19800.00,868210
18-Aug-10,20300.00,20750.00,19150.00,19200.00,903770
17-Aug-10,20350.00,20600.00,20050.00,20200.00,310450
16-Aug-10,20500.00,20600.00,20000.00,20350.00,221680
13-Aug-10,20900.00,21000.00,20250.00,20500.00,440330
12-Aug-10,20150.00,21050.00,19900.00,21000.00,716730
11-Aug-10,21400.00,21650.00,19850.00,20200.00,1382140
10-Aug-10,23150.00,23200.00,21350.00,21450.00,1250300
9-Aug-10,24350.00,24650.00,23250.00,23350.00,195030
6-Aug-10,24200.00,24700.00,23800.00,24650.00,155400
5-Aug-10,24500.00,25150.00,24100.00,24200.00,192890
4-Aug-10,24400.00,24950.00,24200.00,24950.00,294330
3-Aug-10,23700.00,24550.00,23600.00,24250.00,375880
2-Aug-10,23450.00,23700.00,23150.00,23600.00,148880
30-Jul-10,23500.00,23600.00,23250.00,23450.00,268500
29-Jul-10,22700.00,23550.00,22700.00,23500.00,285110
28-Jul-10,22200.00,23200.00,22150.00,23050.00,561910
27-Jul-10,22150.00,22300.00,21850.00,21900.00,148250
26-Jul-10,22350.00,22750.00,22100.00,22100.00,265970
23-Jul-10,23250.00,23300.00,22250.00,22350.00,317120
22-Jul-10,23200.00,23200.00,22750.00,23200.00,232010
21-Jul-10,23150.00,23400.00,23000.00,23200.00,312650
20-Jul-10,22800.00,23200.00,22450.00,22950.00,196780
19-Jul-10,22000.00,22650.00,21950.00,22600.00,171660
16-Jul-10,21900.00,22200.00,21800.00,22200.00,264480
15-Jul-10,22400.00,22500.00,21750.00,21750.00,341100
14-Jul-10,22600.00,22800.00,22150.00,22200.00,483410
13-Jul-10,22500.00,22750.00,22150.00,22400.00,315040
12-Jul-10,23500.00,23500.00,22400.00,22400.00,524690
9-Jul-10,24450.00,24450.00,23550.00,23550.00,239670
8-Jul-10,24500.00,24700.00,24050.00,24400.00,198730
7-Jul-10,24600.00,24700.00,24200.00,24500.00,167010
6-Jul-10,24100.00,24800.00,23600.00,24600.00,293820
5-Jul-10,24150.00,24450.00,23750.00,24300.00,106390
2-Jul-10,24250.00,24450.00,23800.00,24150.00,326740
1-Jul-10,23900.00,24600.00,23250.00,24550.00,263050
30-Jun-10,23500.00,24650.00,23300.00,24100.00,343890
29-Jun-10,24800.00,24800.00,23800.00,24050.00,377830
28-Jun-10,25100.00,25300.00,24200.00,24800.00,239710
25-Jun-10,24650.00,25500.00,24650.00,24850.00,598410
24-Jun-10,23650.00,24950.00,23500.00,24950.00,1073530
23-Jun-10,23050.00,24150.00,22800.00,23450.00,637130
22-Jun-10,22800.00,23400.00,22600.00,23050.00,267930
21-Jun-10,23700.00,23950.00,22800.00,23150.00,487520
18-Jun-10,21700.00,23000.00,21600.00,22950.00,414340
17-Jun-10,21500.00,22000.00,21350.00,22000.00,186220
16-Jun-10,21150.00,21550.00,20900.00,21500.00,245960
15-Jun-10,20850.00,21100.00,20700.00,21000.00,100620
14-Jun-10,20600.00,20950.00,20350.00,20950.00,328520
11-Jun-10,21400.00,21400.00,20550.00,20550.00,327810
10-Jun-10,21600.00,21700.00,21100.00,21350.00,294770
9-Jun-10,21750.00,21800.00,21250.00,21650.00,199710
8-Jun-10,22150.00,22150.00,21750.00,21750.00,108300
7-Jun-10,21500.00,22150.00,21500.00,22000.00,153570
4-Jun-10,22100.00,22350.00,21950.00,22250.00,172420
3-Jun-10,22000.00,22300.00,21850.00,22300.00,129170
1-Jun-10,21700.00,22200.00,21550.00,22150.00,144150
31-May-10,21900.00,22050.00,21750.00,21800.00,73330
28-May-10,22550.00,22550.00,21450.00,22250.00,303060
27-May-10,22800.00,22800.00,22250.00,22350.00,103280
26-May-10,21650.00,22800.00,21000.00,22800.00,168430
25-May-10,21600.00,22000.00,20300.00,22000.00,264230
24-May-10,22200.00,22550.00,21500.00,21950.00,163530
20-May-10,22750.00,22950.00,22000.00,22400.00,84680
19-May-10,22750.00,22800.00,22050.00,22750.00,102350
18-May-10,22050.00,22700.00,21750.00,22700.00,209970
17-May-10,22100.00,22250.00,21700.00,22250.00,131080
14-May-10,22150.00,22450.00,21700.00,22250.00,207030
13-May-10,22450.00,22700.00,22000.00,22400.00,249560
12-May-10,23100.00,23100.00,22150.00,22200.00,399650
11-May-10,23800.00,23800.00,22800.00,23100.00,193430
10-May-10,23700.00,23750.00,22900.00,23500.00,389390
7-May-10,23400.00,23700.00,23100.00,23700.00,297560
6-May-10,22650.00,23900.00,22500.00,23750.00,306530
4-May-10,22900.00,23400.00,22600.00,23400.00,326240
3-May-10,21400.00,22750.00,21400.00,22500.00,279060
30-Apr-10,21750.00,22100.00,21300.00,21800.00,212480
29-Apr-10,22750.00,22750.00,21600.00,21700.00,439020
28-Apr-10,22700.00,22900.00,21850.00,22800.00,642870
27-Apr-10,24000.00,24000.00,23100.00,23200.00,348880
26-Apr-10,24300.00,24600.00,24000.00,24000.00,336310
23-Apr-10,24000.00,24650.00,23750.00,24400.00,208410
22-Apr-10,24200.00,24200.00,23750.00,23900.00,127340
21-Apr-10,24100.00,24450.00,23500.00,24150.00,291330
20-Apr-10,23900.00,24000.00,23600.00,24000.00,85320
19-Apr-10,23650.00,23950.00,23400.00,23450.00,125390
16-Apr-10,24200.00,24600.00,23900.00,24250.00,164560
15-Apr-10,24500.00,24600.00,23900.00,24250.00,157440
14-Apr-10,24400.00,24500.00,23800.00,24500.00,203720
13-Apr-10,23500.00,24200.00,23400.00,24200.00,188900
12-Apr-10,23800.00,23800.00,23100.00,23350.00,162920
9-Apr-10,23550.00,23700.00,22800.00,23500.00,206570
8-Apr-10,23600.00,23800.00,23000.00,23800.00,174160
7-Apr-10,23200.00,23900.00,23150.00,23900.00,142850
6-Apr-10,22950.00,23150.00,22350.00,23100.00,165130
5-Apr-10,23200.00,23200.00,21900.00,22650.00,320090
2-Apr-10,24400.00,24600.00,23300.00,23400.00,351490
1-Apr-10,24500.00,24700.00,24150.00,24650.00,183640
31-Mar-10,24400.00,25000.00,24400.00,24500.00,262840
30-Mar-10,24200.00,24950.00,23950.00,24400.00,359170
29-Mar-10,24000.00,24050.00,23650.00,23950.00,181620
26-Mar-10,24000.00,24450.00,24000.00,24200.00,300110
25-Mar-10,24050.00,24300.00,23600.00,24100.00,408540
24-Mar-10,24600.00,24750.00,23950.00,24350.00,354370
23-Mar-10,25200.00,25700.00,24600.00,24600.00,311830
22-Mar-10,25000.00,25350.00,24100.00,25200.00,372280
19-Mar-10,25350.00,25700.00,25250.00,25400.00,258550
18-Mar-10,26300.00,26350.00,25100.00,25700.00,828950
17-Mar-10,26500.00,26700.00,25750.00,26700.00,387790
16-Mar-10,26650.00,26800.00,25500.00,26350.00,403830
15-Mar-10,26900.00,26900.00,26300.00,26500.00,138440
12-Mar-10,26400.00,26900.00,26150.00,26700.00,160970
11-Mar-10,26050.00,26650.00,25750.00,26300.00,348800
10-Mar-10,25700.00,26150.00,25450.00,26000.00,219250
9-Mar-10,25300.00,25700.00,25150.00,25700.00,193910
8-Mar-10,25700.00,25700.00,25200.00,25550.00,189250
5-Mar-10,24900.00,25450.00,24800.00,25300.00,178990
4-Mar-10,25000.00,25700.00,24400.00,25000.00,499680
3-Mar-10,25200.00,25500.00,25000.00,25050.00,214700
2-Mar-10,25050.00,25400.00,24600.00,25400.00,218050
26-Feb-10,24650.00,25050.00,24200.00,25050.00,269710
25-Feb-10,25300.00,25300.00,24200.00,24800.00,452800
24-Feb-10,24450.00,25550.00,24450.00,25300.00,582530
23-Feb-10,24450.00,25400.00,24150.00,24700.00,732360
22-Feb-10,23700.00,24500.00,23650.00,24450.00,704880
19-Feb-10,22900.00,23850.00,22650.00,23450.00,900620
18-Feb-10,22450.00,23150.00,22400.00,23000.00,544980
17-Feb-10,22300.00,22600.00,21900.00,22500.00,222090
16-Feb-10,22100.00,22150.00,21600.00,22150.00,319230
12-Feb-10,22650.00,22700.00,22200.00,22300.00,239870
11-Feb-10,23100.00,23100.00,22250.00,22900.00,462140
10-Feb-10,23200.00,23250.00,22800.00,23150.00,240270
9-Feb-10,22650.00,23200.00,22650.00,23050.00,298030
8-Feb-10,22700.00,23050.00,22200.00,22700.00,395640
5-Feb-10,21900.00,22650.00,21600.00,22450.00,437130
4-Feb-10,22300.00,22850.00,22050.00,22750.00,376270
3-Feb-10,22000.00,22500.00,21450.00,22200.00,383920
2-Feb-10,21200.00,21900.00,20750.00,21850.00,410060
1-Feb-10,21000.00,21200.00,20250.00,20850.00,277320
29-Jan-10,21450.00,21650.00,20800.00,21250.00,228530
28-Jan-10,22550.00,22600.00,21650.00,21900.00,567150
27-Jan-10,21600.00,22300.00,21150.00,22200.00,412830
26-Jan-10,21850.00,22250.00,21300.00,21600.00,432380
25-Jan-10,20800.00,21850.00,20700.00,21650.00,342320
22-Jan-10,21650.00,21950.00,20600.00,21350.00,907700
21-Jan-10,22300.00,22900.00,22000.00,22000.00,337210
20-Jan-10,21900.00,23050.00,21750.00,22500.00,773780
19-Jan-10,22200.00,22200.00,21400.00,21700.00,627790
18-Jan-10,22350.00,22800.00,21750.00,22150.00,444100
15-Jan-10,23500.00,23500.00,22300.00,22300.00,669520
14-Jan-10,23950.00,24000.00,23400.00,23500.00,294990
13-Jan-10,23350.00,24050.00,22950.00,23850.00,702620
12-Jan-10,23150.00,23700.00,22500.00,23650.00,579990
11-Jan-10,23100.00,24000.00,22250.00,23100.00,965770
8-Jan-10,20450.00,23100.00,20450.00,22700.00,1560600
7-Jan-10,20700.00,20900.00,20300.00,20450.00,478900
6-Jan-10,20750.00,21100.00,20050.00,20700.00,519880
5-Jan-10,19900.00,20950.00,19850.00,20750.00,873920
4-Jan-10,19850.00,19850.00,19150.00,19750.00,542020
30-Dec-09,19600.00,19900.00,18600.00,19650.00,830430
29-Dec-09,20000.00,20000.00,19050.00,19650.00,890410
28-Dec-09,21000.00,21200.00,20500.00,20500.00,651160
24-Dec-09,20900.00,21100.00,20600.00,21000.00,579880
23-Dec-09,21200.00,21400.00,20600.00,20900.00,504930
22-Dec-09,21350.00,21550.00,20900.00,21100.00,909170
21-Dec-09,20250.00,20900.00,19800.00,20900.00,908960
18-Dec-09,19900.00,20300.00,19600.00,20250.00,624170
17-Dec-09,20700.00,20850.00,20000.00,20200.00,704630
16-Dec-09,20000.00,20750.00,19800.00,20650.00,895710
15-Dec-09,20850.00,20850.00,19900.00,20000.00,1079210
14-Dec-09,20600.00,21000.00,20150.00,20850.00,1248150
11-Dec-09,18550.00,20650.00,18500.00,20350.00,2538370
10-Dec-09,18300.00,18400.00,17950.00,18300.00,382650
9-Dec-09,18300.00,18750.00,18100.00,18300.00,786280
8-Dec-09,18200.00,18350.00,17900.00,18250.00,352440
7-Dec-09,18450.00,18600.00,17950.00,18200.00,717340
4-Dec-09,18150.00,18600.00,17800.00,18450.00,1032500
3-Dec-09,17700.00,18450.00,17500.00,18100.00,1221560
2-Dec-09,18000.00,18050.00,17400.00,17550.00,731700
1-Dec-09,18750.00,18900.00,17050.00,17550.00,1752660
30-Nov-09,19000.00,19050.00,18300.00,18750.00,1302220
27-Nov-09,17950.00,19150.00,17650.00,18250.00,2037440
26-Nov-09,17500.00,19050.00,17500.00,18400.00,2076190
25-Nov-09,17100.00,17650.00,16650.00,17600.00,1183540
24-Nov-09,17500.00,18050.00,16750.00,17200.00,2146690
23-Nov-09,17400.00,17550.00,16900.00,17450.00,2329940
20-Nov-09,16250.00,17600.00,16050.00,17100.00,4765450
19-Nov-09,15000.00,17000.00,14600.00,15850.00,15047170
