TimeLog,Hyundai Green Food Co Ltd_005440_Beta_12_3,"Isu Chemical Co., Ltd._005950_Beta_12_1",Seah Besteel Corporation_001430_Beta_12_2,Seah Besteel Corporation_001430_Beta_12_3,"Chokwang Leather Co., Ltd_004700_Beta_12_1",Handsome Corp_020000_Beta_12_1,Hyundai Motor Co_005380_Beta_6_3,SK Networks Co Ltd_001740_Beta_6_1,Sebang Global Battery Co Ltd_004490_Beta_12_3,SKC LTD_011790_Beta_12_1,Able C&C_078520_Beta_3_1,Cheil Worldwide Inc_030000_Beta_12_1,"Dae Won Kang Up Co., Ltd._000430_Beta_12_3",Cheil Worldwide Inc_030000_Beta_12_3,"Dong-Ah Tire Ind. Co., Ltd._007340_Beta_12_3","Yungjin Pharm Ind. Co., Ltd._003520_Beta_12_3",Sindoh Co Ltd_029530_Beta_12_3,Nexen Tire Corp_002350_Beta_12_1,Daeduck Electronics Co Ltd_008060_Beta_12_1,Able C&C_078520_Beta_3_3,Hyundai Motor Co_005380_Beta_12_2,Sebang Global Battery Co Ltd_004490_Beta_12_1,Kumho Tire Co Inc_073240_Beta_12_3,Daeduck Electronics Co Ltd_008060_Beta_12_2,"Dae Won Kang Up Co., Ltd._000430_Beta_12_1",Seah Steel Corp_003030_Beta_12_1,Kia Motors Corporation_000270_Beta_12_3,Kia Motors Corporation_000270_Beta_12_2,Able C&C_078520_Beta_3_2,Hotel Shilla Co Ltd_008770_Beta_12_2,Huchems Fine Chemical Corporation_069260_Beta_12_3,Hotel Shilla Co Ltd_008770_Beta_12_1,Hyundai Glovis Co Ltd_086280_Beta_12_1,SK Networks Co Ltd_001740_Beta_12_3,Nexen Tire Corp_002350_Beta_3_1,"Korea Circuit Co., Ltd._007810_Beta_6_3"
2003-05,-2975.2524766176666,1995.0306059683178,-6444.00581827345,-6470.749852201521,0.0,37032.01199772833,0.0,-72616.67116262724,-6079.052268062253,-2131.492247917452,-359.38119186042263,-4631.093849936577,27176.013472889786,-4485.234077544911,23344.97606771131,1926.2450892806544,7866.884012919581,34287.522996482,0.0,-1100.6422827459337,-1064.0900837233469,-5773.547215631242,4997.790432087931,0.0,81179.70151393364,1950.1392284375374,-1736.9925383175814,-1585.8197769461995,-759.8683213130769,-751.579532802132,3041.589210000324,-533.0167135038706,-623.2845295878826,20256.296308669575,3769.8798773305552,-6063.177873639671
2003-06,0.0,0.0,0.0,0.0,0.0,0.0,0.0,-0.0,0.0,0.0,-0.0,0.0,0.0,0.0,0.0,-0.0,-0.0,0.0,-0.0,-0.0,0.0,0.0,-0.0,-0.0,0.0,0.0,0.0,0.0,-0.0,0.0,0.0,0.0,0.0,-0.0,0.0,0.0
2003-07,7.002406581958978e-11,1.5199291746265104e-10,2.4112098931678325e-10,2.411209893167833e-10,3.1567497552434346e-11,3.8705304201574265e-11,1.1326124466083677e-11,-8.602725594544551e-12,3.242155110298568e-11,5.8103972834803266e-11,-3.9347085684335015e-11,9.936892419493513e-11,2.8733451941834236e-10,9.936892419493513e-11,5.247697102288186e-11,-8.361630150264682e-10,-7.934904978634977e-11,9.164144948172345e-11,-5.648599014538228e-10,-3.934708568433501e-11,1.1358845417216946e-11,3.242155110298568e-11,-2.587333384373008e-11,-5.648599014538228e-10,2.8733451941834226e-10,1.9929360936463057e-11,3.419953068609134e-11,3.419953068609135e-11,-3.934708568433503e-11,1.9955450547868088e-11,6.416427123751126e-11,1.9955450547868088e-11,6.6621162136089084e-12,-1.5108034371893443e-11,-8.352862948288524e-10,2.0708698504406e-10
2003-08,-7.002406581958978e-11,-1.5199291746265112e-10,-2.411209893167833e-10,-2.411209893167833e-10,-3.1567497552434346e-11,-3.8705304201574265e-11,-8.132167607214548e-12,8.602725594544554e-12,-3.242155110298568e-11,-5.810397283480326e-11,3.934708568433503e-11,-9.936892419493513e-11,-2.8733451941834216e-10,-9.936892419493513e-11,-5.247697102288188e-11,8.361630150264682e-10,7.934904978634977e-11,-9.164144948172349e-11,5.648599014538228e-10,3.934708568433501e-11,-1.1358845417216946e-11,-3.242155110298568e-11,2.587333384373009e-11,5.648599014538226e-10,-2.8733451941834226e-10,-1.9929360936463057e-11,-3.419953068609134e-11,-3.419953068609134e-11,3.934708568433501e-11,-1.9955450547868088e-11,-6.416427123751127e-11,-1.9955450547868088e-11,-6.66211621360891e-12,1.5108034371893443e-11,-6.227864655275207e-10,8.73617800880738e-11
2003-09,0.0,0.0,0.0,0.0,0.0,0.0,0.0,-0.0,0.0,0.0,-0.0,0.0,0.0,0.0,0.0,-0.0,-0.0,0.0,-0.0,-0.0,0.0,0.0,-0.0,-0.0,0.0,0.0,0.0,0.0,-0.0,0.0,0.0,0.0,0.0,-0.0,0.0,0.0
2003-10,0.0,0.0,0.0,0.0,0.0,0.0,0.0,-0.0,0.0,0.0,-0.0,0.0,0.0,0.0,0.0,-0.0,-0.0,0.0,-0.0,-0.0,0.0,0.0,-0.0,-0.0,0.0,0.0,0.0,0.0,-0.0,0.0,0.0,0.0,0.0,-0.0,0.0,0.0
2003-11,7.002406581958978e-11,1.5199291746265104e-10,2.4112098931678335e-10,2.411209893167831e-10,3.156749755243436e-11,3.8705304201574265e-11,3.4379480791944047e-12,-2.394087255234093e-13,3.242155110298568e-11,5.810397283480328e-11,-3.9347085684335015e-11,9.936892419493513e-11,2.8733451941834216e-10,9.936892419493513e-11,5.247697102288188e-11,-8.361630150264682e-10,-7.934904978634977e-11,9.164144948172349e-11,-5.648599014538228e-10,-3.9347085684335e-11,1.1358845417216943e-11,3.242155110298568e-11,-2.587333384373008e-11,-5.648599014538229e-10,2.8733451941834216e-10,1.992936093646307e-11,3.419953068609134e-11,3.419953068609133e-11,-3.9347085684335e-11,1.9955450547868088e-11,6.416427123751123e-11,1.9955450547868088e-11,6.6621162136089084e-12,-1.5108034371893443e-11,0.0,3.5137640810586254e-11
2003-12,-7.002406581958979e-11,-1.5199291746265104e-10,-2.411209893167831e-10,-2.4112098931678315e-10,-3.156749755243436e-11,-3.8705304201574265e-11,-4.95768207102621e-12,4.658530386590405e-13,-3.242155110298568e-11,-5.8103972834803286e-11,3.9347085684335e-11,-9.936892419493513e-11,-2.8733451941834205e-10,-9.936892419493513e-11,-5.247697102288188e-11,8.361630150264682e-10,7.934904978634977e-11,-9.164144948172349e-11,5.648599014538229e-10,3.934708568433501e-11,-1.1358845417216943e-11,-3.242155110298568e-11,2.587333384373009e-11,5.648599014538228e-10,-2.8733451941834216e-10,-1.992936093646307e-11,-3.419953068609134e-11,-3.419953068609134e-11,3.9347085684335e-11,-1.9955450547868088e-11,-6.416427123751127e-11,-1.9955450547868088e-11,-6.6621162136089084e-12,1.5108034371893443e-11,1.2026954412955292e-09,-5.276152236092182e-11
2004-01,0.0,0.0,0.0,0.0,0.0,0.0,0.0,-0.0,0.0,0.0,-0.0,0.0,0.0,0.0,0.0,-0.0,-0.0,0.0,-0.0,-0.0,0.0,0.0,-0.0,-0.0,0.0,0.0,0.0,0.0,-0.0,0.0,0.0,0.0,0.0,-0.0,-0.0,0.0
2004-02,1.4721467103086236e-10,1.519929174626511e-10,2.411209893167832e-10,2.4112098931678325e-10,3.156749755243436e-11,3.8705304201574265e-11,2.9291143258419797e-12,-4.884493898830859e-13,9.568185833570806e-10,5.810397283480328e-11,-3.934708568433501e-11,9.936892419493513e-11,8.620583276594016e-11,3.080096937497681e-11,6.194429410706039e-10,6.009283171637001e-11,1.4151244256730683e-11,9.164144948172345e-11,-5.648599014538225e-10,-3.934708568433501e-11,1.1358845417216943e-11,3.242155110298568e-11,-2.587333384373009e-11,-5.648599014538226e-10,2.8733451941834205e-10,1.992936093646307e-11,4.1359747632428527e-11,3.419953068609133e-11,-3.934708568433501e-11,1.9955450547868088e-11,1.2356552037334998e-10,1.9955450547868088e-11,6.6621162136089084e-12,-1.5108034371893443e-11,-1.8184841287115373e-10,9.467115366488303e-11
2004-03,0.0,0.0,0.0,-0.0,0.0,0.0,0.0,-0.0,0.0,0.0,-0.0,0.0,0.0,0.0,0.0,0.0,0.0,0.0,-0.0,-0.0,0.0,0.0,-0.0,0.0,0.0,0.0,0.0,0.0,-0.0,0.0,0.0,0.0,0.0,-0.0,0.0,0.0
2004-04,0.0,-0.0,-0.0,-0.0,-0.0,0.0,0.0,-0.0,0.0,0.0,-0.0,0.0,0.0,0.0,0.0,-0.0,0.0,0.0,0.0,-0.0,0.0,0.0,-0.0,0.0,0.0,0.0,0.0,0.0,-0.0,0.0,0.0,0.0,0.0,-0.0,0.0,0.0
2004-05,0.0,1.675130080318742e-10,4.991774110388044e-12,3.4731267930276376e-12,5.645772554054322e-10,-1.991537268283325e-11,-2.755166671040103e-12,0.0,0.0,-8.714760994139921e-12,3.934708568433501e-11,-2.893125748335503e-11,-9.350644421335865e-11,-2.7175701163665093e-11,0.0,1.4361493929102585e-11,1.5748989050043585e-11,-4.0808200036336237e-10,-2.078178132928201e-11,3.9347085684335015e-11,-3.0540422216192032e-12,-6.859052814842819e-10,2.587333384373009e-11,-1.6843873938348158e-11,-7.952860856327674e-11,-3.643564874026221e-11,-2.51107781175647e-11,-2.4727072351642587e-11,3.934708568433501e-11,-7.389344923827627e-11,-1.5986706069030365e-10,-6.926686855130417e-11,-6.66211621360891e-12,6.434882020908496e-13,-4.4746938365863494e-11,-6.919249986367388e-11
2004-06,-3.8087841707899274e-10,-7.840217317955704e-11,-3.4731267930276376e-12,-3.3583588846404084e-12,-2.196265497603459e-10,2.1961280067556338e-11,6.003020443530488e-12,0.0,-2.1307120344863486e-09,8.370749128478958e-12,-3.934708568433501e-11,2.7282657476804257e-11,1.1613600434269536e-10,2.8330371953611807e-11,0.0,-7.858523990541544e-12,-8.189727404275936e-12,3.072089605328131e-10,1.6843873938348158e-11,-3.9347085684334995e-11,3.1576028082064708e-12,9.67755213111006e-10,-2.587333384373008e-11,1.710088503404922e-11,8.025325454095379e-11,6.476326623935896e-11,2.3568115474747116e-11,2.51107781175647e-11,-3.9347085684335015e-11,7.516347615617702e-11,1.887912603253243e-10,7.389344923827627e-11,6.6621162136089084e-12,-1.427746197741029e-12,0.0,1.2462263871272571e-10
2004-07,2.849359320867276e-10,4.39235879724131e-11,3.3583588846404084e-12,3.662477442445423e-12,8.561932596234831e-11,-2.993775831393654e-11,1.2701109734881917e-11,2.6688821969741167e-12,4.917553027730358e-10,-1.0230629313566624e-11,3.9347085684335015e-11,-2.7175701163665093e-11,-1.7853495276596965e-10,-3.5108143253550506e-11,4.622407261690005e-10,6.151807740973258e-12,5.8151199589917355e-12,-2.466812277344934e-10,-1.710088503404922e-11,3.9347085684335e-11,-3.3131735103901693e-12,0.0,2.587333384373008e-11,-1.7866376039960127e-11,-9.350644421335865e-11,0.0,-2.658646051328501e-11,-2.3568115474747116e-11,3.9347085684334995e-11,-6.12087391207504e-11,-1.7030836655012355e-10,-7.516347615617702e-11,-6.66211621360891e-12,4.789694412497115e-12,0.0,1.0295142766864538e-10
2004-08,-2.5458969255605505e-10,-3.486146621478517e-11,-3.662477442445423e-12,-4.410890795781226e-12,-6.384568878663298e-11,4.6469795094457066e-11,-4.067315148278394e-12,-3.689801611565113e-12,-2.766309496310177e-10,1.3724121061338618e-11,-3.9347085684334995e-11,2.8330371953611807e-11,4.6032244511964894e-10,4.770120094180715e-11,-3.379007924002569e-10,-6.11019363242253e-12,-5.362245374973929e-12,1.6635955813035195e-10,1.7866376039960127e-11,-3.9347085684335e-11,4.154775942817788e-12,-2.1307120344863486e-09,-2.5873333843730075e-11,2.8397321685037022e-11,1.1613600434269536e-10,-6.218255009112561e-11,3.626903754344451e-11,2.658646051328501e-11,-3.9347085684335e-11,7.156489935740843e-11,1.7423828236859991e-10,6.12087391207504e-11,6.66211621360891e-12,0.0,4.760678124777986e-11,-4.68621881467985e-11
2004-09,2.2307677390262482e-10,3.059644744331599e-11,4.410890795781226e-12,5.4539092974050215e-12,4.7761430596476124e-11,-1.5620612422027802e-10,4.499478481708261e-12,0.0,2.5505377721457134e-10,-3.4390805189051033e-11,3.9347085684335e-11,-3.5108143253550506e-11,0.0,-9.603777572614533e-11,5.735394564751482e-10,5.9720426815624935e-12,5.381575605901291e-12,-1.4429782254053754e-10,-2.8397321685037022e-11,3.9347085684334995e-11,-6.02309577738686e-12,4.917553027730358e-10,2.587333384373009e-11,-1.1094507598689598e-10,-1.7853495276596965e-10,3.3721523143053877e-11,-6.001140635049176e-11,-3.626903754344451e-11,3.9347085684335e-11,-9.226252362832876e-11,-1.4980756069668443e-10,-7.156489935740843e-11,-6.662116213608906e-12,0.0,-8.811255914884803e-11,3.533988890105141e-11
2004-10,-2.405888426927673e-10,-2.812153898682367e-11,-5.4539092974050215e-12,-6.9334063741666955e-12,-4.003610077924093e-11,0.0,-6.004595417944798e-12,1.8391726921011886e-12,-2.4592424909326697e-10,-5.7447015719638326e-11,-3.9347085684335e-11,4.770120094180715e-11,-4.684322158050011e-10,0.0,0.0,-6.1640384306192434e-12,-4.956846390763884e-12,1.3186912954742664e-10,1.1094507598689598e-10,-3.9347085684334995e-11,9.827238855705749e-12,-2.766309496310177e-10,-2.587333384373008e-11,-6.825153397717848e-11,4.6032244511964894e-10,-2.3720155340319147e-11,1.7112206076427195e-10,6.001140635049176e-11,-3.9347085684334995e-11,1.2632304209482503e-10,1.4815475151687687e-10,9.226252362832876e-11,6.662116213608905e-12,7.635139198828749e-12,0.0,-4.011945699021501e-11
2004-11,-0.0,-0.0,-0.0,-0.0,-0.0,-0.0,0.0,0.0,-0.0,-0.0,-0.0,0.0,-0.0,-0.0,0.0,-0.0,-0.0,0.0,-0.0,-0.0,0.0,-0.0,-0.0,-0.0,0.0,-0.0,0.0,0.0,-0.0,0.0,0.0,0.0,0.0,0.0,0.0,-0.0
2004-12,-0.0,-0.0,-0.0,-0.0,-0.0,-0.0,0.0,0.0,-0.0,-0.0,-0.0,0.0,-0.0,-0.0,0.0,-0.0,-0.0,0.0,-0.0,-0.0,0.0,-0.0,-0.0,-0.0,-0.0,-0.0,-0.0,0.0,-0.0,0.0,0.0,0.0,0.0,0.0,0.0,-0.0
2005-01,0.0,-0.0,-0.0,-0.0,-0.0,-0.0,0.0,-0.0,-0.0,-0.0,-0.0,-0.0,-0.0,-0.0,0.0,-0.0,-0.0,0.0,-0.0,-0.0,0.0,-0.0,-0.0,-0.0,-0.0,-0.0,-0.0,-0.0,-0.0,0.0,0.0,0.0,0.0,-0.0,0.0,0.0
2005-02,0.0,-0.0,-0.0,0.0,-0.0,-0.0,0.0,-0.0,-0.0,-0.0,-0.0,-0.0,0.0,-0.0,0.0,-0.0,0.0,0.0,-0.0,-0.0,0.0,-0.0,-0.0,-0.0,-0.0,0.0,-0.0,-0.0,-0.0,0.0,0.0,0.0,0.0,0.0,0.0,0.0
2005-03,0.0,-0.0,0.0,0.0,-0.0,-0.0,0.0,-0.0,-0.0,-0.0,-0.0,-0.0,0.0,-0.0,0.0,-0.0,0.0,0.0,-0.0,-0.0,0.0,-0.0,-0.0,-0.0,-0.0,0.0,0.0,-0.0,-0.0,0.0,0.0,0.0,0.0,-0.0,0.0,0.0
2005-04,0.0,-0.0,0.0,0.0,-0.0,-0.0,0.0,-0.0,0.0,-0.0,-0.0,-0.0,0.0,-0.0,0.0,0.0,0.0,0.0,-0.0,-0.0,0.0,-0.0,-0.0,-0.0,0.0,0.0,0.0,0.0,-0.0,0.0,0.0,0.0,0.0,-0.0,0.0,0.0
2005-05,340783.4926341346,0.0,313873.9870196338,165030.38158313237,-923422.9284802504,-258949.80203345412,172895.00275990498,-9826.27698297866,1340088.246850294,-211114.0477892643,-241863.300917143,-455382.6814048935,985424.4237936306,0.0,237220.6284875498,1418905.5555187457,66566.0627133458,710775.2479689721,-97910.01058172282,-241863.30091714294,48508.51748239214,-4695309.225832047,-159041.25605081778,-121824.9772137801,3716516.0326529834,84222.06363689326,173072.30618113786,673809.3933787177,-241863.30091714294,555557.9462611937,852782.6805260588,646147.2023624947,40951.48066222788,-12596.857958105396,0.0,86291.96880927877
2005-06,-56742.29281897992,-67492.4887813686,-36567.05569032005,-26532.20863431489,0.0,110652.28359017915,-17052.070886413065,1649.5813142036943,-190010.512842753,132837.51548917306,53591.51878120461,133307.76888087386,-163480.367261005,-124559.45561090986,-47318.613659944625,-176478.0179781325,-13523.097524316658,-148530.0482631514,26993.700696281907,0.0,-8457.909068354002,-1425896.1976024173,35239.99890977117,44149.67447380419,-367472.56024272117,-10426.899872759483,-24020.296789163654,-38348.967007567335,53591.51878120461,-75267.6877259267,-139425.32045336103,-123099.26308871419,-9073.935717844859,2322.2886998737094,-115590.76965028289,-24247.859031893615
2005-07,77555.98465890519,45385.03774348091,39185.20742399927,33774.32410542373,393681.11777359457,326025.2823654767,0.0,-2868.8743734200775,216921.8604958233,0.0,-79148.88687000108,0.0,221904.1801084893,169576.01739452317,78549.26633854315,171619.39632833118,30337.16309042253,192417.52897522014,-65204.302280383265,0.0,10894.359897048782,438539.01209306676,-52045.673465530876,-191565.6242450702,322476.5640013221,10538.074480138786,32584.005135613443,35475.384844217886,0.0,83641.27976584545,169918.93914941495,111162.24798755432,13401.223326576923,-3533.774587212104,65533.18504173971,94364.75918579535
2005-08,-63050.12644331613,-33729.37862991554,-32306.677881657026,-27435.508808274368,-234830.96202229275,-93588.58479020378,0.0,3107.7659085419523,-165754.34747397405,-87481.72677771852,0.0,-175966.94031813706,-211854.58807333125,-125518.49291393017,-89851.44155914777,-93753.23706592087,-51355.528182668386,-170663.89177939636,183241.23663780972,12959.143014623458,-12688.746308603362,-268430.59331973176,49784.054968395205,299405.3406828768,-230951.0738298759,-8563.966174397543,-30346.132253940392,-31168.083622478014,0.0,-82767.91067597129,-145025.72473407252,-80006.69012857585,-12818.879924301518,3740.166424132884,0.0,0.0
2005-09,-15690.702092264164,-9230.274911817709,-7838.716802364105,-6557.280806108957,-76768.13980328369,-26716.263103574922,-3401.931187057821,1252.6807560190825,-33047.52690261821,-23542.911541575326,0.0,-46344.90773285684,-56443.64852864554,-28120.996244448237,-27118.795224679223,-13469.218151879744,0.0,-50480.966109687106,85544.38305225052,554.3751009063616,-4594.55670920456,-59284.46583651906,14224.015705255772,81735.473131806,-60646.12738685141,-2312.76048529315,-8721.56259997615,-8670.323501125826,3702.6122898924164,-24558.720923018485,-37326.49879616164,-23647.974478848944,-3662.5371212290042,1148.8580716454476,61448.35589941972,26359.655192425304
2005-10,-139462.4127935616,-82840.68861704324,-64081.02667769979,-60039.78932463257,-803879.9869561465,-336495.26731981616,-13814.261946306018,24937.393003349454,-254129.25052151002,-248704.70433936286,36183.778602973645,-350465.56342896644,-575160.8170078581,-261297.99410991312,-329797.2135794441,-101962.15935017804,60362.12255916141,-498005.4247613916,798759.9111805741,5031.289627320612,-49247.65717412181,-462809.8173398319,139004.193479612,626489.4541933186,-591528.2748418942,-23268.43096226856,-85271.08170907317,-85231.47050826694,5417.630673607418,-219380.2684179711,-383209.62036684307,-240000.10022019816,-35792.144017210434,12913.687583256942,-516664.4998951561,0.0
2005-11,40478.07115601779,22495.07004147048,18431.247682158886,16678.203720713263,208364.27270727823,115666.75766675762,2563.981378642154,-11146.670358228306,65892.25337189232,86656.0311973765,-1663.1253027190849,84362.98873334471,170010.44016815245,68089.17580492495,124373.44630204958,27355.03721088654,-16614.633233413537,177934.01527157458,-192322.1655236588,-3221.864300309346,11685.383410813274,99142.58070785465,-42672.0471157673,-400046.79049712257,169330.94558593663,7371.997004462732,20752.929663244624,26176.847800175954,-1544.5248280339565,58998.1479848311,112859.81820646871,67346.20672846388,10987.611363687014,-5172.428657469235,-227907.59959825908,37485.10096793325
2005-12,-20897.460700818458,-14765.200912099772,-9603.86564251072,-7951.286656025255,-114914.45785812309,-120674.31158374886,-1387.4012746397038,7705.8879117423685,-33895.9775737938,-66734.2269181732,889.3888801428865,-46190.05216933998,-83788.08757219769,-35178.31505901757,-71714.78864433728,-14309.331303027911,9982.47676669676,-151323.68309516992,230360.2768612597,-12303.986286407115,-4328.28206841544,-44922.82223340073,24571.987130829344,-146279.17738353432,-101672.07074761574,-4644.119732317344,-10678.485129642646,-11950.228664418362,1855.2568595947985,-29855.573929715763,-53038.126029548366,-33973.10021459857,-6327.032876923105,4025.737885977327,37043.95892843357,-13335.687172937844
2006-01,14681.73952050834,14823.132323439459,6381.741793678157,5720.486166788747,100937.687609508,91347.4938774787,1233.0243043931164,-14491.867895446663,21806.857476785473,38592.124094616775,-1489.0382841263029,31468.547417842812,59440.00873072867,24709.745052460676,49028.58528962886,11501.957850990531,-7155.221207344028,182901.59897471088,117404.38752085113,-6040.512484633854,2613.3892571234337,30453.2031000429,-19721.597775337123,71762.35411025865,78573.15843104778,3665.8936942813098,6777.174174254611,8570.604707525052,9875.239934068575,22471.622798011012,38138.796452687806,23962.230537511376,5078.107718584012,-5346.085292802704,0.0,10143.435506621025
2006-02,-21880.26943846382,-35073.954929338375,-9939.164209011245,-10029.605325996163,-203620.37729030984,-92022.735640648,-1955.8190521186198,-100995.5564142195,-30969.365123072577,-54320.472327776,-17157.91777942387,-49056.18580444187,-98899.71574298402,-40967.76830511602,-87001.21986857419,-21327.583440482438,13003.385088729752,-353634.0970811747,-124684.82585763655,4186.693879533826,-3681.4144417407256,-47267.96525341202,34265.65383396115,-149026.55058748857,-116842.5487475683,-6255.276323934775,-9787.475158233974,-11775.126278960952,10495.199838069206,-30480.819777657234,-60356.727117417664,-39043.73553581574,-8823.051925040667,17457.602077532356,-39911.0522857411,-16299.027964662111
2006-03,-2550.388343392255,-6947.534485405382,-1230.281599764162,-1430.9194110484805,-21195.87580008475,-5984.757129475846,-266.5349028605632,-13283.75303398058,-3773.694719272666,-4476.442379871592,1287.3937534866957,-5266.303399208172,-15044.080719215919,-5259.947751144628,-12797.558737258865,-3230.383738806894,1574.8478896551726,-51583.41615981383,-18280.342755750466,516.4792870890748,-359.021368338345,-4647.620904716991,-2242.769000418023,-15241.340073467862,-12668.245640050718,-921.793774752124,-1120.67702659646,-1200.580701227953,513.5608308020944,-2865.7747029353095,-7856.5898380222325,-3738.929947819723,-1082.2797193231704,3102.4658796381445,-11458.45181134655,-3484.650874647451
2006-04,-28583.410103777886,-128405.09129090775,-15188.083697981589,-18593.457337322227,-147100.88755461478,-46663.49032244469,-5548.384466639668,0.0,-45020.54675032488,-39441.06376584981,5451.044148259794,-53339.728222912585,-240761.44564373925,-66179.9067928928,-194882.05113369296,-46775.10288808198,13188.988014140332,-999661.1022338675,-161774.83296254466,4743.299688822765,-3312.1267397237475,-40321.88198776137,-35302.901104101955,-133040.59807666976,-128766.69092065976,-15245.35186353543,-12756.506544711126,-11895.10488636141,5482.021265498758,-24401.25915127696,-97674.49332743698,-30417.943674303206,-11487.547680734768,35300.6124678288,82555.50315663888,0.0
2006-05,2244.306020668701,0.0,1348.6406963943268,1540.0934147471003,8762.754653291182,2295.7232428957445,0.0,-7076.763188073396,3750.813354219777,2048.6210946911906,-397.6278775389662,4049.536762725559,43808.070211113976,5835.084245703746,15479.986608746767,6171.273901522796,-876.1345180001497,0.0,9649.844113643352,-369.2888569752225,251.80888227529672,2905.2979649222725,3227.1843635521777,11086.17307641927,11582.160282983492,5834.085255104063,970.2840115791064,925.2686876842919,-344.0461275967413,1713.9837437891395,6861.632613989637,1769.898439953932,833.2271950795985,-3441.6831870102887,0.0,-6088.446475195822
2006-06,-12734.514025431066,0.0,-8309.734798250838,-10549.361448419028,-37458.69986380257,-9052.85339058244,5654.657684823459,12236.883538525828,-22710.38796356251,-8546.039050332402,1856.3367983516482,-25900.15481851615,0.0,-37341.3938893789,-90666.21214295969,-114109.93128165852,4537.120303398146,0.0,-59816.60418155892,0.0,-1505.9234345114146,-17619.231989805132,-35518.49102860389,-65468.133176313946,-94224.35023997768,0.0,-5912.838562021146,-5235.268677860893,1992.5365799432334,-8457.082486850566,-32897.15168744952,-9247.97822198316,-4495.764316308601,27975.69012325449,0.0,26607.945117390904
2006-07,22299.29837454247,0.0,15628.524475723014,24435.747705937065,42079.8612784922,9785.790341421824,-2691.764381473795,-11535.860630168845,35474.81398917149,9657.58533004303,-2951.8759842173276,46642.20088269126,-317794.4440224311,97566.4075083998,240656.3727559754,-75296.03040603816,-6692.678889194114,0.0,96988.83925142723,0.0,2500.264774751763,29981.776196257862,-31374.502187903476,121072.09209654716,350175.71726993745,-22078.612035870687,13387.387983111017,8759.671629356784,0.0,11251.911873518919,46986.31315054498,12528.883504959475,6660.323754954945,-57408.019049688744,-44597.26356061343,-20919.222601899084
2006-08,-50627.90054733471,0.0,-36952.601699932326,-87615.77771580937,-54540.80163782348,-12682.339719835136,4416.01035593073,29836.307024909045,-61400.725477796484,-11594.98638409471,0.0,-83656.89058720325,230124.24885322028,0.0,645405.7073220267,49786.44611336766,9220.108893663977,1023972.1566981665,-183089.49863376666,2948.3880912754908,-5375.651305995397,-50878.66957213597,16550.492164024286,-528088.9107115878,0.0,26915.783145917267,-61164.48774341999,-20244.881470198132,0.0,-15634.963969886468,-72733.1812917596,-17015.538989374225,-10071.977083379763,-26473.714555667153,439340.805681944,22421.051614177097
2006-09,-64649.58925573586,51794.61809315851,-55325.381092182884,0.0,-33031.83461478526,-7918.408514803655,3871.7989653740133,0.0,-38354.966237667824,-6691.315475923855,0.0,-93166.9324379083,120560.75025432353,146983.72183314574,208193.8047556388,30005.30660026055,5792.167878345176,281799.6349191908,-333464.14307297167,1803.226130817105,-7225.643196084684,-33875.179814240466,6767.739899319071,148970.25507251255,303464.42235081195,13738.302162250668,35240.69980202821,-38622.59380598138,1861.7730619999597,-10149.712719662139,-46413.38960420602,-9872.769066802854,-6359.995711014164,-6563.085242958494,55477.36179845096,10057.572592028047
2006-10,0.0,10624.086120678467,0.0,17611.34245660497,-14294.970419132116,-3274.0634680250537,1491.6755467448052,-1031.5141014755493,-14183.683572857672,-2333.916426941337,652.9339445770087,0.0,33981.02138503392,27657.546897546898,36778.378658072324,9553.386899720423,2109.015208477973,59761.51867217512,52244.679147227274,2294.5155629812953,0.0,-13597.469751264747,1635.9306203322665,25553.18239229078,50962.060927858605,3183.8741413492526,4427.952284106718,12359.105199789912,632.4012171998945,-3487.7014244072575,-22285.310996070395,-3559.5594853292496,-2230.485106828464,-1475.9306838972648,8413.395236172792,3357.8001948555298
2006-11,-10018.450039699503,-3640.05877878,-6043.95824865425,-4071.948489996665,5631.199238735247,1358.7113404063277,-1198.7261596778017,192.43983639303727,5879.8360285712215,783.9261222452583,-217.0309595973366,-17690.52569140654,-10934.00291002563,-7773.43368105537,-9032.200547457145,-3404.0336134453796,-1106.895686840155,-13579.67545024972,-8769.482955646588,3853.6109614991724,-1395.7875669437487,4616.290206549136,-558.6822700968669,-7329.619864300086,-14510.335043566727,-1044.6644090831728,-1140.8496972384141,-1519.6092403584632,-787.4445856536793,1343.0098758755869,10693.544098371143,1196.9287318573347,765.4702583368615,397.9286165625859,-5876.721746943239,-1488.1683889043466
2006-12,-5465.528135562429,-1990.362905509924,-2834.777537294329,-4921.270150159158,4197.228416023598,1555.4335406264768,0.0,112.81465591599475,5892.980744273972,560.5527683054225,-548.1970680029202,-6607.8375592661305,-9086.932141047952,-5498.7910731258535,-6602.994803899815,-2693.691205283184,-2244.5850962958357,-6794.231917336396,-5102.677943806998,1206.4946426104862,-778.2451341399266,3388.71257775171,-409.2359012160524,-6163.351886334198,-8118.618409724852,-723.5906594636571,-625.6372470225008,-794.2278992736328,2682.7770090819595,1149.4450220821036,9220.3320729311,934.966205454057,532.8991511388202,272.6477348853264,0.0,-2040.8720600794222
2007-01,-44413.60697902763,-11426.34605795991,-31201.867446885382,90421.96472133609,21910.897925427358,25671.950891150555,0.0,779.0820104694219,28621.06341028191,3938.401150486255,17009.359387478402,-34310.96923815109,-79446.38789505977,-81408.64893847839,-61853.19253270811,-21498.7314892415,11080.427891946849,-39383.97803062693,-39076.92175356218,8359.618163128876,-3228.7864376581724,25952.864767258143,-2778.8419319679087,-45598.55499131393,-48261.328633964804,-7406.5673093051655,-3913.3787434959168,-3966.669143493175,7649.424795932462,10098.42397829023,58774.73333044019,7287.718438974163,3378.6904943337568,1797.0959592737672,46517.12326592805,0.0
2007-02,0.0,6762.910414212982,-52537.85700881967,-13338.858948991396,-11840.48983182287,25988.892927634806,1499.9940445915834,-936.0501597066133,-10220.415048935087,-2550.5753515035403,-4444.543838070244,20256.714881068438,104297.35861794603,-86717.11215652732,76839.52350285758,17146.92056411427,-2617.114830403366,26569.21673035708,26494.11975647075,0.0,1414.9290236091463,-21708.850027016146,1867.2037036037837,22677.362499445808,33474.88403849967,0.0,2596.5652498187947,2273.789708958061,-4857.187355487346,-7543.273971698192,-26439.60585821679,-5867.485368415786,-1963.1198969787456,-1082.4110571218744,-26835.477892507282,-23939.82104707754
2007-03,-50460.374738151084,5043.34719630538,-8710.075806244382,-7952.674006763146,-6406.365788855355,7129.874954842527,467.1165097886033,2039.5297871755133,-6153.170966400221,-1781.1607928961987,-3171.6708477995735,30886.75027476145,153071.55699705632,-17744.55744364344,102570.01861042187,12342.447787583582,-1298.2173604137188,22129.906353309052,14807.979244041107,1590.9008964151976,990.2006093944914,-10858.940047261429,1375.1198532386704,14456.192039196689,30142.26098999558,-3429.8776664547136,1941.730113477557,1695.5183534264518,0.0,-6357.880264492189,-17640.19071283504,-4925.645317340238,421.85544225624375,-795.6504898312683,-18666.00860184728,-20230.017826608942
2007-04,-55253.29285380661,9760.816288262184,-10747.470871997051,-15077.95156591405,-7256.5396745133,8804.979009687837,640.2606000586854,1300.670218058487,-9484.479521437388,-2905.8842620375885,0.0,-76524.6157649952,161298.04101622282,-16620.36311191267,76537.20833448935,16081.664716535013,-1830.9513555088597,40936.994219653185,19536.510955828668,4471.287292817679,1406.348270207082,-9019.13492191473,1986.8116526950523,15674.92323268211,92038.52728785161,-2559.0941569865245,2818.6122514475214,2624.1095533568123,2149.988925726824,-13659.472031576777,-27617.432630736384,-8592.221043156587,629.7722031471136,-1359.2185727609585,-16380.993826535772,-54912.71283079707
2007-05,0.0,5168.707694824675,-3044.2798616168966,-4127.091220648478,-1439.9752201471908,1885.7996462332203,224.46259543200148,330.4822167102753,-2837.3996670062875,-916.5880234459697,434.0886731647182,-4841.7292453369955,18039.712646144362,-2734.782431276813,8322.8622440102,3068.0471816191134,-448.60857843696033,16910.04305184599,3164.8100818628786,763.2847485064233,278.4889737595107,-1678.9366494034891,488.1425639856354,2947.7777875728384,41766.667694911084,-427.2163259964805,681.3369981450022,569.0855602816878,902.7651933701657,0.0,-3499.9594698520427,-2757.8849450646558,172.70850424342973,-499.3584973508293,0.0,0.0
2007-06,-12668.817474609896,0.0,-8448.652708238507,-7552.567488137271,-2929.920907409389,3959.056518811374,724.415633139771,1384.0757748336428,-6438.958108632816,-3894.6342633044105,1848.0690607734807,-6869.515831667921,46269.14765247917,-4556.96114739021,38438.18151170971,7750.935214321696,-1116.836443888268,0.0,6034.456099167433,3143.835356304274,547.124752921594,-3920.1178571691535,1950.9563369844034,6051.247010001395,66667.5835489885,-853.2765888580982,1829.5479387985654,1394.7788810193504,1562.5357940628876,10141.207115424791,-3681.3526033026305,0.0,488.91855958957365,-2349.959038085377,0.0,31478.540017133513
2007-07,4876.66351341932,14091.725110571713,10546.552042258183,9024.823561157,3937.2441036580312,-8485.754892300383,-1873.453059095651,3988.8412144606946,6669.640807043584,0.0,-2181.9553543691472,7817.755012969319,-172798.4697002155,5641.498632490447,31542.533880248702,-11805.56700480651,1290.0634515354864,69674.04159101032,-8450.078944912435,893.9106881133929,-824.1673328441951,8111.1006187718995,0.0,-10646.302723093253,-51569.02149107236,1111.1491380505759,-2785.449555149299,-2554.81630328393,-4390.112799340495,-26409.248089519668,3469.6089353416205,-14161.378734071448,-1140.098993164142,-2432.169845053635,15962.987012987014,0.0
2007-08,10188.431350884059,15843.729995030386,27950.506670176714,16536.49644976362,10357.1934653066,0.0,8220.517352729097,7162.6377294580425,15439.0463046407,35300.01358804254,-13596.484878543546,19707.982865055867,0.0,14385.469942020145,25772.231283536326,-35706.48430020044,4655.532029516203,72471.9710323921,-32972.34048489137,3772.620876307512,-2546.520826362831,27847.258725570566,12361.203323964248,-36339.00689655172,-200105.1884407731,2550.4141256562725,-10846.860043950366,-8626.731131423929,2768.503614651552,106707.02854271358,7683.0774157361975,-81791.27933951971,-5041.692560690433,-4800.333020409824,18525.795257374193,214838.05161818923
2007-09,-467.0209945006169,-579.9541300928204,-977.9122678748445,-585.4630562082725,-522.8612411702618,0.0,-135.16141422803446,393.2926551910117,-734.4625036043261,-1595.0259751806832,-163.71990624787415,-1033.241507782133,-8731.87216643952,-724.6921460155284,-776.9996094364218,2000.7408687921377,-238.608345367485,-1939.2878018873248,2148.9655172413795,956.5965196276812,176.3463107588297,-1221.5459353559677,-262.26162505351755,1928.952380952381,31648.071373665847,-109.99767504444277,941.3650283178343,641.4464839710447,-223.09999268524612,-1566.7660189821866,-305.9395862457431,-6310.291457286433,921.4639247124436,293.17815431129577,-311.35870033949857,-3910.867865519939
2007-10,-1978.4327035565116,-1957.9430442758724,-2394.543899891835,-1833.316730234143,-2296.5046613492177,-17513.652186669435,-414.4263754599395,852.6189855208853,-2911.6111736277444,-3238.061313379497,-912.4789700826566,-3479.395154515813,-21875.605379446934,-3214.7234316359254,-2454.0052064182787,8646.989839468655,-891.7371776118118,-4275.56757519708,7889.415238095239,1330.0772161881291,1061.2510424458321,-3734.2223173258703,-944.3788908900517,13011.712851069871,0.0,-341.19660630336557,4678.030166681848,3850.1829658199417,3912.479765277216,-1914.3819997726307,-996.9902479738918,-6408.0730176371435,-2499.0574996275222,1155.509656227502,-668.0218522597224,-10653.939723747179
2007-11,-4094.623390289284,-2936.5875761903803,-3751.799763339799,-3106.3883779614557,-5069.2976416354695,-17312.245948082757,-962.3417164487163,1870.8869906268703,-6633.253472482271,-3269.068434950562,8006.71286928369,-6065.673262149973,-34447.87618554269,-6528.007756751607,-4419.319003201893,19772.883223107427,-1201.957242949686,-6071.4300419545525,26627.8818003557,1561.2386063716012,3909.0776674836447,-6147.45115516821,-1590.5031156286793,34763.518485443834,-73085.77003309879,-570.1613610439593,16640.108304929745,9573.377138172877,2721.942860512137,-2508.995996820372,-1777.1692810924303,-3917.6961706838433,-1234.918161759004,2790.0902245577827,-1774.1836769008305,-65145.356286083355
2007-12,-8023.99943592914,-5377.800942996156,-6847.415241742993,-6835.624626218782,-12197.29936898586,0.0,0.0,2779.5018119715087,-24612.87296429899,-4884.4792865726395,5999.981574247184,-14501.62526006915,-52743.819304900084,-15665.920529026227,-8848.297879825397,42117.83733826249,-2004.8149710193204,-10978.011851024226,76629.26117759125,3243.7393384098614,0.0,-13134.28512308848,-3494.9003500888116,97685.3802283052,-98680.90935227285,-1252.2685328541256,34747.34688161336,36679.80862914622,3441.439938776111,-4167.451423023012,-3758.1952834072495,-5530.582573636304,-1586.7278112162032,4725.199156048022,-21715.11410788381,0.0
2008-01,-4122.444847807875,-2473.02390999221,-3434.484568295291,-4447.414217842689,-6662.729266172725,0.0,1233.3751544481051,1083.9151046142758,-35475.498007968155,-2049.9114962744306,1729.1137253362897,-7229.944074681887,-22123.800369660883,-8524.992772268644,-4872.324832020841,24790.65158097432,-897.1934754348721,-5132.709564492602,49080.94713909969,2545.3412850938053,-7855.035279452197,-7346.506534039504,-1772.1676482961723,51784.04652922093,-38151.94889366556,-628.0475214645343,13498.636956671018,17458.4230673472,1629.781228566906,-1450.0936920749011,-1847.9017451198754,-2093.890227177416,-620.7191327224891,2006.0570925435964,6981.521667363601,20797.730432832468
2008-02,2193.404338841147,1309.8584301622732,2134.950730248109,3187.2208552743086,4163.211483278848,-9525.748555948114,-676.4377580756441,-1051.6330546759386,0.0,719.5863097594846,-782.3653146842213,3778.5011574074097,9869.203115258599,3914.718913354649,2496.794209982451,-14418.596750056844,435.53594525123185,2506.5070428642352,-24858.576812840685,-4854.0040724269,2527.0794518729435,5936.43819464122,924.6989412498809,-14547.73752317356,12721.408992238772,352.3640780221218,-5175.245527177621,-6479.928204658687,-1221.873648184189,614.1348142111992,973.826701102375,696.1075436605512,230.25319179973803,-993.5913588243277,-2839.183463631689,-8294.096108684123
2008-03,-4302.898980332498,-2069.1935070810573,-4046.696142089852,0.0,-8277.25418680876,7382.190411994094,2215.351969422131,1392.4145932501056,29132.418775297254,-789.1818170047088,1551.3676656720602,-5195.923318588763,-15091.007862603323,-6446.728508169185,-3698.374193920562,16532.798080252145,-744.5689571277178,-3534.4926505405006,18470.72292268104,4822.89080485713,-2829.0629877505653,-21622.067286409936,-1879.2925530110253,11630.926524119328,-13484.301196179502,-609.5558003833974,4249.942149627762,6570.817354731136,6162.948990834153,-784.9284281861558,-1581.6241034118084,-779.7442023130956,-255.09521692137884,1204.9262802525047,3595.499955795243,11169.7445696554
2008-04,-10396.2645097757,-2468.7446160198087,0.0,7559.8313854938015,-14721.89742439774,6931.1859952853865,0.0,1867.8194854491774,0.0,-771.7057218028475,5726.634018031736,-4618.488605643125,-21386.479331083767,-10096.641449004137,-4184.762568554104,14018.849372661825,-1001.2720000472642,-3744.321382678573,10807.498097633003,2248.9171479342513,-5815.779601724715,0.0,0.0,5401.596344208887,-11643.441877552279,-786.1315073986559,3490.6649929270684,3949.061289477125,4481.447208053085,-831.2834924172683,-1966.960972915327,-729.3582739782863,-235.7145408632908,1046.563888023206,3870.9960423449593,17052.784697508898
2008-05,1815.9250027601634,-969.7805832753547,1799.959853689,579.1488335644104,0.0,1186.260387312848,-706.8866443667897,572.6252649106875,0.0,-273.2314390618686,1067.0112400126393,-1426.2673690639792,-15684.73875288613,0.0,-1400.2950631861831,2914.374736379868,0.0,-1237.9632222420216,1286.0943676687828,913.9064102954768,-1497.7543798871625,6445.22539276488,482.9299292925909,990.5882476167443,-3338.7185536733014,-409.5510804964696,816.2648945105344,831.1107126016831,535.4564637938693,-205.74497477444532,-651.1313978529697,-197.9246410517306,-65.04283467850055,245.8472550209465,1722.7870704420393,6577.4019109221645
2008-06,-182.01006518589875,637.7039997471403,-138.9957200554585,-100.92374516972151,-472.19834843991146,-177.20486872410993,33.43601359003398,-57.75817639138398,596.2203840196222,128.69980464510527,-128.50955131052865,576.9509399430935,0.0,-1198.2311775982155,519.0847051469053,-701.7513179690644,-105.70983633995299,507.80432606915144,-237.74117942801865,348.0353934298404,0.0,0.0,-62.450088216176084,-207.04476182399577,1222.0845332047866,0.0,-250.55158625028974,-195.90357468252824,-219.3375384709144,55.979649845393084,280.820531497764,49.378793945866875,19.0715146021769,-81.45647236941711,-280.7643312101911,-4307.138688971018
2008-07,-2570.9840240580475,-5129.75520416417,-1530.6768017407765,-1550.6794845250015,-4224.792096204116,-1823.9139784946233,281.2317751186775,-821.9150701530803,1800.2094716600616,0.0,-3326.619333475535,0.0,-65653.82460072852,-7712.286046638464,16781.080542706004,-11347.872713354278,-1117.2268470343397,0.0,-3140.1788876639357,6629.468442573173,3063.9804356230775,0.0,-645.182171907319,-3136.9061238379118,57092.44906050551,-970.7266503451343,-4713.759384942515,-3800.0323914627274,5278.536800352579,1082.127927519953,15723.533245746989,849.0246893217952,447.9177602728503,-1284.6984918015544,-3883.0924855491326,16952.31450614344
2008-08,465.6755788991706,376.20999226941285,272.6469423340662,406.1359508759412,645.0307866865107,290.79243206895495,-48.162324997021,189.62563324421754,-154.08892022367297,262.784560759887,-928.0943824795744,3195.283140261908,5051.267230658753,1263.7925960802781,-2702.383675975291,2624.947542939777,204.35841698516003,1350.6495245849867,551.5439338616109,-709.4985097835947,-296.1802254228442,-1589.9210240523257,87.74068953066886,534.0054631744403,0.0,113.48438706995663,1469.282757376611,828.7928588909915,-1165.6208250678105,-333.238303751952,0.0,-190.2642509925192,-145.00480823400247,247.04004852861678,504.76190476190476,-1575.53915014823
2008-09,-3701.3433241597318,-2503.2846650863926,-3046.019631569559,0.0,-4880.723954598899,-2250.0533997864013,1279.6833010662583,-2080.362151381809,857.8761780964114,-1116.0914167901437,8742.15618800858,-10170.047534028743,-26299.516755505152,-10010.322804715692,15388.990538375236,-24255.73267923546,-1550.5478377354266,-6254.278309129344,-4005.0409738083013,11214.23276501112,1588.0655116077378,2373.9025999912906,-621.1128975032499,-3836.058185702109,-86576.47200096068,-936.0215106848879,26590.19022097263,-11019.620680324582,5321.23882337696,7715.18021917003,0.0,2499.28727813964,2412.477870683081,-2102.0314106427486,13270.084707980383,34412.93029761443
2008-10,4204.896647778331,3105.2971239133317,0.0,-4721.5000328491715,5797.939946327684,3204.3561499725415,1553.357385042172,0.0,-893.1336652816743,1065.6453843741542,-6341.142931190878,11295.146327467484,25205.352035086984,8993.684804998116,-20595.350514140086,40917.84047739036,1412.4239389420738,7181.632599041617,4571.302671295012,0.0,-1795.7571347212556,-1377.1697244990771,706.3725950275762,4600.03481091495,45145.700874012604,3492.8714771436125,-8278.056641524898,-31686.643346659053,-13363.627378304918,0.0,0.0,-9193.923094510952,0.0,2353.681316498953,-12044.550556266613,30503.440496333893
2008-11,-4256.843445064306,-7195.160118104093,4787.534998343566,2272.486622926009,-7257.584058282616,-4590.515263808012,-517.3109665188019,-6061.650430448575,979.4047062387597,-921.9063077901594,13550.53125772177,-12095.806722364794,-27372.345862565624,-8767.686512311655,56368.49701814491,-46455.748058542034,-2068.4017967920836,-7329.454543797573,-4664.370962116558,0.0,1904.520105297576,1036.6003818664972,-753.2169432657518,-4908.46844799126,-31778.582746235395,2076.010692135378,5025.008645946938,8393.833657490282,0.0,-4197.50113977293,28628.16950700352,0.0,-6387.786424832189,-2027.9299889404608,-4015.03836466936,-9159.679305161182
2008-12,4748.159749412686,0.0,-2225.469658313747,-1747.8285673536327,9250.755483821857,5505.339826243904,365.47552575231947,2433.339669348422,-1188.2924301724577,872.6565525767983,0.0,8930.791904263864,33302.59040099704,6590.692111450454,0.0,34980.708500762856,2087.1312849765045,8073.522917490308,4806.9139283776485,3295.5976386553593,-2466.3723461450163,-886.8879753146695,708.4280342120842,5111.787214464665,25029.090832044418,-1085.7928573004633,-4992.975616362265,-4921.042949823898,0.0,2159.5251988707073,0.0,4110.656288605214,0.0,1570.3688850714968,6286.117830667185,4602.689019419303
2009-01,5179.698826148523,-10004.690015424965,-1944.7669974779856,-2333.3264499300326,10235.04035624827,6448.230541421529,324.38532229832896,1434.0700417347125,-1815.3219398043304,1089.8738217267953,0.0,9553.754958243044,42261.700158484804,5909.069970236343,9534.451753886779,34120.295466859294,2712.0377598465707,8981.051301986006,5687.763238629698,3356.03805587069,0.0,-1067.213404039476,747.3588582603106,6489.465663489091,29826.41825024392,-944.1032436040839,-13966.484413349335,-5555.5644182058995,3666.932583855963,1825.9681919137663,0.0,2402.851981842055,0.0,1542.446372324739,14484.49216687203,3912.015590556213
2009-02,129.4843658528344,-259.774478724498,-59.07155569443121,-89.39271794770175,195.8268799553853,178.56614078389447,6.699833070211371,22.84935402706197,-69.64523558563428,34.69567707587939,92.83373630015096,185.65329891409732,1252.2868622378776,150.34181332544807,159.89868836435204,772.4733881086332,78.570936592773,212.6857139882115,164.29026996174915,0.0,33.75176242944988,-33.47302620204106,18.98057537930322,171.92326356313282,938.1011380562547,-32.48077257744866,415.2615348566695,-353.5818838822616,84.96298875622001,36.07398454974569,0.0,46.2270428332599,0.0,38.152223236594814,84.93913668418453,96.76556275640647
2009-03,-3768.288801231174,14296.834213650714,2547.6924615095,6210.9768077641575,-4581.322662694528,-3415.5223598495168,-172.55229267492413,-575.3648814183042,4152.288030061922,-1265.2191564544016,-2421.44517955227,-4263.506181056602,-34337.46459507769,-4135.011496902813,-3951.5311444134404,-18626.17485980388,-1562.2632089862702,-5692.338480916349,-4899.813011549285,3824.8132243073114,-527.5494411294692,1309.789247706922,-563.8623274284116,-5354.079079524363,-30492.619101691565,2837.0438432924348,-3735.49258011264,-11834.953743415082,0.0,-828.8458473973861,-9066.790739006425,-1028.1085596677522,0.0,-1020.8336709593722,-3802.9495819073495,-3079.45732887817
2009-04,-3958.023220642062,0.0,5666.154280767301,0.0,-3806.4655461089046,-2729.6086576987095,-216.52793252753764,-574.213518138308,5610.432464460192,-1393.130319544957,0.0,-3908.8871464616495,-24295.657019989965,-3266.0237683762107,-3120.699971843327,-20683.845462246787,-1181.7910049181426,-5513.514369954625,-4884.423019916962,1541.0009266235397,-340.02933948961294,1810.776125226491,-510.9664112174583,-5141.924882590282,-32559.45841818482,0.0,-2381.672416647699,-3407.817792383461,3489.3032923505302,-649.2628935672191,-6130.657984687756,-756.1400713098961,-2534.114543692163,-866.7922128708663,11876.562594359566,-4705.409273828971
2009-05,-10270.424618418625,0.0,0.0,-5204.95573032248,-9230.06641624508,-6794.4396667972715,-2014.1414823736866,-1777.587268209615,0.0,-3811.632769335989,8991.66617644175,-9720.904220789069,-46577.22373717698,-7565.190867416992,-7894.680668297714,-64705.04629025951,-2198.64346096338,-17739.799758574176,-13250.344889751881,2232.294407761507,-762.3860128042636,9761.519228566623,-1304.5994855402648,-13549.359272133803,-80723.1623814107,-3869.3754631698753,-4751.204201679952,-6137.386612130608,3971.0408493760447,-1737.9253224803438,-14496.01124627724,-1673.1005334232184,-2860.7193990278383,-2195.5375044855828,7135.601132862344,0.0
2009-06,-18935.602467640267,0.0,-8118.177221174615,-5800.670394518732,-14083.17658021318,-10097.272333044233,1286.6887414589214,-5572.3065975288855,0.0,-7047.555590898098,6193.6383396984575,-13126.903222896692,-83310.12869240511,-15049.142813891587,-16446.82304298859,-246609.15958806282,-3093.3052821647016,-37536.20323405385,-21132.955879671375,1407.033084225409,-1115.308969748107,22549.622789849614,-2581.6156454655575,-24210.910556955077,-97649.85225342121,-3240.351932624491,-8347.9409206067,-7410.460284709777,3481.712919568321,-3118.5185574974075,-27119.56562622578,-2710.6447193909844,-3594.3645665296763,-4272.7843011098585,12587.303542828982,22657.362184080823
2009-07,-88415.5648580363,-63301.57061063795,-16791.414299922646,-15768.377837898986,-42240.968153598245,-27138.581679095092,2493.139653956245,-40153.72004684602,23532.618924161245,-25860.25569198848,10078.642661908296,-34156.27219990507,-388567.68617021287,-69729.58530894862,-75563.86037136712,0.0,-10675.855973210855,-174599.28488802537,-70084.21477013313,4340.352826405072,-4223.700343298724,0.0,-10451.426804661223,-130272.13319958505,-210292.68926113486,-6343.040406025018,-37482.703176071554,-24165.09213859834,4072.99050696829,-11532.092116172242,-157778.9426224248,-9027.290561176706,-8156.203228794046,-18764.76501546672,91675.92943455008,49629.49946463182
2009-08,185868.67626229665,21320.28440835374,7297.761643986309,8072.292531527141,25610.32790494109,14214.861813098181,-1052.9364331610263,-25434.146627222402,-5353.5248001419595,40149.797201008514,-1885.0203999192086,20161.531042534185,222124.2457783629,77492.66420562593,110858.50095393838,-186205.43491183908,9105.88095517966,0.0,60291.235199807954,0.0,3257.526597555717,0.0,6746.352358788631,0.0,111611.65566446619,2681.8977895935745,34979.777528537226,17347.366759173612,-2008.7583328816863,6968.615514385363,-43929.69687509146,5337.166599220211,4334.230192477306,29156.373737733476,-16067.432443599702,-33255.86436419761
2009-09,-36580.369993330285,8007.821426968758,2335.198910906066,2556.640656147147,13586.839411390627,5989.869308950391,-286.25317941694385,-1730.3834864483672,-1234.6561774040497,-7323.3688381891525,-581.1050891550592,9335.696545495599,78317.18737082604,-22308.86647199363,-41895.46969419516,-37493.725949472995,0.0,-19379.5655984453,0.0,2046.067660967624,3666.35118779554,-3150.648153482745,2813.8738550448506,-43505.8428626896,52023.11170212767,861.6438113751419,0.0,10119.149927898268,0.0,3201.3479230323546,-4920.948848982996,2015.92091666148,4639.759335115361,0.0,-2061.540680068064,-20423.86031258309
2009-10,21986.43878925839,0.0,-4134.813900682422,-6100.474693447636,0.0,-19489.989684379005,361.1083975305671,1759.5893709763484,1864.9713617818502,4751.366714115067,0.0,-36255.49646763213,-217458.61380963298,11859.968634425923,20552.92272569842,49140.768542106445,9766.93192587057,14503.097144843801,70361.3014199054,3012.795898879228,3005.95638878212,2504.684817209274,-13204.944862041879,53312.59223173514,-103922.41498916264,-1850.6981219660815,6547.611393146066,0.0,-3309.0723899599852,-17384.937864332056,4972.01115254368,-5177.488616262202,3399.927172444959,6907.2136508129315,4184.7288084464535,64019.77711593046
2009-11,24297.057887014416,23294.116336175135,-12107.812368674699,-29030.00313503529,56093.3160756812,63759.988410394064,602.3474511389584,3894.906828809345,3988.219320575004,9151.072444736265,-6567.624590760275,71608.70719405363,881392.7762914178,14114.635816318372,28585.635419762762,84399.26049186407,7094.998617716217,17806.446392476457,105811.25175764228,4211.599456275487,1982.6424622778234,3963.0939027784307,19435.01382684536,54758.12963994116,-251388.50267178728,-6373.895949145117,6813.449709754978,12995.259253572345,5979.594913806101,27352.320355501677,7764.464120307396,-34504.45682997202,3040.6772049659526,9328.113884041864,8405.409809353105,0.0
2009-12,-8292.692870280127,-4800.200407482925,12840.193694342533,53844.95807276861,-12010.916508609243,-9038.449291922523,-262.2681668597357,-2402.3664465705588,-2375.1876906294187,-3667.463678593453,-2644.820827260391,-10411.422847015123,-162818.90119099422,-4949.429941681211,-12602.36111446067,-36849.87701813665,-3078.4048249748107,-5657.774981709841,-24219.94195612782,-2037.922674492791,-482.07173342550124,-1637.188600037502,-5667.7959902001885,-13314.096844890826,190898.78311532663,0.0,-2255.707507675133,-3013.6412177762404,-1862.8228364295421,-6943.429432035457,-3092.369397598392,-12098.141695702665,-827.2188938045942,-4397.4978519064725,-2472.7696486133423,0.0
2010-01,15007.087216083331,6640.790077097022,-98325.57561114267,-70079.94744909133,16413.77356116007,9388.428580055626,641.4710282033595,0.0,8027.939009637602,5832.305527641582,3401.676483914816,11400.282774718684,210132.43942381104,8123.982827697662,29034.30693826349,90664.01735916926,5397.783916699555,9002.173872379948,24312.698586322378,2716.5424739195228,691.173194236583,3221.2540666182726,11481.905122702496,20173.53199651099,711894.1654661451,14440.218738963495,3796.907097617331,4119.118057493722,3721.4240142911835,12549.658512693532,6047.585306259387,12679.305919369095,855.6439835839049,10155.953346508417,15986.691066378307,199145.41695382496
2010-02,18708.271372857107,7613.885072369949,-80091.36851324722,-102375.86904542948,19427.127912331423,7931.822342829484,1017.1864711382095,-10362.783638157392,25659.78341260441,7726.293853729089,4253.056016332781,10329.245095682527,152351.33784279102,8529.219404363279,42569.295532988865,205266.17154731217,6200.548750925685,10143.41615284338,23055.465138869702,3555.015106867095,764.9927881969513,4956.91344131357,17671.10977128274,21666.464650396494,339795.96770294453,35823.56943028225,4274.572052131717,4339.32239727695,3104.6199701937403,13084.115144912283,7247.4411880858115,14342.46687164975,803.3474078735718,19946.472886817035,-30822.267431107834,0.0
2010-03,927.9111406929861,360.6859281253306,-4265.661210226229,-3506.0195889948304,838.073246016518,304.6698298133275,120.52787878339053,-294.58360094198247,0.0,552.164560866694,129.3591654247392,386.8563251284601,5564.119215045983,372.8944413250983,1992.0671707226352,0.0,353.5907288360082,440.37250749089105,902.7693604331873,0.0,32.13223059249842,382.28280998274295,0.0,762.1185265490179,10006.306639229098,-753.1465254858025,185.13637650715467,178.10716883882154,148.12562945279564,511.75444622035303,355.1921888260469,545.1714643713451,31.151388889781114,1508.4217762352673,0.0,0.0
2010-04,-21160.834033121308,-8247.53210694122,66614.37219090178,36381.21473185441,-17646.060549582744,-5300.129210236165,-3204.736109298177,6899.564970289763,13761.251008154852,-30904.24728084378,-2814.386959603117,-6752.298695120929,-110626.00405825643,-8440.51676381028,-85249.68078932099,363759.91673246725,-13484.186704309452,-9263.348600907066,-14480.252004431339,2239.451658457617,-653.0352576881892,-20313.995201645157,16194.632480854894,-13271.585866885785,-120611.47579220953,7265.694257890843,-3586.4184962212867,-3517.5911536359386,0.0,-7847.262544185833,-9117.728982538629,-9723.334478186707,-591.9898525492368,0.0,0.0,0.0
2010-05,-13643.851792978008,-5420.415426804364,18190.607365927204,11418.237492986882,-11180.338363219727,-2629.1817879045407,-827.3549829259526,3917.85088030489,3785.924464390176,16904.92038898962,0.0,-3542.497192588434,-35210.41594868318,-5309.740004459414,0.0,90919.42099087493,0.0,-5391.340897593164,-6635.792933442893,0.0,-346.207416904205,0.0,3264.1425971635604,-6946.012868836587,-52859.13254293684,3541.3376196799218,-1889.885515783881,-1793.2092481106433,1119.7258292288086,-4083.145984125207,-9252.736378507689,-3923.6312720929163,-340.62053808413737,6993.139531610266,7678.4493075739465,-17794.368477000386
2010-06,17114.635241426335,19020.535074363434,-14423.036833246588,-18002.21726621538,19317.989142233982,3606.6762955851855,631.7003225598028,-5050.180349625864,-7314.040997280561,-7012.739515021113,-1414.3905211311267,5330.852692932808,33303.9670680491,7123.940919153799,0.0,-109932.25561030234,-12112.747227793969,9247.261548418415,8773.910992214636,2847.2619723359126,510.8505441696293,-8691.316426203064,-3805.741841987818,9419.468365528392,69869.05519468826,-3367.817811978766,2275.694260514297,2387.223809411218,0.0,4567.47561281042,0.0,5157.658085210788,529.1682180749928,-6931.1570938245595,-4796.411801808114,7233.667571902713
2010-07,11043.306276715584,-11727.995473773391,-11251.385791384613,-20226.952828757778,15627.2518897906,2786.666176297886,300.99163196562614,-12977.781993483015,0.0,-2841.0433070866147,0.0,4191.900003520591,16428.382534709253,4943.737807786291,0.0,-69512.88546944395,-3564.1644008424237,10019.850915268453,5887.167728455244,6935.20782396088,336.67065159965927,-2988.8877350448756,-2304.589239961004,6445.707728796512,27797.696801591985,-1818.6950564562108,1236.8037221380657,1422.3089128214356,1779.5387327099452,2323.163115452356,-11621.047483729999,2854.6722580065125,449.4987491480657,-4472.864228570509,-7294.6788098262305,3114.0511549796665
2010-08,-14438.826858638124,9982.993536039998,31014.66100409526,-29394.66384761609,-17986.585686238177,-5588.364150890458,-347.0597357267515,-14765.811889829965,-8281.191511220284,4942.676014235682,-2728.626056821916,-6827.11004752239,-22003.2059309723,-10228.950873467817,0.0,65352.884986512516,2905.137146494082,-61936.69409922369,-9883.418517487986,-2549.712744753195,-530.4326374333331,7009.289289060538,3273.1143130431115,-9855.354946153244,-31916.30177354706,5336.841528324179,-1668.052663094447,-1896.432373945034,-10633.98533007335,-3368.245296341728,8300.634176585143,-3562.1834436936124,-939.459093398415,10716.63454908686,0.0,-4702.941583867407
2010-09,39763.40020943458,-24628.253976681837,102242.30903518641,30495.007765373015,40317.87182485306,24894.90287642954,1427.6086712344154,0.0,14433.822520726138,-45404.94161859184,36987.775061124696,26366.601641526886,71758.3534948829,51419.27997007879,0.0,-162834.65010051613,-8091.022743646275,0.0,34279.49546488085,3738.2623307304543,1934.052869982553,0.0,-12283.315690820056,34563.61712089201,87618.04018511603,-39408.10842258656,5472.847107308837,5801.922306415468,8868.566068706765,12114.17802394797,-23790.16075584764,11715.635813362533,3192.3631078646386,-42465.71433230598,21416.206013212886,22644.66932725199
2010-10,5873.3005179819065,-3888.3970913689523,5336.626358940278,3008.1446635740313,5825.092814376931,7664.806743916475,302.9721197367921,0.0,2183.1562604285264,5385.857252960274,1551.9990620236838,6226.317922980409,13215.64601825698,16462.131744252754,71886.42190824288,-23995.80136884741,-1429.9721733468718,0.0,6048.632996156102,0.0,384.09716424822915,5040.725267699303,-3772.3843286973897,6952.321219351451,13393.255784070097,0.0,931.0154798324138,957.7482437790463,654.1959078778294,1872.9312875373541,-6294.324432378073,2119.981154190895,503.0831002692055,-9323.055744783213,1628.2473922456209,17072.824308587016
2010-11,-27061.260549409406,51999.172930291934,-17404.265553535468,-11349.825022282164,-27352.778587523022,-55860.90395809386,-2165.3472093688483,127409.55803730547,-11051.425786690434,-12899.157929497229,-3784.9906098645847,-52062.02096970477,-81436.44215938296,-103140.96448052303,-173676.03512116114,137875.37304188576,9266.017888353485,0.0,-40224.14419767625,12008.478309564696,-2253.563784124561,-14614.245302235217,24833.95702332031,-52279.4240815643,-72655.33291356894,-65091.472822766285,-5012.368165266536,-5386.5895618875375,0.0,-9929.601049356015,0.0,-10836.24530646612,-3421.339361745266,87087.24540418547,-19165.540540540544,53145.65536551672
2010-12,18756.733654320222,0.0,9248.005573711393,6383.96529878431,20041.85280588013,43410.8662557089,1455.7948192719668,-30494.356109207263,7915.238633945852,7205.287929010456,0.0,77607.19250862014,55328.899243672095,81990.97388024599,72802.55420482233,-138869.79741651798,-12899.956174949593,110978.3329930584,42598.049251644974,4948.299103956863,1531.2907019597533,10292.022370591623,-21732.657788896628,39750.312022312064,62302.331228925774,15483.53845359559,3647.88856232299,4084.1518383653265,-9784.686030015677,7300.345219188509,40258.54316158355,8090.786040216012,2337.0200485292107,0.0,-71133.04382155546,-47008.9892285432
2011-01,27655.44118119571,32443.18696343118,11123.575899396905,8541.835783824106,35620.16739309595,51775.24480156417,1485.0643791786422,-56756.58254429782,14565.446180776042,8757.074842932701,-17049.074143209138,146434.7026575327,73072.40192228858,193296.2816946926,97724.52249914792,-259757.9881978865,-51657.2859128079,119180.58730867945,69261.90731160436,3455.3904822435848,2331.642756125237,15690.295869992591,20959.079742270496,64630.91892446377,115619.64010282766,18057.96947473038,5125.739511717857,6356.169464653694,8622.036317500595,11786.65869988202,43201.11825480301,12720.298487979979,2627.0990021051343,-560615.3041659405,0.0,134307.67209668938
2011-02,2341.097294603759,1622.3803536897449,742.7683290281832,592.0851743213798,2878.0089406386946,3622.2138312803204,111.02164000962642,14882.618293502259,1272.6558769785936,619.5303886522775,749.7422884783126,12422.874830340303,5408.40534675373,10762.262266050117,7207.529236974066,-24181.216331083266,11034.053930375238,5506.63081249385,5620.07990647511,369.4743787112381,175.88039312993274,1199.2785809008867,1336.2351176778259,5663.932657975953,8383.166552071529,1051.0138564166796,389.22377200114767,445.7164792798136,300.4687375863987,1060.6285450468276,2584.008391313289,1024.9268434680018,191.71245319035575,0.0,1200.1015421717332,2402.307052470243
2011-03,5666.60559423476,2510.0993020611127,1243.3788660748976,985.3827459428667,5276.419007412553,6838.217985678886,222.47035158633307,0.0,2423.936512663744,1065.991109539844,630.9843489314372,35297.58187468299,10098.404960900398,17520.24038604296,16187.097702561365,-60142.201416146156,8629.450726273706,7857.672198967376,11894.2585817495,-3613.3301819900717,338.42262057630074,2659.7771286634506,3060.4830811250745,10256.9372234451,13343.656003200522,1707.2793109331851,726.0420107502312,817.3699212024101,775.8961952935999,2338.830358685554,4974.795376815976,2227.319944598338,342.82427358028013,19895.59982112276,2927.7625409183406,3005.54711722487
2011-04,-26702.58926940176,-7895.038183576144,-3472.301104751054,-3023.263642333885,-17272.22835791384,-19943.312652326225,-1257.207964092531,-29393.080209622924,-8495.727639827768,-3451.687895670515,-2734.110402463162,-79640.74076877085,-35730.3974664712,-74432.48138584572,-71327.85293430116,243144.76871352235,-30395.067877348247,-23112.57448115063,-36143.49307309226,4442.752377276396,-1124.5688308063827,-9417.653489641592,-12270.475892586093,-36677.935577637014,-40022.1995659776,-5356.7000846708015,-2453.8566385404038,-2558.4337521674815,12732.687307965014,-8765.61299108728,-17771.352447690613,-8241.592692511,-1139.4550301223017,-72833.64266904956,0.0,-9549.246821544963
2011-05,997.9797235475808,203.22413489980295,81.70982817118609,73.86014110071419,426.17192022669667,426.1301625131575,53.310180524797005,413.94840033078594,220.0885315313389,88.0495496293099,-344.1266839990544,1668.5943224802816,897.165890261932,1747.6696068822819,2181.628870419893,-8584.37543580802,888.7092818828343,531.9833947706364,991.2955561523518,0.0,31.601222781865584,230.85109644416607,415.57214901528016,1023.0534946044166,961.7528534190856,113.10993745155649,60.86820342517893,66.32044969028118,-120.07438857503772,285.53355823863626,412.2262360386601,236.90845921857516,32.4971578088124,1527.5759216513259,565.2393338250708,284.4636305079298
2011-06,4965.273225392858,1172.5920619208816,369.3007055035709,324.45391466716677,2130.382382524274,2144.041597573475,163.04738251865234,2364.3638064303273,824.6393595245737,452.7587666801924,-600.3719428751887,10058.443430519692,3781.262689741852,6628.165782852828,9117.607817088612,-119551.05173458133,3274.7809082629415,2340.769453586354,5115.267473022083,384.24397583597204,169.2406861713323,1148.0713026794283,2563.6205632014608,4554.1596309944825,4828.432090063677,446.80812638574776,260.13212266258313,304.34101712589467,0.0,2216.593871415156,1546.7329877314264,1427.6677911931815,203.30085365815117,5463.021105315975,866.3291139240505,1656.4490736396526
2011-07,65103.326199090654,22878.989874368548,4639.690979740485,4398.231713352234,33299.5877768804,32222.09961782456,1291.0606286621244,76810.8898505646,10292.875254287359,6758.416358079114,0.0,124958.37689208315,49760.111091636536,89320.3247137877,190691.76613996612,5712593.388440017,103303.74088923328,29238.654951465327,65124.482723221096,6445.420185235629,2122.1677739942534,15736.330004490734,51172.90046103108,52490.83917770198,64147.36115372814,5057.032997662933,3450.9133118165737,3719.8893540749386,5494.6888544544,63601.35697364781,23555.802101633446,31697.29236123673,4508.404421909577,97347.42494539176,12363.091568724547,66054.28305400375
2011-08,-7484.862920966859,-3206.030729330107,-522.8667071817341,-507.36156212751996,-4521.4555166725095,-3329.486949346713,-143.96828675019512,-10937.594913641244,-1096.8517513618804,-708.0053421372869,-653.2147589211525,-11267.881830849808,-5613.42097975185,-6960.339384372532,-35808.430097386234,-182603.85304524834,12759.17391050697,-2873.3033052080605,-6240.169692454082,0.0,-213.2192940038685,-1401.8869111917752,-17302.94589778912,-5130.319329860028,-6428.146572561148,-436.4685884999053,-404.9240752315809,-410.2484356705017,-766.2387632797602,0.0,-3066.2457411773694,-7561.000479384706,-872.634879865599,-14533.013840269414,-974.5368043689487,7102.940760238887
2011-09,-19641.267671996422,-12013.450011949588,-1760.8430685602161,-1708.8591029639406,-20774.989051894023,-9850.67634298499,-470.4727642012922,32854.24418069741,-3364.4647678011615,-2168.22539363331,-2659.29923726505,-36852.44166512919,-17619.047820427873,-19958.046208731022,-75145.42865645853,-341470.8086729325,15487.503046173788,-7498.389748128948,-17805.22590951421,5318.634695142298,-687.6313596173358,-4246.710769251428,-104475.31253325913,-18026.83428237033,-20530.39548536053,-1317.074431922885,-1432.9478230770555,-1405.3247316860748,0.0,42863.233624910354,-10694.756775781021,0.0,-5038.266491430696,-56344.406218326614,-2184.1808910309583,11832.639553082345
2011-10,-7261.465815114391,-6331.813252367951,-839.9476946771913,-854.6882437928042,-18649.736763703182,-4167.178602782997,-1191.6082235341964,8381.26003367399,-1988.8156093286696,-911.57445573323,0.0,-11873.520126282552,-10599.796606786967,-10718.838110082346,-46601.78210661789,-188277.39616874506,4315.641226477276,-2983.778182882006,-8860.64735913118,1416.8769642103293,-334.59702854134366,-1871.1000464408548,42648.13749607349,-10130.143973546765,-9575.83578898845,-618.3668128364918,-844.5336361002584,-704.3302859192307,2614.2441721885875,18194.058184187394,-5890.126777679994,21068.36906987119,-3550.2488414361446,-55291.749917499146,-1615.0017669925787,3944.221669102938
2011-11,2684.4167157888146,1760.3771723041486,353.6641008797811,371.91020384957636,19492.449153029735,1394.4403380612348,-202.39390642002175,0.0,1150.9394716771822,347.85435848666083,-1081.7562091814843,4059.263635674106,6395.87561724674,3756.0216047880886,22245.918411458708,84645.4901246928,-1497.578730074966,1017.5270016425598,4191.783713191764,-1427.4263120057506,186.37716807768507,684.2979188748126,-4775.652927117632,7978.862173082432,3583.535149917533,243.43789943067313,440.00092343761617,349.4621942483828,-586.2939162249637,-9326.556643288224,2312.666937311715,-7528.575800353406,1560.4628369737575,0.0,918.221179136487,-1318.7853063867187
2011-12,-13045.380200365758,-8588.086675823051,-1797.5659852729525,-2033.1812295543457,0.0,-5515.810738165147,800.1562305379101,0.0,-8399.440581112032,-1827.1007300066042,2833.7539284206587,-21437.676220164692,-46532.76016548687,-13515.46600031899,-108368.69253327645,-444726.2055215553,7718.035649601228,-5040.781859485845,-38564.50050323176,-5497.093023255814,-1219.5428900177167,-3977.631218657339,17208.19698701613,0.0,-21199.593213573935,-1217.0985770721877,-2823.701032761997,-2126.671129948478,6899.227174694461,-51781.401804302586,-12359.327427070728,45078.35710922642,-3719.96871499359,101065.4635585459,0.0,9110.22510175264
2012-01,11815.019632212316,8040.839050113601,1892.9618344126666,2523.7381005783777,-33733.21860869836,4699.17145066144,-1783.9236780675935,-44689.87826413089,11182.363636363632,2252.3160718772538,-6423.418404025877,16902.0972215464,68816.06331643273,11312.648933382334,143220.04657335294,533527.0501048204,-8038.755701512181,4970.173663824496,0.0,7204.317764921687,1510.8192174648987,5179.22762254732,-12581.574979295687,0.0,28781.44027761033,1359.5509378065772,3298.6458160871402,2628.9630305025485,5117.983159582999,11019.707157306613,18052.127532267703,48210.27064538516,2167.0071899808163,-37114.0484588477,-4436.799635852022,-21263.237354198573
2012-02,3272.65430082493,2235.727921724609,701.0383612717716,1185.931426312058,-5187.412493041614,1352.5605350387598,0.0,0.0,5145.917681577523,1125.4680735954687,1421.661988773055,3495.3791380135312,0.0,3091.0669274799143,16012.401050025843,90915.1548908558,-3814.2971698877345,1393.8653469663495,0.0,999.6895191742889,467.5428529390123,2172.2691158048356,-2938.733825529617,0.0,12034.334525556951,549.0236336450265,1586.1305300456909,916.29050446865,2001.1993791449133,1745.455993584285,0.0,3061.0297659185035,442.7023845320619,-7975.02857868665,1675.8241758241757,6024.564676616915
2012-03,5137.441209240873,2694.998427464198,1660.3039968368812,3865.2471036656607,-6362.953118686608,2047.9922353338338,413.3499761508012,-12059.979675083629,11817.218214106706,4350.13213059049,2801.6791308028783,4399.363474093129,-70498.33372346174,4293.163029802159,14048.826042713188,37936.925003833494,-14152.960110825905,2019.5877823736432,0.0,978.3329422806194,1018.7443935794173,4348.696969696968,-3758.9673631915753,22484.143860552595,26761.80240083495,1342.0945931677231,5248.857617194976,2220.582742063967,1399.5653268440042,1815.5292776356475,-11781.785558422296,2443.638391017999,387.09151698799417,-13682.993180486028,1665.4504277805738,2762.680840651557
2012-04,27997.873128947966,11499.622922843553,15645.047800551483,0.0,-27069.711648195585,9560.294067594707,2986.8269579405373,-23665.23539072123,37353.52262889754,0.0,5664.90727532097,17516.04592238618,-144229.32821967354,17910.698810622907,46626.98872445263,106862.428975428,93892.4979533317,9779.657016617024,91007.24895937956,3120.34089144277,5338.405450421718,29160.20019560597,-17912.35980896989,94754.95420288398,0.0,0.0,0.0,21245.376069598715,3959.919052088221,5808.280543871232,-28962.890052547824,7348.570885668098,1353.404922483127,-65933.4992463913,0.0,8131.361364362662
2012-05,45906.35159781145,12821.72710568961,0.0,-11902.893524864301,-37037.91418098183,9208.240760044082,8788.114180353057,-31665.07138182015,59578.233003824855,-7531.722793160338,3773.5699202252463,16559.34311495119,-84526.3897315765,18993.429266647836,37628.45053395125,86859.61078318975,27941.74429267821,12239.555254833516,90295.89753451297,1684.345378169742,0.0,45580.698825840154,-18764.214085967862,66003.21326384247,-271922.14436192386,-11187.815782383215,-20558.497310990017,0.0,2973.501320080757,4723.997136050157,-20757.27455261103,5534.94969474788,1237.1202910924649,-62274.47825967433,-11888.642075694854,6212.782505360623
2012-06,190049.6003362186,35916.3948004467,-27185.62101357896,-17575.643671365277,-355783.6812914942,20896.171951616747,4056.4016395705094,-286326.4063560507,71570.54895419901,-13097.247437304834,6791.330175493087,38982.109176061625,-238187.04674522602,49471.2961190274,75777.53135880188,184967.62133102378,35563.80710107137,46301.11725132146,150748.07967667724,2451.576055726079,-22468.115435810778,81298.843368777,-52439.46289944292,107591.49475564781,-313910.8908310542,0.0,0.0,-46954.59262386609,3846.961666190152,9897.874141950662,-56598.04196477457,10789.376174929372,3443.876000966472,-146401.61651228316,-15983.688947777222,16046.62177102129
2012-07,357440.0437102568,95190.67639191599,-22705.831553817843,-15639.014336744376,180089.2030878443,30965.782630676797,3443.101035908395,0.0,70551.86640110874,-12289.049772742896,4969.858584969979,56042.34067566459,-525278.7634128466,76980.38145501704,101290.20249903642,263781.4297996959,35238.173279025585,222109.97377792874,138996.57971135044,2889.3115374534113,0.0,175792.56404832273,-120866.88087827282,94658.67249564147,-249405.02649193563,46434.64458955785,62293.804929637394,0.0,3167.1712287488267,12050.418415352997,-70073.04177396932,12786.983350952476,5702.6872636426515,-131414.31945450028,-31631.368980963045,27579.112105994795
2012-08,0.0,0.0,916.092890018499,702.5070152527461,-5031.695534213377,-1625.6157653468576,-257.55135289576236,0.0,-2681.502767792493,685.3185349132809,-185.52467448737897,-3743.7737603588303,60055.20597620383,-6083.549167886003,-6306.815096773733,-16480.515570289794,-1595.9372579899466,21846.79262887799,-5544.8594767321365,-367.8884345794391,-708.3749577201113,-5416.149650588033,0.0,-4338.613734503146,18024.965699638724,-1254.6493935757517,-2593.304721030041,-3649.0094937862905,-169.24837457886093,-651.3820394901492,4710.752614162803,-705.8822502717236,-397.0451322842811,5724.872705489706,-3056.6909132894584,-1613.6799053584748
2012-09,70771.06445402036,-19550.978435415152,-1505.3721755415988,-1299.6069694896257,8586.168693353979,3485.854718571084,1462.2192907105166,-12546.890424481739,3802.965120518373,-1544.380687138364,362.6750883832734,9662.809387659043,61873.27161236022,20087.961276219234,11384.93560188389,37572.99207185042,2472.276172369439,-51990.30107092342,9297.02943107817,853.6940164815476,1016.5879980218418,8855.882811854653,11894.217736761035,8859.3282572997,-65934.572813328,2058.373652817244,3984.5676080824924,5557.081545064374,788.3323598130838,1323.5325662332737,-26911.223294472024,1395.8186560503198,1214.0877590887499,-12983.557188540963,2472.0031373916077,2630.890420826551
2012-10,78451.73762707027,-28981.036168132927,-4072.1018377341616,-3990.512340853526,25282.776454057966,15716.480492489009,0.0,-20269.179082676023,11474.051949234885,-6813.7212164346165,2470.1080607476624,40846.68727009173,96704.49356708124,129604.10682899645,33911.88423223995,153479.75957194055,6695.798010379425,0.0,27759.22853953906,1732.0077834777996,2608.385243214329,18004.37572660674,23692.402937966894,30282.15533643138,-403227.8115545114,5758.852199529956,11880.743589088625,12484.978505325142,2674.9079183088493,4477.962334771664,158702.09973753284,4147.068707530923,5207.5335877247035,-45849.642623701635,6465.351832740892,7535.35313732927
2012-11,171139.2540548392,-107167.78613455636,-14773.386112947097,-16403.30629382928,78015.48453202244,107995.54221866283,-11184.193225379038,-69549.65721114534,50216.19675418849,-54121.600793022386,9902.850591185954,233020.35080414312,274324.18024801195,414155.4116558742,107398.38939118794,746054.3615739559,21562.158652855134,297097.3907042179,112108.40486253319,4987.984037429476,11363.081444782574,44114.395398013134,79230.87813683502,171678.30612517236,717729.9507033787,17056.19795920856,54725.40851350954,43984.02945747704,6412.113921811428,19729.55166920428,123812.07860662948,16577.988218090843,21155.04018825397,-217274.32350192036,0.0,23863.75407883151
2012-12,91048.15924253018,-55051.64892991591,-10464.178152960056,-11163.636964013747,44890.744996212,0.0,-13580.852503382948,-90618.4946452309,48795.23944972014,0.0,4090.486467362463,306086.2948514597,131873.04810509225,92647.64565043892,60413.373595278405,794412.0727557744,12396.71295561664,195999.752944083,109518.91942467891,1863.168372910872,9225.379864592487,27098.29290138452,64568.486299478776,0.0,228387.20821161743,9940.483027221184,77173.67943292706,34911.036465514706,3181.9898169808725,13785.86471362532,58283.14391743594,12586.093306216524,14786.896958777297,-197409.78847234725,-80067.59002770082,13961.751590141512
