SSEC_CLOSE_1,FCHI_CLOSE_1,VNI_CLOSE_1,SHCOMP_CAPITAL_1,DAX_CAPITAL_1,SHCOMP_PER_1,KOSPI_PER_1,bIXMLAAPF_1,bIXMLEROP_1,bIXNRAU_1,bIXMSEM40R2_1,aEUCIHPHF_1,aGLREIME_1,aGLRMLED3M_YoY_1,aGLOCL6IDN_1,SSEC_CLOSE_2,FCHI_CLOSE_2,VNI_CLOSE_2,SHCOMP_CAPITAL_2,SHCOMP_PER_2,KOSPI_PER_2,bIXMLEURO_2,bIXMLAAPF_2,bIXMLEROP_2,bIXNRAU_2,bIXMSEM40R2_2,aEUCIHPHF_2,aGLRMLED3M_YoY_2,aGLOCL6IDN_2,SSEC_CLOSE_3,FCHI_CLOSE_3,VNI_CLOSE_3,SHCOMP_PER_3,KOSPI_PER_3,bIXMLEURO_3,bIXMLAAPF_3,bIXMLEROP_3,bIXNRAU_3,bIXNRHKHS_3,aGLRMLED3M_3,bIXMSEM40R2_3,aEUCIHPHF_3,aGLRMLED3M_YoY_3,aGLOCL6IDN_3
1258.0,4948.0,312.3,341392.0,947157.0,13.328,10.225,124.5,1329.1,4880.2,115.7,553.0,0.0,41.4,0.0,1299.0,5000.5,390.7,385692.0,14.9,9.495,481.4,123.2,1352.9,4878.4,120.5,560.2,23.8,-0.7,1298.3,5220.9,503.6,14.159,8.929,494.9,127.3,1392.8,5087.2,15805.0,1185.0,136.6,565.8,19.8,-0.9
1299.0,5000.5,390.7,385692.0,894510.0,14.9,9.495,123.2,1352.9,4878.4,120.5,560.2,0.0,23.8,-0.7,1298.3,5220.9,503.6,389113.0,14.159,8.929,494.9,127.3,1392.8,5087.2,136.6,565.8,19.8,-0.9,1440.2,5188.4,595.5,13.73,9.36,497.1,129.1,1395.9,5207.0,16661.3,1210.0,135.6,577.2,27.4,-0.7
1298.3,5220.9,503.6,389113.0,886125.0,14.159,8.929,127.3,1392.8,5087.2,136.6,565.8,0.0,19.8,-0.9,1440.2,5188.4,595.5,438497.0,13.73,9.36,497.1,129.1,1395.9,5207.0,135.6,577.2,27.4,-0.7,1641.3,4930.2,538.9,12.76,9.943999999999999,467.9,119.6,1316.7,4972.3,15857.9,1071.0,125.0,577.5,11.3,-0.1
1440.2,5188.4,595.5,438497.0,885678.0,13.73,9.36,129.1,1395.9,5207.0,135.6,577.2,1000.0,27.4,-0.7,1641.3,4930.2,538.9,457473.0,12.76,9.943999999999999,467.9,119.6,1316.7,4972.3,125.0,577.5,11.3,-0.1,1672.2,4966.0,515.6,12.96,9.91,471.9,120.3,1327.6,5034.0,16267.6,1015.0,117.6,573.1,13.4,0.5
1641.3,4930.2,538.9,457473.0,917709.0,12.76,9.943999999999999,119.6,1316.7,4972.3,125.0,577.5,941.2,11.3,-0.1,1672.2,4966.0,515.6,485323.0,12.96,9.91,471.9,120.3,1327.6,5034.0,117.6,573.1,13.4,0.5,1612.7,5009.4,422.4,13.248,9.997,478.2,119.7,1343.9,4957.1,16971.3,1092.0,119.0,575.3,27.6,1.2
1672.2,4966.0,515.6,485323.0,923797.0,12.96,9.91,120.3,1327.6,5034.0,117.6,573.1,971.8,13.4,0.5,1612.7,5009.4,422.4,488190.0,13.248,9.997,478.2,119.7,1343.9,4957.1,119.0,575.3,27.6,1.2,1658.6,5165.0,491.2,16.053,10.289000000000001,487.9,124.1,1371.4,5079.8,17392.3,1210.0,126.9,582.1,40.2,1.8
1612.7,5009.4,422.4,488190.0,976317.0,13.248,9.997,119.7,1343.9,4957.1,119.0,575.3,1035.6,27.6,1.2,1658.6,5165.0,491.2,705971.0,16.053,10.289000000000001,487.9,124.1,1371.4,5079.8,126.9,582.1,40.2,1.8,1752.4,5250.0,526.7,19.754,10.333,497.4,124.2,1402.2,5113.0,17543.1,1380.0,134.4,588.4,47.1,2.4
1658.6,5165.0,491.2,705971.0,1020447.0,16.053,10.289000000000001,124.1,1371.4,5079.8,126.9,582.1,1070.9,40.2,1.8,1752.4,5250.0,526.7,899115.0,19.754,10.333,497.4,124.2,1402.2,5113.0,134.4,588.4,47.1,2.4,1838.0,5348.7,511.5,22.924,9.844,512.2,126.4,1443.4,5352.9,18324.4,1617.0,150.5,598.0,67.9,3.2
1752.4,5250.0,526.7,899115.0,1061159.0,19.754,10.333,124.2,1402.2,5113.0,134.4,588.4,1145.5,47.1,2.4,1838.0,5348.7,511.5,1074807.0,22.924,9.844,512.2,126.4,1443.4,5352.9,150.5,598.0,67.9,3.2,2099.3,5327.6,633.1,24.756,10.533,511.9,128.7,1438.3,5461.6,18960.5,1663.0,172.0,610.7,59.4,4.2
1838.0,5348.7,511.5,1074807.0,1071091.0,22.924,9.844,126.4,1443.4,5352.9,150.5,598.0,1169.8,67.9,3.2,2099.3,5327.6,633.1,1139460.0,24.756,10.533,511.9,128.7,1438.3,5461.6,172.0,610.7,59.4,4.2,2675.5,5541.8,751.8,23.963,10.517999999999999,531.4,134.8,1493.5,5644.3,19964.7,1665.0,189.0,599.7,58.4,5.5
2099.3,5327.6,633.1,1139460.0,1078560.0,24.756,10.533,128.7,1438.3,5461.6,172.0,610.7,1243.8,59.4,4.2,2675.5,5541.8,751.8,1294756.0,23.963,10.517999999999999,531.4,134.8,1493.5,5644.3,189.0,599.7,58.4,5.5,2786.3,5608.3,1041.3,26.279,11.210999999999999,539.0,136.6,1517.0,5757.7,20106.4,1679.0,178.1,613.7,27.0,6.8
2675.5,5541.8,751.8,1294756.0,1119223.0,23.963,10.517999999999999,134.8,1493.5,5644.3,189.0,599.7,1352.3,58.4,5.5,2786.3,5608.3,1041.3,1589983.0,26.279,11.210999999999999,539.0,136.6,1517.0,5757.7,178.1,613.7,27.0,6.8,2881.1,5516.3,1137.7,27.329,12.874,530.5,138.1,1493.5,5816.5,19651.5,1820.0,174.8,622.2,54.0,7.9
2786.3,5608.3,1041.3,1589983.0,1212822.0,26.279,11.210999999999999,136.6,1517.0,5757.7,178.1,613.7,1282.4,27.0,6.8,2881.1,5516.3,1137.7,1742049.0,27.329,12.874,530.5,138.1,1493.5,5816.5,174.8,622.2,54.0,7.9,3184.0,5634.2,1071.3,26.658,13.290999999999999,545.8,137.6,1535.5,5978.8,19800.9,1920.0,199.6,628.2,62.0,8.6
2881.1,5516.3,1137.7,1742049.0,1244502.0,27.329,12.874,138.1,1493.5,5816.5,174.8,622.2,1303.2,54.0,7.9,3184.0,5634.2,1071.3,1677396.0,26.658,13.290999999999999,545.8,137.6,1535.5,5978.8,199.6,628.2,62.0,8.6,3841.3,5960.0,923.9,27.184,13.289000000000001,564.5,139.1,1591.0,6158.3,20319.0,2015.0,208.7,635.2,66.5,8.9
3184.0,5634.2,1071.3,1677396.0,1280515.0,26.658,13.290999999999999,137.6,1535.5,5978.8,199.6,628.2,1357.1,62.0,8.6,3841.3,5960.0,923.9,1971079.0,27.184,13.289000000000001,564.5,139.1,1591.0,6158.3,208.7,635.2,66.5,8.9,4109.7,6104.0,1081.5,31.151,11.683,577.3,144.3,1630.7,6341.8,20634.5,2331.0,223.8,636.4,117.6,9.0
3841.3,5960.0,923.9,1971079.0,1230401.0,27.184,13.289000000000001,139.1,1591.0,6158.3,208.7,635.2,1309.0,66.5,8.9,4109.7,6104.0,1081.5,2380380.0,31.151,11.683,577.3,144.3,1630.7,6341.8,223.8,636.4,117.6,9.0,3820.7,6054.9,1024.7,31.638,11.999,573.6,147.3,1615.2,6310.6,21772.7,2660.0,241.2,639.6,162.1,9.1
4109.7,6104.0,1081.5,2380380.0,1243535.0,31.151,11.683,144.3,1630.7,6341.8,223.8,636.4,1295.0,117.6,9.0,3820.7,6054.9,1024.7,2580476.0,31.638,11.999,573.6,147.3,1615.2,6310.6,241.2,639.6,162.1,9.1,4471.0,5751.1,908.0,34.429,12.325999999999999,555.1,147.2,1557.9,6187.5,23184.9,3105.0,278.5,644.3,184.3,9.1
3820.7,6054.9,1024.7,2580476.0,1335100.0,31.638,11.999,147.3,1615.2,6310.6,241.2,639.6,1184.4,162.1,9.1,4471.0,5751.1,908.0,2799237.0,34.429,12.325999999999999,555.1,147.2,1557.9,6187.5,278.5,644.3,184.3,9.1,5218.8,5662.7,908.4,28.337,11.565,549.8,143.0,1545.4,6248.3,23984.1,3110.0,264.3,646.0,157.0,9.2
4471.0,5751.1,908.0,2799237.0,1394513.0,34.429,12.325999999999999,147.2,1557.9,6187.5,278.5,644.3,1102.2,184.3,9.1,5218.8,5662.7,908.4,3266588.0,28.337,11.565,549.8,143.0,1545.4,6248.3,264.3,646.0,157.0,9.2,5552.3,5715.7,1046.9,29.7,12.078,560.1,150.1,1571.3,6580.9,27142.5,3380.0,301.4,642.6,144.9,9.2
5218.8,5662.7,908.4,3266588.0,1388330.0,28.337,11.565,143.0,1545.4,6248.3,264.3,646.0,1145.7,157.0,9.2,5552.3,5715.7,1046.9,3665649.0,29.7,12.078,560.1,150.1,1571.3,6580.9,301.4,642.6,144.9,9.2,5954.8,5848.0,1065.1,24.564,10.325,577.3,156.0,1615.4,6779.1,31352.6,3660.0,327.0,639.8,126.3,9.1
5552.3,5715.7,1046.9,3665649.0,1404515.0,29.7,12.078,150.1,1571.3,6580.9,301.4,642.6,1117.1,144.9,9.2,5954.8,5848.0,1065.1,3113039.0,24.564,10.325,577.3,156.0,1615.4,6779.1,327.0,639.8,126.3,9.1,4871.8,5670.6,972.4,22.594,10.758,555.0,146.4,1551.3,6593.6,28643.6,3060.0,288.8,631.4,84.0,8.8
5954.8,5848.0,1065.1,3113039.0,1219784.0,24.564,10.325,156.0,1615.4,6779.1,327.0,639.8,1098.0,126.3,9.1,4871.8,5670.6,972.4,3123387.0,22.594,10.758,555.0,146.4,1551.3,6593.6,288.8,631.4,84.0,8.8,5261.6,5614.1,927.0,19.784000000000002,10.707,553.3,143.5,1543.3,6421.0,27812.7,2550.0,280.3,637.8,53.2,8.3
4871.8,5670.6,972.4,3123387.0,1227658.0,22.594,10.758,146.4,1551.3,6593.6,288.8,631.4,1002.1,84.0,8.8,5261.6,5614.1,927.0,2554153.0,19.784000000000002,10.707,553.3,143.5,1543.3,6421.0,280.3,637.8,53.2,8.3,4383.4,4869.8,844.1,18.074,11.315999999999999,488.3,127.2,1366.3,5697.0,23455.7,2820.0,218.9,635.1,68.0,7.7
5261.6,5614.1,927.0,2554153.0,1231012.0,19.784000000000002,10.707,143.5,1543.3,6421.0,280.3,637.8,968.7,53.2,8.3,4383.4,4869.8,844.1,2733839.0,18.074,11.315999999999999,488.3,127.2,1366.3,5697.0,218.9,635.1,68.0,7.7,4348.5,4790.7,663.3,19.340999999999998,11.374,487.4,128.2,1359.6,5674.7,24331.7,3330.0,236.5,631.0,83.0,7.0
4383.4,4869.8,844.1,2733839.0,1264651.0,18.074,11.315999999999999,127.2,1366.3,5697.0,218.9,635.1,1010.3,68.0,7.7,4348.5,4790.7,663.3,2608675.0,19.340999999999998,11.374,487.4,128.2,1359.6,5674.7,236.5,631.0,83.0,7.0,3472.7,4707.1,516.9,16.13,10.401,473.2,119.4,1320.0,5409.7,22849.2,2790.0,209.1,617.8,45.3,6.4
4348.5,4790.7,663.3,2608675.0,1268025.0,19.340999999999998,11.374,128.2,1359.6,5674.7,236.5,631.0,1023.2,83.0,7.0,3472.7,4707.1,516.9,2107877.0,16.13,10.401,473.2,119.4,1320.0,5409.7,209.1,617.8,45.3,6.4,3693.1,4996.5,522.4,16.168,9.766,499.0,131.0,1393.9,5657.0,25755.4,2714.0,228.1,608.4,34.7,5.9
3472.7,4707.1,516.9,2107877.0,1165764.0,16.13,10.401,119.4,1320.0,5409.7,209.1,617.8,1024.6,45.3,6.4,3693.1,4996.5,522.4,2146347.0,16.168,9.766,499.0,131.0,1393.9,5657.0,228.1,608.4,34.7,5.9,3433.4,5014.3,414.1,13.779000000000002,9.514,500.3,132.0,1390.0,5773.9,24533.1,1975.0,201.5,594.5,-15.3,5.3
3693.1,4996.5,522.4,2146347.0,1166235.0,16.168,9.766,131.0,1393.9,5657.0,228.1,608.4,998.0,34.7,5.9,3433.4,5014.3,414.1,1856845.0,13.779000000000002,9.514,500.3,132.0,1390.0,5773.9,201.5,594.5,-15.3,5.3,2736.1,4434.9,399.4,13.067,9.743,450.9,120.7,1251.6,5332.9,22102.0,1790.0,157.2,583.6,-32.7,4.5
3433.4,5014.3,414.1,1856845.0,1087768.0,13.779000000000002,9.514,132.0,1390.0,5773.9,201.5,594.5,945.6,-15.3,5.3,2736.1,4434.9,399.4,1775794.0,13.067,9.743,450.9,120.7,1251.6,5332.9,157.2,583.6,-32.7,4.5,2775.7,4392.4,451.4,10.662,7.104,440.2,118.0,1226.6,5052.6,22731.1,2210.0,163.6,573.4,-28.8,3.7
2736.1,4434.9,399.4,1775794.0,979562.0,13.067,9.743,120.7,1251.6,5332.9,157.2,583.6,848.8,-32.7,4.5,2775.7,4392.4,451.4,1340501.0,10.662,7.104,440.2,118.0,1226.6,5052.6,163.6,573.4,-28.8,3.7,2397.4,4482.6,539.1,12.155999999999999,7.495,446.7,114.6,1253.5,5215.5,21261.9,1975.0,146.0,563.9,-36.5,2.9
2775.7,4392.4,451.4,1340501.0,805234.0,10.662,7.104,118.0,1226.6,5052.6,163.6,573.4,846.4,-28.8,3.7,2397.4,4482.6,539.1,1447881.0,12.155999999999999,7.495,446.7,114.6,1253.5,5215.5,146.0,563.9,-36.5,2.9,2293.8,4032.1,456.7,12.790999999999999,9.652999999999999,392.2,99.2,1104.4,4631.3,18016.2,1830.0,103.9,556.2,-45.9,2.2
2397.4,4482.6,539.1,1447881.0,710563.0,12.155999999999999,7.495,114.6,1253.5,5215.5,146.0,563.9,809.1,-36.5,2.9,2293.8,4032.1,456.7,1415014.0,12.790999999999999,9.652999999999999,392.2,99.2,1104.4,4631.3,103.9,556.2,-45.9,2.2,1728.8,3487.1,347.1,13.604000000000001,9.852,335.9,79.4,954.5,3982.7,13968.7,1508.0,78.2,544.1,-58.8,1.7
2293.8,4032.1,456.7,1415014.0,803133.0,12.790999999999999,9.652999999999999,99.2,1104.4,4631.3,103.9,556.2,758.7,-45.9,2.2,1728.8,3487.1,347.1,1542330.0,13.604000000000001,9.852,335.9,79.4,954.5,3982.7,78.2,544.1,-58.8,1.7,1871.2,3262.7,314.7,15.091,10.154,317.6,76.0,905.9,3672.7,13888.2,1103.0,79.6,532.9,-64.0,1.4
1728.8,3487.1,347.1,1542330.0,671265.0,13.604000000000001,9.852,79.4,954.5,3982.7,78.2,544.1,546.9,-58.8,1.7,1871.2,3262.7,314.7,1619256.0,15.091,10.154,317.6,76.0,905.9,3672.7,79.6,532.9,-64.0,1.4,1820.8,3218.0,315.6,16.119,11.797,319.4,78.4,911.6,3659.3,14387.5,999.0,91.8,518.1,-60.8,1.2
1871.2,3262.7,314.7,1619256.0,583005.0,15.091,10.154,76.0,905.9,3672.7,79.6,532.9,456.9,-64.0,1.4,1820.8,3218.0,315.6,1846402.0,16.119,11.797,319.4,78.4,911.6,3659.3,91.8,518.1,-60.8,1.2,1990.7,2973.9,303.2,16.735,11.526,299.3,73.9,854.8,3478.1,13278.2,1120.5,83.5,530.6,-60.3,1.1
1820.8,3218.0,315.6,1846402.0,654506.0,16.119,11.797,78.4,911.6,3659.3,91.8,518.1,473.4,-60.8,1.2,1990.7,2973.9,303.2,1932096.0,16.735,11.526,299.3,73.9,854.8,3478.1,83.5,530.6,-60.3,1.1,2082.9,2702.5,245.7,18.316,12.091,271.4,70.7,774.2,3296.9,12811.6,1046.0,80.3,518.2,-68.6,1.3
1990.7,2973.9,303.2,1932096.0,740064.0,16.735,11.526,73.9,854.8,3478.1,83.5,530.6,405.1,-60.3,1.1,2082.9,2702.5,245.7,2057968.0,18.316,12.091,271.4,70.7,774.2,3296.9,80.3,518.2,-68.6,1.3,2373.2,2807.3,280.7,20.085,11.485999999999999,281.5,74.8,800.5,3532.3,13576.0,1270.0,96.7,510.1,-54.5,1.7
2082.9,2702.5,245.7,2057968.0,793966.0,18.316,12.091,70.7,774.2,3296.9,80.3,518.2,361.7,-68.6,1.3,2373.2,2807.3,280.7,2315126.0,20.085,11.485999999999999,281.5,74.8,800.5,3532.3,96.7,510.1,-54.5,1.7,2477.6,3159.9,321.6,22.609,11.177999999999999,316.0,82.5,896.4,3744.7,15521.0,1330.0,114.3,500.6,-51.0,2.3
2373.2,2807.3,280.7,2315126.0,783629.0,20.085,11.485999999999999,74.8,800.5,3532.3,96.7,510.1,374.1,-54.5,1.7,2477.6,3159.9,321.6,2675155.0,22.609,11.177999999999999,316.0,82.5,896.4,3744.7,114.3,500.6,-51.0,2.3,2632.9,3277.7,411.6,19.157,11.447000000000001,328.6,89.6,927.4,3813.3,18171.0,1570.0,144.7,515.0,-20.5,3.1
2477.6,3159.9,321.6,2675155.0,878764.0,22.609,11.177999999999999,82.5,896.4,3744.7,114.3,500.6,436.9,-51.0,2.3,2632.9,3277.7,411.6,2142680.0,19.157,11.447000000000001,328.6,89.6,927.4,3813.3,144.7,515.0,-20.5,3.1,2959.4,3140.4,448.3,18.035,11.700999999999999,320.8,91.1,907.9,3947.8,18378.7,1690.0,147.7,512.8,-5.6,4.2
2632.9,3277.7,411.6,2142680.0,874447.0,19.157,11.447000000000001,89.6,927.4,3813.3,144.7,515.0,457.2,-20.5,3.1,2959.4,3140.4,448.3,2239293.0,18.035,11.700999999999999,320.8,91.1,907.9,3947.8,147.7,512.8,-5.6,4.2,3412.1,3426.3,466.8,18.285,10.655,350.3,97.4,990.6,4249.5,20573.3,1879.0,155.5,517.0,-15.0,5.5
2959.4,3140.4,448.3,2239293.0,917669.0,18.035,11.700999999999999,91.1,907.9,3947.8,147.7,512.8,446.5,-5.6,4.2,3412.1,3426.3,466.8,2431316.0,18.285,10.655,350.3,97.4,990.6,4249.5,155.5,517.0,-15.0,5.5,2667.7,3653.5,546.8,18.852,10.049,369.7,97.6,1046.0,4484.1,19724.2,2107.0,138.8,520.9,6.7,6.9
3412.1,3426.3,466.8,2431316.0,883094.0,18.285,10.655,97.4,990.6,4249.5,155.5,517.0,512.1,-15.0,5.5,2667.7,3653.5,546.8,2599867.0,18.852,10.049,369.7,97.6,1046.0,4484.1,138.8,520.9,6.7,6.9,2779.4,3795.4,580.9,18.383,10.184,384.3,98.4,1086.4,4739.3,20955.3,2284.0,143.3,528.5,24.8,8.1
2667.7,3653.5,546.8,2599867.0,921504.0,18.852,10.049,97.6,1046.0,4484.1,138.8,520.9,592.6,6.7,6.9,2779.4,3795.4,580.9,2687773.0,18.383,10.184,384.3,98.4,1086.4,4739.3,143.3,528.5,24.8,8.1,2995.8,3607.7,587.1,16.852,9.654,374.5,97.2,1056.4,4646.9,21752.9,2305.0,144.7,534.0,52.9,9.1
2779.4,3795.4,580.9,2687773.0,905497.0,18.383,10.184,98.4,1086.4,4739.3,143.3,528.5,607.3,24.8,8.1,2995.8,3607.7,587.1,2461029.0,16.852,9.654,374.5,97.2,1056.4,4646.9,144.7,534.0,52.9,9.1,3195.3,3680.2,504.1,15.977,9.527999999999999,380.3,95.7,1073.0,4715.5,21821.5,2345.0,141.7,540.6,112.6,9.7
2995.8,3607.7,587.1,2461029.0,824607.0,16.852,9.654,97.2,1056.4,4646.9,144.7,534.0,628.0,52.9,9.1,3195.3,3680.2,504.1,2538250.0,15.977,9.527999999999999,380.3,95.7,1073.0,4715.5,141.7,540.6,112.6,9.7,3277.1,3936.3,494.8,16.1,9.623,399.0,101.5,1124.8,4882.7,21872.5,2432.0,142.1,544.3,143.4,10.2
3195.3,3680.2,504.1,2538250.0,804999.0,15.977,9.527999999999999,95.7,1073.0,4715.5,141.7,540.6,617.6,112.6,9.7,3277.1,3936.3,494.8,2598728.0,16.1,9.623,399.0,101.5,1124.8,4882.7,142.1,544.3,143.4,10.2,2989.3,3739.5,482.0,15.01,9.615,384.8,97.5,1081.5,4596.9,20122.0,2025.0,125.1,545.0,80.7,10.4
3277.1,3936.3,494.8,2598728.0,879406.0,16.1,9.623,101.5,1124.8,4882.7,142.1,544.3,625.9,143.4,10.2,2989.3,3739.5,482.0,2427813.0,15.01,9.615,384.8,97.5,1081.5,4596.9,125.1,545.0,80.7,10.4,3051.9,3708.8,496.9,13.722000000000001,8.347000000000001,385.2,97.5,1086.6,4651.1,20608.7,2165.0,131.5,540.3,107.0,10.4
2989.3,3739.5,482.0,2427813.0,860784.0,15.01,9.615,97.5,1081.5,4596.9,125.1,545.0,588.3,80.7,10.4,3051.9,3708.8,496.9,2192539.0,13.722000000000001,8.347000000000001,385.2,97.5,1086.6,4651.1,131.5,540.3,107.0,10.4,3109.1,3974.0,499.2,13.407,9.213,411.1,104.6,1158.0,4893.1,21239.4,2147.0,139.9,545.1,69.1,10.2
3051.9,3708.8,496.9,2192539.0,763401.0,13.722000000000001,8.347000000000001,97.5,1086.6,4651.1,131.5,540.3,559.6,107.0,10.4,3109.1,3974.0,499.2,2046928.0,13.407,9.213,411.1,104.6,1158.0,4893.1,139.9,545.1,69.1,10.2,2870.6,3817.0,542.4,13.232000000000001,9.136000000000001,402.5,104.8,1132.2,4833.9,21108.6,2230.0,131.3,545.6,67.7,9.9
3109.1,3974.0,499.2,2046928.0,768428.0,13.407,9.213,104.6,1158.0,4893.1,139.9,545.1,588.3,69.1,10.2,2870.6,3817.0,542.4,2384264.0,13.232000000000001,9.136000000000001,402.5,104.8,1132.2,4833.9,131.3,545.6,67.7,9.9,2592.1,3507.6,507.4,13.106,8.997,375.4,95.8,1056.7,4453.6,19765.2,1850.0,123.3,541.2,17.8,9.4
2870.6,3817.0,542.4,2384264.0,842404.0,13.232000000000001,9.136000000000001,104.8,1132.2,4833.9,131.3,545.6,555.6,67.7,9.9,2592.1,3507.6,507.4,2380758.0,13.106,8.997,375.4,95.8,1056.7,4453.6,123.3,541.2,17.8,9.4,2398.4,3442.9,507.1,12.552,9.361,365.2,94.1,1028.4,4324.8,20129.0,1750.0,123.0,536.2,3.6,8.9
2592.1,3507.6,507.4,2380758.0,788975.0,13.106,8.997,95.8,1056.7,4453.6,123.3,541.2,482.0,17.8,9.4,2398.4,3442.9,507.1,2469606.0,12.552,9.361,365.2,94.1,1028.4,4324.8,123.0,536.2,3.6,8.9,2637.5,3643.1,493.9,14.623,9.9,386.8,97.0,1087.6,4507.4,21029.8,2077.5,136.4,542.1,10.6,8.2
2398.4,3442.9,507.1,2469606.0,908961.0,12.552,9.361,94.1,1028.4,4324.8,123.0,536.2,486.3,3.6,8.9,2637.5,3643.1,493.9,2801993.0,14.623,9.9,386.8,97.0,1087.6,4507.4,136.4,542.1,10.6,8.2,2638.8,3490.8,455.1,13.235,9.576,377.7,94.1,1061.8,4438.8,20536.5,2070.0,131.7,545.0,-1.8,7.5
2637.5,3643.1,493.9,2801993.0,981112.0,14.623,9.9,97.0,1087.6,4507.4,136.4,542.1,564.2,10.6,8.2,2638.8,3490.8,455.1,2678299.0,13.235,9.576,377.7,94.1,1061.8,4438.8,131.7,545.0,-1.8,7.5,2655.7,3715.2,454.5,12.123,10.106,397.6,99.4,1117.2,4636.9,22358.2,2278.0,139.0,525.3,-0.3,6.8
2638.8,3490.8,455.1,2678299.0,930776.0,13.235,9.576,94.1,1061.8,4438.8,131.7,545.0,544.1,-1.8,7.5,2655.7,3715.2,454.5,2696348.0,12.123,10.106,397.6,99.4,1117.2,4636.9,139.0,525.3,-0.3,6.8,2978.8,3833.5,452.6,11.915,10.171,409.5,99.8,1149.8,4733.4,23096.3,2449.0,142.6,531.8,6.2,6.3
2655.7,3715.2,454.5,2696348.0,985285.0,12.123,10.106,99.4,1117.2,4636.9,139.0,525.3,618.3,-0.3,6.8,2978.8,3833.5,452.6,2703120.0,11.915,10.171,409.5,99.8,1149.8,4733.4,142.6,531.8,6.2,6.3,2820.2,3610.4,451.6,12.394,9.607000000000001,395.4,101.6,1108.7,4676.4,23008.0,2230.0,132.1,531.7,-4.9,5.9
2978.8,3833.5,452.6,2703120.0,1036137.0,11.915,10.171,99.8,1149.8,4733.4,142.6,531.8,660.0,6.2,6.3,2820.2,3610.4,451.6,2858118.0,12.394,9.607000000000001,395.4,101.6,1108.7,4676.4,132.1,531.7,-4.9,5.9,2808.1,3804.8,484.7,12.335999999999999,9.913,416.9,105.5,1168.6,4846.9,23035.5,2550.0,136.1,529.7,4.9,5.8
2820.2,3610.4,451.6,2858118.0,1072122.0,12.394,9.607000000000001,101.6,1108.7,4676.4,132.1,531.7,572.9,-4.9,5.9,2808.1,3804.8,484.7,2892070.0,12.335999999999999,9.913,416.9,105.5,1168.6,4846.9,136.1,529.7,4.9,5.8,2790.7,4005.5,510.6,12.187000000000001,10.49,424.2,105.6,1190.0,4849.9,23447.3,2510.0,128.7,529.5,24.0,5.8
2808.1,3804.8,484.7,2892070.0,1070950.0,12.335999999999999,9.913,105.5,1168.6,4846.9,136.1,529.7,630.6,4.9,5.8,2790.7,4005.5,510.6,2918915.0,12.187000000000001,10.49,424.2,105.6,1190.0,4849.9,128.7,529.5,24.0,5.8,2905.1,4110.4,461.4,11.322000000000001,9.542,432.5,106.0,1213.1,4923.6,23338.0,2562.0,120.6,526.6,18.3,5.9
2790.7,4005.5,510.6,2918915.0,1188206.0,12.187000000000001,10.49,105.6,1190.0,4849.9,128.7,529.5,632.8,24.0,5.8,2905.1,4110.4,461.4,2765243.0,11.322000000000001,9.542,432.5,106.0,1213.1,4923.6,120.6,526.6,18.3,5.9,2928.1,3989.2,461.1,11.184000000000001,9.439,424.5,104.3,1187.1,4928.6,23527.5,2695.0,134.1,525.9,25.5,6.0
2905.1,4110.4,461.4,2765243.0,1103406.0,11.322000000000001,9.542,106.0,1213.1,4923.6,120.6,526.6,687.8,18.3,5.9,2928.1,3989.2,461.1,2802714.0,11.184000000000001,9.439,424.5,104.3,1187.1,4928.6,134.1,525.9,25.5,6.0,2911.5,4106.9,480.1,10.959000000000001,9.975,435.7,104.6,1220.3,4899.0,23720.8,2491.0,132.6,520.4,11.7,6.0
2928.1,3989.2,461.1,2802714.0,1127448.0,11.184000000000001,9.439,104.3,1187.1,4928.6,134.1,525.9,693.7,25.5,6.0,2911.5,4106.9,480.1,2759491.0,10.959000000000001,9.975,435.7,104.6,1220.3,4899.0,132.6,520.4,11.7,6.0,2743.5,4006.9,421.4,10.356,8.126,425.0,103.0,1192.3,4788.9,23684.1,2521.0,133.7,522.2,36.3,6.0
2911.5,4106.9,480.1,2759491.0,1085517.0,10.959000000000001,9.975,104.6,1220.3,4899.0,132.6,520.4,748.8,11.7,6.0,2743.5,4006.9,421.4,2655343.0,10.356,8.126,425.0,103.0,1192.3,4788.9,133.7,522.2,36.3,6.0,2762.1,3982.2,432.5,9.567,8.002,417.6,101.6,1170.6,4659.8,22398.1,2684.0,131.1,526.9,53.4,6.1
2743.5,4006.9,421.4,2655343.0,880928.0,10.356,8.126,103.0,1192.3,4788.9,133.7,522.2,740.3,36.3,6.0,2762.1,3982.2,432.5,2452182.0,9.567,8.002,417.6,101.6,1170.6,4659.8,131.1,526.9,53.4,6.1,2701.7,3671.3,405.7,9.63,8.834,399.5,100.5,1117.1,4500.5,22440.3,2613.0,134.9,528.2,25.8,6.2
2762.1,3982.2,432.5,2452182.0,782609.0,9.567,8.002,101.6,1170.6,4659.8,131.1,526.9,734.7,53.4,6.1,2701.7,3671.3,405.7,2585039.0,9.63,8.834,399.5,100.5,1117.1,4500.5,134.9,528.2,25.8,6.2,2567.3,3256.8,424.7,9.634,8.656,360.2,92.1,1007.7,4369.9,20534.9,2580.0,121.0,524.3,24.6,6.3
2701.7,3671.3,405.7,2585039.0,904361.0,9.63,8.834,100.5,1117.1,4500.5,134.9,528.2,713.8,25.8,6.2,2567.3,3256.8,424.7,2447739.0,9.634,8.656,360.2,92.1,1007.7,4369.9,121.0,524.3,24.6,6.3,2359.2,2982.0,427.6,8.742,8.378,342.0,86.6,959.8,4070.1,17592.4,1985.0,91.2,521.9,-12.9,6.5
2567.3,3256.8,424.7,2447739.0,864485.0,9.634,8.656,92.1,1007.7,4369.9,121.0,524.3,647.7,24.6,6.3,2359.2,2982.0,427.6,2349747.0,8.742,8.378,342.0,86.6,959.8,4070.1,91.2,521.9,-12.9,6.5,2468.3,3242.8,420.8,9.211,9.029,368.5,91.4,1033.7,4360.5,19864.9,2082.0,108.8,527.3,-15.0,6.6
2359.2,2982.0,427.6,2349747.0,806384.0,8.742,8.378,86.6,959.8,4070.1,91.2,521.9,541.9,-12.9,6.5,2468.3,3242.8,420.8,2455687.0,9.211,9.029,368.5,91.4,1033.7,4360.5,108.8,527.3,-15.0,6.6,2333.4,3154.6,380.7,9.322000000000001,9.529,362.9,86.4,1017.2,4184.7,17989.4,2110.0,96.6,520.7,-5.4,6.7
2468.3,3242.8,420.8,2455687.0,888385.0,9.211,9.029,91.4,1033.7,4360.5,108.8,527.3,601.4,-15.0,6.6,2333.4,3154.6,380.7,2610197.0,9.322000000000001,9.529,362.9,86.4,1017.2,4184.7,96.6,520.7,-5.4,6.7,2199.4,3159.8,351.6,9.232000000000001,9.589,364.9,86.5,1026.5,4111.0,18434.4,2035.0,97.5,516.6,-20.2,6.7
2333.4,3154.6,380.7,2610197.0,961469.0,9.322000000000001,9.529,86.4,1017.2,4184.7,96.6,520.7,557.5,-5.4,6.7,2199.4,3159.8,351.6,2454173.0,9.232000000000001,9.589,364.9,86.5,1026.5,4111.0,97.5,516.6,-20.2,6.7,2292.6,3298.6,388.0,9.513,9.093,378.0,91.6,1060.5,4325.7,20390.5,2213.0,111.0,521.6,-11.8,6.7
2199.4,3159.8,351.6,2454173.0,974621.0,9.232000000000001,9.589,86.5,1026.5,4111.0,97.5,516.6,529.2,-20.2,6.7,2292.6,3298.6,388.0,2613334.0,9.513,9.093,378.0,91.6,1060.5,4325.7,111.0,521.6,-11.8,6.7,2428.5,3452.5,423.6,9.55,8.486,393.4,97.9,1103.1,4388.1,21680.1,2160.5,125.0,518.6,-15.7,6.7
2292.6,3298.6,388.0,2613334.0,930087.0,9.513,9.093,91.6,1060.5,4325.7,111.0,521.6,564.5,-11.8,6.7,2428.5,3452.5,423.6,2556749.0,9.55,8.486,393.4,97.9,1103.1,4388.1,125.0,518.6,-15.7,6.7,2262.8,3423.8,441.0,8.837,8.28,390.5,97.8,1096.8,4420.0,20555.6,2042.0,115.3,529.2,-24.2,6.6
2428.5,3452.5,423.6,2556749.0,791784.0,9.55,8.486,97.9,1103.1,4388.1,125.0,518.6,577.0,-15.7,6.7,2262.8,3423.8,441.0,2410049.0,8.837,8.28,390.5,97.8,1096.8,4420.0,115.3,529.2,-24.2,6.6,2396.3,3212.8,473.8,8.684,8.204,378.3,95.6,1062.7,4467.2,21094.2,2148.0,121.0,518.6,-13.8,6.3
2262.8,3423.8,441.0,2410049.0,827320.0,8.837,8.28,97.8,1096.8,4420.0,115.3,529.2,603.9,-24.2,6.6,2396.3,3212.8,473.8,2280034.0,8.684,8.204,378.3,95.6,1062.7,4467.2,121.0,518.6,-13.8,6.3,2372.2,3017.0,429.2,8.501,8.669,349.9,87.2,984.7,4133.7,18629.5,1921.0,113.1,520.8,-23.8,6.1
2396.3,3212.8,473.8,2280034.0,851767.0,8.684,8.204,95.6,1062.7,4467.2,121.0,518.6,583.1,-13.8,6.3,2372.2,3017.0,429.2,2235618.0,8.501,8.669,349.9,87.2,984.7,4133.7,113.1,520.8,-23.8,6.1,2225.4,3196.7,422.4,8.538,9.127,367.9,90.3,1034.1,4135.5,19441.5,1861.0,120.7,522.3,-30.7,5.8
2372.2,3017.0,429.2,2235618.0,893006.0,8.501,8.669,87.2,984.7,4133.7,113.1,520.8,532.0,-23.8,6.1,2225.4,3196.7,422.4,2306805.0,8.538,9.127,367.9,90.3,1034.1,4135.5,120.7,522.3,-30.7,5.8,2103.6,3291.7,414.5,8.904,8.835,377.7,90.1,1062.5,4289.4,19796.8,1920.0,121.8,519.2,-26.5,5.6
2225.4,3196.7,422.4,2306805.0,946226.0,8.538,9.127,90.3,1034.1,4135.5,120.7,522.3,573.8,-30.7,5.8,2103.6,3291.7,414.5,2313511.0,8.904,8.835,377.7,90.1,1062.5,4289.4,121.8,519.2,-26.5,5.6,2047.5,3413.1,396.0,8.547,8.615,385.5,89.8,1084.1,4339.0,19482.6,1965.0,119.8,518.8,-23.8,5.4
2103.6,3291.7,414.5,2313511.0,957229.0,8.904,8.835,90.1,1062.5,4289.4,121.8,519.2,597.6,-26.5,5.6,2047.5,3413.1,396.0,2219675.0,8.547,8.615,385.5,89.8,1084.1,4339.0,119.8,518.8,-23.8,5.4,2086.2,3354.8,392.6,9.565,9.021,389.6,92.4,1095.1,4406.3,20840.4,2280.0,128.4,518.4,14.9,5.3
2047.5,3413.1,396.0,2219675.0,981177.0,8.547,8.615,89.8,1084.1,4339.0,119.8,518.8,612.8,-23.8,5.4,2086.2,3354.8,392.6,2545464.0,9.565,9.021,389.6,92.4,1095.1,4406.3,128.4,518.4,14.9,5.3,2068.9,3429.3,388.4,9.972999999999999,8.943999999999999,393.4,92.8,1106.4,4535.4,21641.8,2063.0,129.7,515.1,-0.9,5.3
2086.2,3354.8,392.6,2545464.0,1024293.0,9.565,9.021,92.4,1095.1,4406.3,128.4,518.4,611.2,14.9,5.3,2068.9,3429.3,388.4,2693272.0,9.972999999999999,8.943999999999999,393.4,92.8,1106.4,4535.4,129.7,515.1,-0.9,5.3,1980.1,3557.3,377.8,9.38,9.059,402.0,95.7,1132.5,4518.0,22030.4,2252.0,140.7,522.2,6.7,5.3
2068.9,3429.3,388.4,2693272.0,1072687.0,9.972999999999999,8.943999999999999,92.8,1106.4,4535.4,129.7,515.1,654.9,-0.9,5.3,1980.1,3557.3,377.8,2672399.0,9.38,9.059,402.0,95.7,1132.5,4518.0,140.7,522.2,6.7,5.3,2269.1,3641.1,413.7,9.309,9.029,408.1,101.1,1147.2,4664.6,22656.9,2330.0,144.9,531.1,14.5,5.4
1980.1,3557.3,377.8,2672399.0,1027217.0,9.38,9.059,95.7,1132.5,4518.0,140.7,522.2,669.5,6.7,5.3,2269.1,3641.1,413.7,2532773.0,9.309,9.029,408.1,101.1,1147.2,4664.6,144.9,531.1,14.5,5.4,2385.4,3732.6,479.8,8.802,8.574,427.9,106.3,1204.6,4901.0,23729.5,2431.0,152.6,526.9,9.9,5.6
2269.1,3641.1,413.7,2532773.0,1013729.0,9.309,9.029,101.1,1147.2,4664.6,144.9,531.1,686.4,14.5,5.4,2385.4,3732.6,479.8,2487661.0,8.802,8.574,427.9,106.3,1204.6,4901.0,152.6,526.9,9.9,5.6,2365.6,3723.0,474.6,9.349,8.771,430.0,108.5,1212.4,5120.4,23020.3,2281.5,149.3,529.1,5.6,5.8
2385.4,3732.6,479.8,2487661.0,1044918.0,8.802,8.574,106.3,1204.6,4901.0,152.6,526.9,677.0,9.9,5.6,2365.6,3723.0,474.6,2646215.0,9.349,8.771,430.0,108.5,1212.4,5120.4,149.3,529.1,5.6,5.8,2236.6,3731.4,491.0,7.8660000000000005,8.132,432.2,109.6,1219.1,4979.9,22299.6,2112.0,141.3,531.9,3.4,6.0
2365.6,3723.0,474.6,2646215.0,1072256.0,9.349,8.771,108.5,1212.4,5120.4,149.3,529.1,663.2,5.6,5.8,2236.6,3731.4,491.0,2278175.0,7.8660000000000005,8.132,432.2,109.6,1219.1,4979.9,141.3,531.9,3.4,6.0,2177.9,3856.8,474.5,8.171,8.92,436.8,116.3,1234.2,5168.6,22737.0,2027.0,148.4,538.2,-5.6,6.2
2236.6,3731.4,491.0,2278175.0,1027320.0,7.8660000000000005,8.132,109.6,1219.1,4979.9,141.3,531.9,659.3,3.4,6.0,2177.9,3856.8,474.5,2301977.0,8.171,8.92,436.8,116.3,1234.2,5168.6,148.4,538.2,-5.6,6.2,2300.6,3948.6,518.4,8.331,8.849,444.5,114.1,1257.2,4914.0,22392.2,2201.0,142.0,539.7,14.6,6.5
2177.9,3856.8,474.5,2301977.0,1089351.0,8.171,8.92,116.3,1234.2,5168.6,148.4,538.2,717.5,-5.6,6.2,2300.6,3948.6,518.4,2425644.0,8.331,8.849,444.5,114.1,1257.2,4914.0,142.0,539.7,14.6,6.5,1979.2,3738.9,481.1,8.545,9.256,421.3,111.1,1191.4,4775.4,20803.3,2051.0,127.3,542.7,10.2,6.6
2300.6,3948.6,518.4,2425644.0,1062390.0,8.331,8.849,114.1,1257.2,4914.0,142.0,539.7,704.2,14.6,6.5,1979.2,3738.9,481.1,2519709.0,8.545,9.256,421.3,111.1,1191.4,4775.4,127.3,542.7,10.2,6.6,1993.8,3992.7,491.9,8.257,9.547,445.0,112.5,1260.5,5035.7,21883.7,2070.0,127.1,547.2,7.8,6.6
1979.2,3738.9,481.1,2519709.0,1155227.0,8.545,9.256,111.1,1191.4,4775.4,127.3,542.7,660.2,10.2,6.6,1993.8,3992.7,491.9,2493543.0,8.257,9.547,445.0,112.5,1260.5,5035.7,127.1,547.2,7.8,6.6,2098.4,3933.8,472.7,8.431000000000001,9.577,437.4,111.1,1238.9,5125.3,21731.4,2152.0,125.2,550.9,9.5,6.4
1993.8,3992.7,491.9,2493543.0,1221841.0,8.257,9.547,112.5,1260.5,5035.7,127.1,547.2,704.6,7.8,6.6,2098.4,3933.8,472.7,2588706.0,8.431000000000001,9.577,437.4,111.1,1238.9,5125.3,125.2,550.9,9.5,6.4,2174.7,4143.4,492.6,8.054,9.37,453.6,116.7,1282.9,5217.7,22859.9,2117.0,127.3,553.2,-7.1,5.9
2098.4,3933.8,472.7,2588706.0,1271864.0,8.431000000000001,9.577,111.1,1238.9,5125.3,125.2,550.9,660.6,9.5,6.4,2174.7,4143.4,492.6,2491014.0,8.054,9.37,453.6,116.7,1282.9,5217.7,127.3,553.2,-7.1,5.9,2141.6,4299.9,497.4,7.61,9.429,473.1,119.2,1338.3,5420.3,23206.4,2184.0,134.4,559.8,5.9,5.3
2174.7,4143.4,492.6,2491014.0,1313260.0,8.054,9.37,116.7,1282.9,5217.7,127.3,553.2,722.5,-7.1,5.9,2141.6,4299.9,497.4,2404722.0,7.61,9.429,473.1,119.2,1338.3,5420.3,134.4,559.8,5.9,5.3,2220.5,4295.2,507.8,7.3870000000000005,9.647,474.2,122.1,1342.8,5314.3,23881.3,2080.0,127.7,564.1,-7.6,4.7
2141.6,4299.9,497.4,2404722.0,1249643.0,7.61,9.429,119.2,1338.3,5420.3,134.4,559.8,760.7,5.9,5.3,2220.5,4295.2,507.8,2421833.0,7.3870000000000005,9.647,474.2,122.1,1342.8,5314.3,127.7,564.1,-7.6,4.7,2116.0,4296.0,504.6,7.601,9.619,477.8,123.3,1354.9,5353.1,23306.4,2219.0,118.4,563.9,-4.8,4.1
2220.5,4295.2,507.8,2421833.0,1330031.0,7.3870000000000005,9.647,122.1,1342.8,5314.3,127.7,564.1,757.9,-7.6,4.7,2116.0,4296.0,504.6,2377781.0,7.601,9.619,477.8,123.3,1354.9,5353.1,118.4,563.9,-4.8,4.1,2033.1,4165.7,556.5,7.5729999999999995,9.984,466.3,117.0,1323.6,5205.1,22035.4,2114.0,111.5,569.0,-13.0,3.6
2116.0,4296.0,504.6,2377781.0,1311706.0,7.601,9.619,123.3,1354.9,5353.1,118.4,563.9,760.3,-4.8,4.1,2033.1,4165.7,556.5,2357094.0,7.5729999999999995,9.984,466.3,117.0,1323.6,5205.1,111.5,569.0,-13.0,3.6,2056.3,4408.1,586.5,7.507000000000001,10.044,487.4,118.9,1385.0,5415.4,22837.0,2135.0,113.8,584.0,-6.4,3.3
2033.1,4165.7,556.5,2357094.0,1318051.0,7.5729999999999995,9.984,117.0,1323.6,5205.1,111.5,569.0,748.8,-13.0,3.6,2056.3,4408.1,586.5,2380259.0,7.507000000000001,10.044,487.4,118.9,1385.0,5415.4,113.8,584.0,-6.4,3.3,2033.3,4391.5,591.6,7.462000000000001,10.128,482.7,118.6,1371.7,5403.0,22151.1,2068.0,118.2,579.4,-2.1,3.1
2056.3,4408.1,586.5,2380259.0,1316837.0,7.507000000000001,10.044,118.9,1385.0,5415.4,113.8,584.0,816.3,-6.4,3.3,2033.3,4391.5,591.6,2407631.0,7.462000000000001,10.128,482.7,118.6,1371.7,5403.0,118.2,579.4,-2.1,3.1,2026.4,4487.4,578.0,7.9910000000000005,10.843,488.1,117.3,1389.2,5470.8,22134.0,2106.0,115.5,572.2,3.9,3.1
2033.3,4391.5,591.6,2407631.0,1323591.0,7.462000000000001,10.128,118.6,1371.7,5403.0,118.2,579.4,785.4,-2.1,3.1,2026.4,4487.4,578.0,2614020.0,7.9910000000000005,10.843,488.1,117.3,1389.2,5470.8,115.5,572.2,3.9,3.1,2039.2,4519.6,562.0,8.074,10.856,496.5,120.5,1410.2,5473.8,23081.7,2095.0,115.8,593.7,-4.8,3.1
2026.4,4487.4,578.0,2614020.0,1240797.0,7.9910000000000005,10.843,117.3,1389.2,5470.8,115.5,572.2,821.6,3.9,3.1,2039.2,4519.6,562.0,2656655.0,8.074,10.856,496.5,120.5,1410.2,5473.8,115.8,593.7,-4.8,3.1,2048.3,4422.8,578.1,8.37,10.34,491.3,123.3,1394.2,5382.0,23190.7,2173.0,109.7,592.7,5.9,3.3
2039.2,4519.6,562.0,2656655.0,1224968.0,8.074,10.856,120.5,1410.2,5473.8,115.8,593.7,847.4,-4.8,3.1,2048.3,4422.8,578.1,2863383.0,8.37,10.34,491.3,123.3,1394.2,5382.0,109.7,592.7,5.9,3.3,2201.6,4246.1,596.1,8.485,9.975,481.7,127.2,1368.5,5623.1,24756.9,2226.0,121.5,601.5,7.5,3.6
2048.3,4422.8,578.1,2863383.0,1176307.0,8.37,10.34,123.3,1394.2,5382.0,109.7,592.7,862.8,5.9,3.3,2201.6,4246.1,596.1,2956646.0,8.485,9.975,481.7,127.2,1368.5,5623.1,121.5,601.5,7.5,3.6,2217.2,4381.0,636.7,9.383,10.460999999999999,489.2,126.6,1390.0,5624.6,24742.1,2241.0,120.1,599.8,4.1,4.0
2201.6,4246.1,596.1,2956646.0,1151418.0,8.485,9.975,127.2,1368.5,5623.1,121.5,601.5,835.0,7.5,3.6,2217.2,4381.0,636.7,3272675.0,9.383,10.460999999999999,489.2,126.6,1390.0,5624.6,120.1,599.8,4.1,4.0,2363.9,4416.2,598.8,11.378,10.333,487.3,124.9,1385.4,5296.8,22933.0,2100.0,111.2,605.2,-0.8,4.4
2217.2,4381.0,636.7,3272675.0,1224021.0,9.383,10.460999999999999,126.6,1390.0,5624.6,120.1,599.8,842.2,4.1,4.0,2363.9,4416.2,598.8,3937025.0,11.378,10.333,487.3,124.9,1385.4,5296.8,111.2,605.2,-0.8,4.4,2420.2,4233.1,600.8,12.297,10.392000000000001,480.1,127.3,1363.0,5505.0,23998.1,2010.0,114.3,603.5,-8.0,5.0
2363.9,4416.2,598.8,3937025.0,1170864.0,11.378,10.333,124.9,1385.4,5296.8,111.2,605.2,788.6,-0.8,4.4,2420.2,4233.1,600.8,3903954.0,12.297,10.392000000000001,480.1,127.3,1363.0,5505.0,114.3,603.5,-8.0,5.0,2682.8,4390.2,566.6,11.945,10.492,496.6,130.5,1411.2,5298.1,23987.5,2028.0,117.9,608.6,-2.5,5.5
2420.2,4233.1,600.8,3903954.0,1190698.0,12.297,10.392000000000001,127.3,1363.0,5505.0,114.3,603.5,802.5,-8.0,5.0,2682.8,4390.2,566.6,4058730.0,11.945,10.492,496.6,130.5,1411.2,5298.1,117.9,608.6,-2.5,5.5,3234.7,4272.8,545.6,13.555,10.767999999999999,485.3,129.5,1381.7,5388.6,23605.0,1858.0,110.4,613.1,-16.3,6.0
2682.8,4390.2,566.6,4058730.0,1259355.0,11.945,10.492,130.5,1411.2,5298.1,117.9,608.6,826.4,-2.5,5.5,3234.7,4272.8,545.6,4680848.0,13.555,10.767999999999999,485.3,129.5,1381.7,5388.6,110.4,613.1,-16.3,6.0,3210.4,4604.3,576.1,17.124000000000002,11.06,504.0,131.7,1434.3,5551.6,24507.1,1860.0,111.2,622.7,-12.0,6.2
3234.7,4272.8,545.6,4680848.0,1264842.0,13.555,10.767999999999999,129.5,1381.7,5388.6,110.4,613.1,801.7,-16.3,6.0,3210.4,4604.3,576.1,5605718.0,17.124000000000002,11.06,504.0,131.7,1434.3,5551.6,111.2,622.7,-12.0,6.2,3310.3,4951.5,592.6,18.119,10.985999999999999,533.8,138.1,1519.7,5898.5,24823.3,1728.0,114.2,624.4,-19.1,6.4
3210.4,4604.3,576.1,5605718.0,1260026.0,17.124000000000002,11.06,131.7,1434.3,5551.6,111.2,622.7,860.3,-12.0,6.2,3310.3,4951.5,592.6,5834247.0,18.119,10.985999999999999,533.8,138.1,1519.7,5898.5,114.2,624.4,-19.1,6.4,3747.9,5033.6,551.1,17.003,10.698,537.5,139.1,1533.1,5861.9,24900.9,1820.0,113.7,625.4,-12.0,6.4
3310.3,4951.5,592.6,5834247.0,1208910.0,18.119,10.985999999999999,138.1,1519.7,5898.5,114.2,624.4,879.9,-19.1,6.4,3747.9,5033.6,551.1,5544434.0,17.003,10.698,537.5,139.1,1533.1,5861.9,113.7,625.4,-12.0,6.4,4441.7,5046.5,562.4,13.91,10.757,538.0,144.3,1531.5,5773.7,28133.0,2110.0,129.8,637.5,0.2,6.3
3747.9,5033.6,551.1,5544434.0,1180693.0,17.003,10.698,139.1,1533.1,5861.9,113.7,625.4,842.1,-12.0,6.4,4441.7,5046.5,562.4,4836298.0,13.91,10.757,538.0,144.3,1531.5,5773.7,129.8,637.5,0.2,6.3,4611.7,5007.9,569.6,11.242,9.882,537.9,145.8,1533.3,5774.9,27424.2,1950.0,119.1,635.7,-6.9,6.0
4441.7,5046.5,562.4,4836298.0,1200345.0,13.91,10.757,144.3,1531.5,5773.7,129.8,637.5,860.6,0.2,6.3,4611.7,5007.9,569.6,4122355.0,11.242,9.882,537.9,145.8,1533.3,5774.9,119.1,635.7,-6.9,6.0,4277.2,4790.2,593.1,12.401,10.43,511.1,140.2,1454.6,5451.2,26250.0,1760.0,112.9,645.5,-19.0,5.7
4611.7,5007.9,569.6,4122355.0,1110838.0,11.242,9.882,145.8,1533.3,5774.9,119.1,635.7,835.6,-6.9,6.0,4277.2,4790.2,593.1,3952024.0,12.401,10.43,511.1,140.2,1454.6,5451.2,112.9,645.5,-19.0,5.7,3663.7,5082.6,621.1,13.190999999999999,11.107000000000001,532.3,138.6,1517.9,5681.7,24636.3,1702.0,107.1,644.4,-23.5,5.2
4277.2,4790.2,593.1,3952024.0,1059604.0,12.401,10.43,140.2,1454.6,5451.2,112.9,645.5,804.6,-19.0,5.7,3663.7,5082.6,621.1,4418258.0,13.190999999999999,11.107000000000001,532.3,138.6,1517.9,5681.7,107.1,644.4,-23.5,5.2,3206.0,4653.0,564.8,13.915999999999999,10.909,492.9,127.0,1403.5,5222.1,21670.6,1732.0,95.9,665.4,-22.7,4.7
3663.7,5082.6,621.1,4418258.0,1174675.0,13.190999999999999,11.107000000000001,138.6,1517.9,5681.7,107.1,644.4,852.0,-23.5,5.2,3206.0,4653.0,564.8,4453643.0,13.915999999999999,10.909,492.9,127.0,1403.5,5222.1,95.9,665.4,-22.7,4.7,3052.8,4455.3,562.6,13.620999999999999,10.68,473.1,120.8,1347.3,5058.6,20846.3,1672.0,93.6,656.4,-20.4,4.3
3206.0,4653.0,564.8,4453643.0,1184547.0,13.915999999999999,10.909,127.0,1403.5,5222.1,95.9,665.4,816.2,-22.7,4.7,3052.8,4455.3,562.6,4545806.0,13.620999999999999,10.68,473.1,120.8,1347.3,5058.6,93.6,656.4,-20.4,4.3,3382.6,4897.7,607.4,10.669,10.376,506.5,130.5,1443.7,5288.6,22640.0,1695.0,100.9,663.1,-15.7,3.9
3052.8,4455.3,562.6,4545806.0,1153080.0,13.620999999999999,10.68,120.8,1347.3,5058.6,93.6,656.4,814.4,-20.4,4.3,3382.6,4897.7,607.4,3485555.0,10.669,10.376,506.5,130.5,1443.7,5288.6,100.9,663.1,-15.7,3.9,3445.4,4957.6,573.2,11.168,10.695,514.9,129.2,1469.3,5218.2,21996.4,1647.0,98.4,662.0,-18.8,3.5
3382.6,4897.7,607.4,3485555.0,1046337.0,10.669,10.376,130.5,1443.7,5288.6,100.9,663.1,873.5,-15.7,3.9,3445.4,4957.6,573.2,3446919.0,11.168,10.695,514.9,129.2,1469.3,5218.2,98.4,662.0,-18.8,3.5,3539.2,4637.1,579.0,11.960999999999999,11.104000000000001,495.1,128.1,1412.6,5344.6,21914.4,1793.0,99.8,674.7,-3.5,3.3
3445.4,4957.6,573.2,3446919.0,1012958.0,11.168,10.695,129.2,1469.3,5218.2,98.4,662.0,807.5,-18.8,3.5,3539.2,4637.1,579.0,3937417.0,11.960999999999999,11.104000000000001,495.1,128.1,1412.6,5344.6,99.8,674.7,-3.5,3.3,2737.6,4417.0,545.3,12.37,10.967,471.0,119.1,1342.0,5056.6,19683.1,1718.0,87.2,687.7,-7.6,3.2
3539.2,4637.1,579.0,3937417.0,1118639.0,11.960999999999999,11.104000000000001,128.1,1412.6,5344.6,99.8,674.7,780.0,-3.5,3.3,2737.6,4417.0,545.3,3853179.0,12.37,10.967,471.0,119.1,1342.0,5056.6,87.2,687.7,-7.6,3.2,2688.0,4353.6,559.4,12.043,10.357999999999999,461.2,113.5,1313.0,4947.9,19111.9,1753.0,89.7,679.2,1.4,3.3
2737.6,4417.0,545.3,3853179.0,1121845.0,12.37,10.967,119.1,1342.0,5056.6,87.2,687.7,744.4,-7.6,3.2,2688.0,4353.6,559.4,3782666.0,12.043,10.357999999999999,461.2,113.5,1313.0,4947.9,89.7,679.2,1.4,3.3,3003.9,4385.1,561.2,12.382,10.252,469.4,119.8,1333.8,5151.8,20776.7,1705.0,100.2,692.4,-6.3,3.5
2688.0,4353.6,559.4,3782666.0,1098975.0,12.043,10.357999999999999,113.5,1313.0,4947.9,89.7,679.2,707.5,1.4,3.3,3003.9,4385.1,561.2,3776371.0,12.382,10.252,469.4,119.8,1333.8,5151.8,100.2,692.4,-6.3,3.5,2938.3,4429.0,598.4,13.149000000000001,10.505,474.1,119.7,1346.6,5316.0,21067.1,1805.0,102.0,686.8,-14.5,3.7
3003.9,4385.1,561.2,3776371.0,1029147.0,12.382,10.252,119.8,1333.8,5151.8,100.2,692.4,782.4,-6.3,3.5,2938.3,4429.0,598.4,3873231.0,13.149000000000001,10.505,474.1,119.7,1346.6,5316.0,102.0,686.8,-14.5,3.7,2916.6,4505.6,618.4,13.327,10.404000000000002,477.9,121.3,1359.8,5447.8,20815.1,1700.0,95.7,693.0,-12.8,4.1
2938.3,4429.0,598.4,3873231.0,1103512.0,13.149000000000001,10.505,119.7,1346.6,5316.0,102.0,686.8,789.1,-14.5,3.7,2916.6,4505.6,618.4,4046147.0,13.327,10.404000000000002,477.9,121.3,1359.8,5447.8,95.7,693.0,-12.8,4.1,2929.6,4237.5,632.3,13.054,10.311,466.9,116.4,1328.9,5310.4,20794.4,1788.0,99.4,701.4,1.6,4.5
2916.6,4505.6,618.4,4046147.0,1130448.0,13.327,10.404000000000002,121.3,1359.8,5447.8,95.7,693.0,788.1,-12.8,4.1,2929.6,4237.5,632.3,3982798.0,13.054,10.311,466.9,116.4,1328.9,5310.4,99.4,701.4,1.6,4.5,2979.3,4439.8,652.2,13.463,10.145,484.9,122.3,1381.0,5644.0,21891.4,1823.0,104.0,693.8,7.1,5.0
2929.6,4237.5,632.3,3982798.0,1127860.0,13.054,10.311,116.4,1328.9,5310.4,99.4,701.4,710.1,1.6,4.5,2979.3,4439.8,652.2,4095743.0,13.463,10.145,484.9,122.3,1381.0,5644.0,104.0,693.8,7.1,5.0,3085.5,4438.2,674.6,13.798,9.814,489.2,124.3,1393.2,5529.4,22976.9,1904.5,105.2,692.1,10.0,5.5
2979.3,4439.8,652.2,4095743.0,1113705.0,13.463,10.145,122.3,1381.0,5644.0,104.0,693.8,756.7,7.1,5.0,3085.5,4438.2,674.6,4264799.0,13.798,9.814,489.2,124.3,1393.2,5529.4,105.2,692.1,10.0,5.5,3004.7,4448.3,685.7,13.175999999999998,9.924,490.8,124.3,1398.2,5525.1,23297.2,2123.5,104.6,694.0,27.0,6.0
3085.5,4438.2,674.6,4264799.0,1073448.0,13.798,9.814,124.3,1393.2,5529.4,105.2,692.1,754.6,10.0,5.5,3004.7,4448.3,685.7,4095622.0,13.175999999999998,9.924,490.8,124.3,1398.2,5525.1,104.6,694.0,27.0,6.0,3100.5,4509.3,675.8,13.149000000000001,9.759,492.2,126.2,1401.1,5402.4,22934.5,2065.0,100.8,704.2,21.8,6.5
3004.7,4448.3,685.7,4095622.0,1154055.0,13.175999999999998,9.924,124.3,1398.2,5525.1,104.6,694.0,739.1,27.0,6.0,3100.5,4509.3,675.8,4267826.0,13.149000000000001,9.759,492.2,126.2,1401.1,5402.4,100.8,704.2,21.8,6.5,3250.0,4578.3,665.1,13.219000000000001,9.691,488.8,128.5,1389.7,5502.4,22789.8,2365.0,94.6,708.1,43.6,6.9
