,nan_ADS,nan_ALV,nan_BAS,nan_BEI,nan_BMW,nan_CBK,nan_DAI,nan_DB1,nan_DBK,nan_DPW,nan_DTE,nan_EOAN,nan_FME,nan_FRE,nan_HEI,nan_HEN3,nan_IFX,nan_LHA,nan_LIN,nan_MRK,nan_PSM,nan_RWE,nan_SAP,nan_TKA,nan_VNA
2002-11,-0.019191320545036118,-0.9102047447327196,-0.03930927147798791,-0.058684542837496224,-0.04940849813619602,,-0.07389953830452702,-0.04200936888620934,-0.1384125871818579,-0.03222879234051934,-0.030485968791875588,-0.06894127236583497,-0.0477311870530301,-0.02774207142819649,-0.0937686371022591,-0.007105824771683076,-0.08904909254380931,-0.037112228668611816,-0.08249623377373244,-0.03719459448110062,-0.006583029823112967,-0.06921376042976596,-0.48235743643157464,-0.03398998772461443,
2002-12,-0.016334792581977748,-0.9265052794656118,-0.04951881913340426,-0.0555420141380647,-0.07034777134638558,,-0.0946143301816262,-0.05452284593978685,-0.14579865743125742,-0.03001581852525902,-0.018894364195767278,-0.08007638559258166,-0.04057846160998768,-0.024416994172753736,-0.09517287522224295,-0.015459149661470807,-0.08735118250881282,-0.039663956633469874,-0.10501070065681185,-0.025639272385331615,-0.01497029011752725,-0.07710886549791794,-0.40977077198452555,-0.035746338943117045,
2003-01,-0.03015556820337696,-0.942654426525031,-0.060851759534420166,-0.052261647931143844,-0.08665256534561919,,-0.1166791220212318,-0.061351443463863314,-0.16897266945768585,-0.029191556754349056,-0.014188973449323355,-0.09052079654279548,-0.03465876377793926,-0.021149334527127694,-0.10802614124717015,-0.02318697354380707,-0.08194745955009249,-0.04082366187424215,-0.11981369084175247,-0.01922139036550954,-0.021897945578874034,-0.08758173029695633,-0.3311344158468703,-0.03764861877541592,
2003-02,-0.02940248328642714,-0.87368162477714,-0.06193588449665136,-0.04477904441786674,-0.09199005262682085,,-0.11981841449660689,-0.05741214907425109,-0.1722990036324511,-0.02481256048527531,-0.008056846155100175,-0.09561410801910632,-0.02403227264576118,-0.01571135129847899,-0.11396253580950602,-0.02669272813230362,-0.0669661475121934,-0.036564992123020196,-0.1256088319987669,-0.015081407808213692,-0.023693992302345604,-0.09522140760072977,-0.2240468483929627,-0.038178135341777934,
2003-03,-0.015387518249981432,-0.7473679983622818,-0.05068116391951485,-0.025701939090991565,-0.08438988259272338,,-0.11252877441860638,-0.041160567592232224,-0.1587758658571061,-0.017936805385272384,0.0,-0.08609922440859559,-0.008505709891471192,-0.007879061581642558,-0.10633644979652254,-0.02589100027520259,-0.0518954072660984,-0.030730033001815423,-0.11313937549257137,-0.006834127821482747,-0.02106197457487947,-0.08979046734200032,-0.09880452966976437,-0.03604343776784448,
2003-04,0.0,-0.5689289774236387,-0.03647109087459685,-0.005706211345095806,-0.0693999848226143,,-0.09693976095617529,-0.013653705179282865,-0.11649100360462909,-0.007452589641434262,0.0063378561942705365,-0.07145172453044962,0.003526890533105673,0.0,-0.09796440903054447,-0.02298301650540694,-0.0401303661544299,-0.023482686397268072,-0.096990734206033,0.004439013469929804,-0.01985415291216088,-0.07799978751660028,0.0,-0.029709072282299374,
2003-05,0.010660744936684658,-0.4119643128971033,-0.02090967205898783,0.011923973595548164,-0.0513853338762398,,-0.08130116837374761,0.008892988182785517,-0.06368940949921376,0.0037764245108779996,0.006588387650227247,-0.05215310787716815,0.010894959593210065,0.005199458143334809,-0.09859443085928446,-0.019779965400959675,-0.027146291551280288,-0.016113393218018197,-0.07832153036639437,0.01140691140950971,-0.01601898073056916,-0.06359112392890323,0.10223125191685728,-0.020935966279808295,
2003-06,0.008165497243099883,-0.2510573591198915,-0.005802729229890148,0.02447961213680943,-0.02897647880152643,,-0.05805102571082129,0.03217519907195985,0.0,0.009535691227186113,0.008660914407493307,-0.029110323246820727,0.01815935955031745,0.009878952100500686,-0.09000164971583642,-0.018957057146906438,-0.0073737236261054,-0.009011160327633565,-0.04493117310543258,0.010412361470736662,-0.009220591753070531,-0.04916730968090745,0.1482154048965066,-0.011722269589063283,
2003-07,0.0,-0.1458603680516031,0.009843672927338265,0.023307630430658314,0.0,,-0.02991603111364068,0.04262887497628533,0.02846070954278125,0.015562185543540124,0.011135488522102069,-0.008219244925061662,0.017763726048188194,0.011553010813887307,-0.06876770252324037,-0.016075393663441472,0.007934206033010812,0.0,-0.01629584519066591,0.008395811041548093,-0.002289576930373743,-0.03370274331246442,0.17418151394422304,-0.0033671864921267307,
2003-08,-0.008964499614941324,-0.09618228010225238,0.020310259057877273,0.01929791843354981,0.01207842824073553,,-0.00651038233664251,0.04797074828860728,0.06108568174132004,0.02124972348512968,0.00908823580138321,0.005792426004620703,0.015731446508338937,0.012809604795573963,-0.04052768410641267,-0.010068853140046626,0.01707592742150164,0.006749647373239957,0.0,0.008648612776449254,0.007707311165651714,-0.020872707176188894,0.1793458651747236,0.005295955271704448,
2003-09,-0.014827788413445783,-0.056370846371712455,0.020628785441707657,0.01666859383471197,0.02636569850843191,,0.005294253064909569,0.04913174330721533,0.06610610447350443,0.02604623853541227,0.006013660396996616,0.013784200671434344,0.012191774966761973,0.012404914503476775,-0.016602177774878275,-0.0027500762993574366,0.02136394756003278,0.011501481369834044,0.01914848042424692,0.006942735363833578,0.017037800238908843,-0.011461861944280094,0.1733940428761145,0.010260992544034288,
2003-10,0.0,0.030183395940049325,0.026724909884272424,0.006687247201669512,0.04214933029785619,,0.01692828685258964,0.04958905710491367,0.07866092202618097,0.031001449440333898,0.006780451527224435,0.025300853727945362,0.011409728704230694,0.012903365585277935,0.0,0.0037874331246442777,0.02914393473724151,0.019885228609372033,0.03651234300891672,0.010104207930184024,0.027220527414152915,0.0,0.21024713337127676,0.01809395560614684,
2003-11,0.025712695988116045,0.10680924335783158,0.0343227953984926,0.0,0.05104948547612672,,0.027756356467598445,0.04388105773780465,0.09448269410594023,0.03287108670531501,0.009348834663229257,0.03397578517100429,0.013589777910754868,0.013807480411499115,0.0310563018020146,0.0076306256247361355,0.030678464384509756,0.023374208792535482,0.05388608562175164,0.014437203191750217,0.035182076137385325,0.013937890448370266,0.23021088992421046,0.025982885697938524,
2003-12,0.05314484538038322,0.179620322519446,0.04074467084044773,-0.010020876494023901,0.05184066780497058,,0.03855573515461961,0.037585073041168655,0.10232590400303547,0.036429299943084796,0.01609624739138683,0.043533978372225376,0.014867759438436726,0.014865217226332763,0.05170105103395939,0.011906924682223484,0.03057993549611079,0.027406260671599313,0.07058523240371846,0.021146469360652623,0.04547370138493644,0.030649402390438243,0.25988546385885036,0.03595881616391576,
2004-01,0.06168944033390247,0.20369882754695504,0.03551589451716942,-0.02283823942325934,0.041168916714096,,0.04205435780686776,0.03221823562891292,0.09834300132802125,0.03806050464807436,0.01926193132232973,0.04706062606715993,0.013398778220451527,0.014754088408271674,0.05440279263896793,0.015395628912919743,0.026275917283247956,0.027699002086890533,0.0713426294820717,0.02742271295769303,0.05368548662492885,0.03993658129387212,0.2618807588692847,0.03937737810662113,
2004-02,0.0762298610894982,0.17468584707543966,0.025444015644289525,-0.03770455323519342,0.024677740381266567,,0.036983568753510554,0.017090971336092865,0.08951342791637212,0.03483971124162839,0.016295411196130125,0.04624966839619356,0.010946186074566764,0.012748191555106996,0.05615843474111191,0.017419018274889547,0.01949252390881969,0.02383468864810871,0.06087993200454685,0.029619244728796252,0.056397974956687726,0.046957247932941176,0.20800179621816045,0.03458357972051913,
2004-03,0.10863488901831936,0.13074700889661522,0.026107430741117828,-0.04135987942218684,0.018219513568709055,,0.03604905365090232,0.009439793345989853,0.08444252027785064,0.03173260951076767,0.014302535305616442,0.053027887324361124,0.011693839653442529,0.011666511053707218,0.05971744391634839,0.022487324953945974,0.014085181051973242,0.020516249698036754,0.06109967973370919,0.03461452446902635,0.055216050068840214,0.05714282750229343,0.17686434699615114,0.02962480974463172,
2004-04,0.11842456698841498,0.07633389205795917,0.017993489450182365,-0.04132459974123787,0.006428408405471056,,0.02938658112399981,0.0,0.06991375336976159,0.026273380847156948,0.00987344220312382,0.05544919533279683,0.011490868483336816,0.010018058513436809,0.05399692627354387,0.02345145097969473,0.004308737593571555,0.013406093507086322,0.05140122800855426,0.04176903035341926,0.047344390745623195,0.06225457242745842,0.13430497324198107,0.02113527805071797,
2004-05,0.1222355101450496,0.035562504233587894,0.01241233772772127,-0.03615704459867418,0.0,,0.02515482024872444,-0.004658689519192573,0.06537168979197296,0.0206040309248719,0.007733118282325847,0.061796655969038536,0.011592865237346381,0.008231596021434315,0.041795751583133034,0.02204419041900163,-0.0026575178451449678,0.005276429030421419,0.03816046442230063,0.05032716068594194,0.03676449168569112,0.06867381876033227,0.12006960842287184,0.01233380261319928,
2004-06,0.11301836529327113,0.0,0.010472670659250604,-0.028922239463150107,0.0,,0.021876870134316214,-0.007822819084373345,0.0516077560463045,0.012184250190070115,0.004796584221438724,0.06937880047602744,0.011126830490062262,0.005463556185911544,0.027950732937039004,0.015118317720166407,-0.008676993439061222,-0.003595770884370678,0.031775514226729556,0.05028275615745661,0.025450129010553525,0.07599844238837732,0.08094041357478536,0.005985081904287657,
2004-07,0.10743612820310973,-0.03080276515075235,0.011978972112326932,-0.02653965842040032,-0.0033206633871998292,,0.01602669219939695,-0.017515102695399538,0.020426046314078225,0.004398281300631423,0.0029482980519088234,0.0712924223811712,0.009128358722655602,0.0029580375924295227,0.019267143513594178,0.00604432589381338,-0.01398541265810735,-0.0118619108905272,0.024882146067477445,0.0451313318455514,0.014262905348875102,0.07532380859972139,0.022534869202730737,0.0,
2004-08,0.1084536355764179,-0.060151618283241226,0.014879476847537754,-0.023430332078055466,-0.0038604462979676957,,0.012044897084911587,-0.02105588335984857,0.0,0.0,0.0,0.06711596094663942,0.009938150256212164,0.0029175672385290375,0.01530535473347162,0.0,-0.016172719400542268,-0.01749949013871523,0.02233436281985329,0.03934781693325303,0.00725813260787182,0.06816944237469039,0.0,0.0,
2004-09,0.10975780296843869,-0.09160093298929257,0.01626154894819367,-0.024739896052904886,-0.008240713037179343,,0.0,-0.023551875689412492,-0.0231861411871805,-0.004995137087636654,0.0,0.05856225390176541,0.010422837166298101,0.003383162250302384,0.01649747331022231,-0.0061237039419959885,-0.017903342399271726,-0.02268467631450482,0.018380024040858953,0.032879519002851736,0.0,0.05476233218828054,-0.02433686672470667,-0.0032677196352928193,
2004-10,0.11189159818170835,-0.08126343077145584,0.023840374056939704,-0.02744887015837738,-0.009544489745105975,,-0.011051156387362768,-0.024565779428699062,-0.035104507832824094,-0.009021080979153358,0.0,0.05566621935568914,0.009831048263817059,0.003943430112389173,0.024451171399436505,-0.008479390436576736,-0.0173030553231532,-0.022263930563666757,0.016356694194904316,0.02589119175727308,-0.005191764596037913,0.043581163142795955,-0.012042663581258347,-0.002309094936720449,
2004-11,0.11957814645799959,-0.05579533717669951,0.03331133411535822,-0.024849443522545218,-0.009363384069581145,,-0.013415262359807747,-0.02538054689288168,-0.03349982833600368,-0.011402069266422529,0.0,0.055241456139848974,0.009117686398489361,0.004977612153810943,0.03191827720874344,-0.010133307822156103,-0.018404343814374006,-0.021861635242618457,0.014994031099794016,0.021928816662851926,-0.010535280527580689,0.03447843828679334,0.0,0.0,
2004-12,0.12558004191462585,-0.018054835917830175,0.045542039797436505,-0.018000947728313125,-0.008142545490959033,,-0.009231828650720994,-0.01723346303501946,-0.028654218642710023,-0.010605076247425045,0.004864871824216071,0.056861256151293234,0.008192646343556882,0.006265986209658964,0.042442238641565606,-0.009526364728770892,-0.019186273317692844,-0.018269072585259796,0.019381816491187923,0.01858350738155185,-0.011848502946898614,0.03036777938315406,0.0,0.005717408875028614,
2005-01,0.11718717455367367,0.01891123540856032,0.05557695553902498,-0.014214909018081952,-0.01122456511787595,,-0.0061220602540627165,0.0,-0.016343707084000923,-0.005699856231403069,0.0092419425211719,0.062328328850995686,0.007770202706569013,0.008101746681162742,0.05719004992561231,-0.004680579795147633,-0.018574527208743433,-0.012822295576791033,0.025548870593957444,0.018359278439002067,-0.008376891880292978,0.033596074616617094,0.0,0.01037464594300756,
2005-02,0.10866862311822743,0.049661726718012854,0.06266210201985623,-0.013647366387966911,-0.011328011980367135,,-0.008612148429132944,0.03573545796893966,0.0,0.0,0.011006522929111893,0.057531044785409755,0.005382644944318023,0.009070305935078276,0.06592632000981279,0.0,-0.01738466974353154,-0.006774663281016869,0.03411086233379163,0.0197140895634965,-0.004426668765916003,0.03492829171754602,-0.02344750808729705,0.012666360322722975,
2005-03,0.11208494239231126,0.06757003386984714,0.06385956316581749,-0.009562680928670677,-0.008706208024548402,,-0.013373407827698004,0.06651944621352478,0.022760855720240853,0.006938433591940713,0.010736010595182956,0.05594050341593329,0.0033315698818897643,0.00997743457619268,0.06880621091940711,0.006067392311255209,-0.01469281206577119,0.0,0.04260584327234831,0.026645054133858266,0.0,0.04021968359194071,-0.028909441581750805,0.012203682260305698,
2005-04,0.11651654054131388,0.06749311198214697,0.05497793760013737,-0.004125965609979403,-0.0067720337891966145,,-0.016739027809567417,0.08728143239299617,0.02715689373998628,0.010522845616845964,0.00708935111009385,0.049230741445410876,0.005666042000457775,0.010440203707942327,0.06543179932478833,0.013407845044632646,-0.01304522988670177,0.0022921399347676833,0.04577568522545208,0.03408214837491419,-0.0019292565518425281,0.04012294718471049,-0.025688068636987887,0.0067855165655756515,
2005-05,0.12996974064431227,0.0740609299897002,0.051560275520714155,0.0059202263103685085,0.0,,-0.010953568465323879,0.10741927142938892,0.035282226338979185,0.01419163066491189,0.004553587777523464,0.05234772688258185,0.011587834744792865,0.011900828278782338,0.07701225967040516,0.02123017996108951,-0.008681749256122688,0.003781925926985584,0.052971632524605204,0.04625535019455256,-0.0017527144369420926,0.04738269626916917,0.0,0.0,
2005-06,0.13697836093098656,0.07576466245947197,0.04672558910375175,0.019033638258452983,0.013397854909680408,,-0.004423054654932838,0.1277189960629921,0.039004537691060666,0.01738181015516443,0.002701938107920333,0.05935331027095877,0.017680979330708665,0.01229449397869384,0.08968652298517832,0.025158421144048166,-0.004621026806391847,0.0037997626215840676,0.05646615910143585,0.05630580563918481,0.0,0.060045644685039354,0.0376961628647522,-0.003019627142195461,
2005-07,0.15342517953192955,0.07308003118562605,0.041084033102540655,0.025605154926756704,0.018490919689860396,,0.010817943179217221,0.14289948000114452,0.03478044532501718,0.0195017988956283,0.0,0.06288817878805224,0.0233170133325704,0.011704172865644319,0.09050903024147408,0.025006036850537892,-0.0034026593614099364,0.002530169947356376,0.059026185912108065,0.06367450002861069,0.0,0.0683172887102312,0.042124660248340606,-0.004542139934767683,
2005-08,0.15678598148889913,0.07094910520141913,0.03808553873884187,0.027547100308995206,0.02342130636301215,,0.02459028095674069,0.15698087376974149,0.03985531586175328,0.01989573558022432,-0.002006734235523004,0.06247212248226143,0.030260482232776387,0.011884770542458234,0.08422808780613418,0.02423707155527582,-0.00236603055619135,0.0018393582627603585,0.06396000228885332,0.06249915956168464,0.0032531114099336256,0.07129810883497371,0.05041258726253151,-0.0031232690547035964,
2005-09,0.16174332656214246,0.07565779497596709,0.03816628519111927,0.02120024962806135,0.02691957541771574,,0.03281301141565578,0.15885230101281766,0.04446813844701306,0.016177357518883047,-0.004049893425268942,0.05756130192835893,0.03624694581139851,0.012474450675211727,0.0818481918059053,0.018955825131609073,0.0,0.0013375128747997263,0.06557907630464642,0.058965731574731076,0.004692778667887391,0.0662868648432136,0.06664881837949191,0.0,
2005-10,0.15958163695925848,0.09914106846532392,0.0382266680018311,0.01626924067292287,0.024213399805447493,,0.04000012874799728,0.16009533073929968,0.05955053716525524,0.010914328936827655,-0.005872360666056309,0.05758703722247657,0.040451858978027035,0.013142534761959267,0.09411770785648896,0.01664075732433052,0.0018503233005264374,0.0025877882524605184,0.062032938029297345,0.05233235937857637,0.005533177643625547,0.06593307249942783,0.09687866931792177,0.0021985079537651642,
2005-11,0.17551963764591447,0.13429896000228894,0.04315231245708402,0.02051914053559168,0.021417426041428253,,0.04675033259899294,0.1626890521286336,0.0750874592298009,0.007687886243991763,-0.006568687056534681,0.06701225251773865,0.04422514448386361,0.013038860437170986,0.10709330295834293,0.018119066863126584,0.0029799796864271016,0.004318182793545435,0.05623653510528728,0.043853048466468314,0.005999277580682082,0.06610627789539944,0.13206438472762655,0.004585002288853287,
2005-12,0.19048358180255184,0.1607876761718397,0.043866236652791615,0.02565484034250295,0.017896492681657775,,0.05494948845127139,0.16175875627771247,0.08851010372364494,0.009051075694507285,-0.007264430255180529,0.08271310288661661,0.04777407021988961,0.01426515417156819,0.12479191645552443,0.021260731494887344,0.003204383370283233,0.006627030359243508,0.05632936216179532,0.040295702877567646,0.008994866132024253,0.07169691939643472,0.14545895874807716,0.011018134671070493,
2006-01,0.1892069651502127,0.1782681997104335,0.0482556018686092,0.029505792745000464,0.016166544600036203,,0.06614827702244143,0.1772190299520406,0.10926132957424671,0.012015414329020003,-0.007856839878744007,0.10319015954438514,0.05375872375803097,0.017310622341869517,0.1511659649013664,0.02607301516831057,0.0032906807076282705,0.010479403730431637,0.056255040550628924,0.043674610894941644,0.017463903153560768,0.08707373060130308,0.1676753871255995,0.0195096880372817,
2006-02,0.1636778997244113,0.19675159723996924,0.05034231010975196,0.03650606778513755,0.021248886248886243,,0.06911909021211346,0.20875508526671308,0.12972459784087687,0.012221258314281568,-0.007957349375954026,0.10838515412934016,0.05935154474689356,0.020969181038948473,0.17448781262734744,0.029947299714741565,0.003613284892354659,0.014956396212210156,0.0641864263957287,0.04194162908116395,0.026860658511821296,0.09432939405032424,0.18373514480491218,0.030003660701335116,
2006-03,0.14600622281986733,0.19863613312542924,0.050025488527122956,0.04160364571412226,0.026381315804531943,,0.06413841124971392,0.22832192363813245,0.14205511844815755,0.011699713178072793,-0.0084225080109865,0.1090885678931106,0.05924342312314033,0.023306627660791963,0.18728494077592137,0.03367780098420693,0.004051931935225454,0.018374681706340136,0.06304339165140767,0.03872463306820785,0.03310171091783018,0.09783401164454114,0.1889881694895858,0.03957136930647747,
2006-04,0.12127020628290236,0.17062802915426878,0.04277152237354089,0.04235506551842529,0.022862869077592135,,0.04384268782902268,0.22775035763332582,0.13492310883497374,0.010657169117647065,-0.010697477969787143,0.09900325446326395,0.05447234779125661,0.021508354314488453,0.1839772151808195,0.03376547121766997,0.004271894312199591,0.019396865701533546,0.05514552815289544,0.0376596153295949,0.035763529268711396,0.08668066562714587,0.1761215953307394,0.04890441891737242,
2006-05,-0.09166597405012594,0.1185971081769284,0.029434252689402626,0.04060856674868392,0.017405277237354095,,0.01739485222590983,0.19700895513847574,0.10476820711261164,0.008944055418860156,-0.013023503662165264,0.07855676356145574,0.04491011601625088,0.01866256222819868,0.16696826361867714,0.029925183108262778,0.004021733377203024,0.01857309309910736,0.039194094758526,0.02711652766651409,0.03292183566033419,0.0728349307621882,0.15488276421950112,0.05111872711146719,
2006-06,-0.2923104042687116,0.07438719172007331,0.018563816090638598,0.04160752961203939,0.01684840996223393,,-0.005901028553444728,0.1787133890764478,0.0813805826562143,0.0064498705367361,-0.013321290627145807,0.06836972490844588,0.0386428745136187,0.01651922636758985,0.15519990272373546,0.027343442435339906,0.004513396944380869,0.01754970030327307,0.024017030498970037,0.01486729657816435,0.031934309910734746,0.06434457255664915,0.12284156486038002,0.05353705438887621,
2006-07,-0.4627820439459834,0.049550944867246545,0.009377378261615934,0.04422139291027697,0.014212037222476543,,-0.01393908073929962,0.16772484407187008,0.055301853255893825,0.0035927522030212897,-0.01353146815632869,0.07317158174067297,0.03546706554703596,0.014131190632867942,0.1480751852540628,0.028476367589837508,0.004482561799038684,0.0168824673838407,0.019323236152437643,0.00970051427672237,0.028733820668345178,0.06233797422178991,0.05747794117647063,0.05353606732089727,
2006-08,-0.5977934011695228,0.02727481617647059,0.003516811892079669,0.0452381745020843,0.012595240852246408,,-0.0207062080245484,0.15883293046549332,0.04215365910143585,0.0,-0.013316342924965262,0.07277632150301065,0.03284513953219083,0.012961122047244093,0.13208015140111162,0.03039722527790643,0.0055704898100972676,0.017312427628531725,0.022283211266790184,0.0,0.02624025880037054,0.05741152588003705,0.0,0.05037565858036127,
2006-09,-0.6843570074673843,0.029730780785076693,0.0050611910620279275,0.04090917901693754,0.01682725595101855,,-0.024623229715037782,0.15107965924696734,0.038511218957427366,0.0,-0.010399032959487303,0.052438959143968907,0.02973296950103001,0.012341386043717106,0.11641739027809572,0.029346335688944854,0.0069417844472419365,0.019160852740901818,0.030481986009384315,0.0,0.02280972118905929,0.05224648446440836,0.0,0.048756061884870715,
2006-10,-0.7374212455653472,0.04784611753261618,0.010946773432135506,0.038861460002288864,0.017679027666514087,,-0.018147799124513628,0.14157440918974604,0.03954664969100483,0.0,-0.006395116874570846,0.03350127317463952,0.024496012388418417,0.011385110294117654,0.11019321855687807,0.028276418373769752,0.007541360294117652,0.022095109006637692,0.03693311541542689,0.005442138504234386,0.019058995193408115,0.053766708628976916,-0.04665067092011904,0.0454043795777066,
2006-11,-0.7385689026723324,0.07204726972485799,0.022912821958636247,0.04294997501038946,0.014861224362764934,,-0.014238754217568891,0.1369793950134285,0.03931908528871698,0.0,-0.0035357204971559453,0.03249215802221422,0.02120581003868356,0.00949135798852858,0.10702147641914447,0.02983653682443381,0.008256907842343935,0.02618985513348847,0.041948222991540156,0.0,0.016015283023358425,0.06600311958215177,-0.10957064736821873,0.04379921534453626,
2006-12,-0.6721733235449733,0.10251951294974435,0.03508845955985333,0.0472765388748634,0.013235299609869163,,0.0,0.16218650853949004,0.04521567406957182,0.0037132876990701694,0.0,0.03602633337421989,0.018749442997142218,0.010229022000010989,0.10487596914835776,0.03560654453185214,0.010076070937540623,0.03265472779631912,0.05853761165229842,0.006295649977024207,0.016825576179866616,0.06913628216840255,-0.34117248689647356,0.047070086246194354,
2007-01,-0.5667170462097261,0.133862533342365,0.05064251309437286,0.05194121491614293,0.01573766218074171,,0.021343606229644454,0.20369512308985097,0.06113334932180213,0.012168025381389058,0.001984024956657214,0.058622034428909606,0.022859049442814073,0.014139183892411035,0.10662848229765284,0.03794107577984978,0.012138909281306128,0.037589694394455066,0.06567502155697175,0.0237689898155895,0.022022254483941666,0.07801352551228703,-0.49338962372786427,0.052046163957475564,
2007-02,-0.4199719822571586,0.16110314026952166,0.06567617535950297,0.05682114587455224,0.017230252344939096,,0.05123519639096495,0.25229354976872953,0.06305130336968748,0.015215553589398164,0.0030567350029862867,0.059236636922360975,0.0279928744084855,0.020057502693586225,0.10792783560157748,0.034992715831469685,0.012991844398896776,0.03811109579681987,0.07788912502537973,0.037561041035878415,0.026935840035805805,0.07804782801359315,-0.6113682602915742,0.05342807198507301,
2007-03,-0.24570052011343277,0.18709362224862566,0.09383232245934386,0.06459362865621804,0.02592862308161259,,0.0817061807636752,0.30161009250732773,0.08317703445637073,0.016585404968996412,0.004801000316718143,0.07250285687086142,0.03252797463325688,0.027165226178859716,0.12160330778229568,0.036613656959469235,0.0144818655980023,0.03993917547100382,0.08728479917689902,0.048610702143980444,0.03214367653008732,0.0819791368789899,-0.6546358125834132,0.058994396102719206,
2007-04,0.0,0.1967328169947136,0.1212671415084972,0.06796098116193974,0.03641675225379436,,0.10709053413777823,0.32383228035230777,0.11292144064995828,0.020123838275156312,0.005328550828379656,0.08945707379462943,0.03304451568059921,0.029676888215060076,0.1310787016247475,0.03586252558351154,0.015036739478711404,0.038795555693878186,0.09148837867598565,0.06380357346636016,0.037737372749354944,0.07413282825812781,-0.6870865771225237,0.0715450884844928,
2007-05,0.03441469581864523,0.1890363222434935,0.1354260053705749,0.06318821083068439,0.03683439027627489,,0.12478941002412335,0.202754792986908,0.10656842608860621,0.021019216939882103,0.006298360107471487,0.09744644235030514,0.023342639230392558,0.028128697331884576,0.10641120442003864,0.028959411741327545,0.015182128628343766,0.032667110590200825,0.07901931517296144,0.0692568892508265,0.03798494334350907,0.053799198088129295,-0.688601007226505,0.07911926170717092,
2007-06,0.04151888622617825,0.1628453533229295,0.1512869562253335,0.05899597036536441,0.033977378321780924,,0.13327839454850754,0.0,0.0869364698977845,0.017297321530460867,0.00541940656627408,0.10786425659243189,0.013053541232247156,0.02553078098439276,0.07122969806639783,0.023563966559516026,0.015658872680440635,0.025211226067097338,0.07301573469324239,0.06124422194261289,0.03696146430312812,0.030585008395689662,-0.6584572457098989,0.08345402229859605,
2007-07,0.04000609113584122,0.11394024610560044,0.1481984020772107,0.04489876265466817,0.022212556928407665,,0.12753217112683052,-0.11991712498388292,0.04026165207609918,0.006010343074704593,0.002045317457847414,0.11804470834426331,0.00997278996251951,0.018556474907039777,0.03744802156647415,0.012980840339621581,0.011446237204539156,0.015827912815245922,0.05941428023078143,0.04586194018237839,0.024664039030694286,0.01402885657079426,-0.6048716489490196,0.07566725354982802,
2007-08,0.03728778092973485,0.07069772856625445,0.14074388686548736,0.03244017717948082,0.011790320367316727,,0.12106294565761047,-0.23565217766239757,0.0,0.0,0.0,0.13379027837455,0.009388746538408757,0.01302973312846862,0.0,0.0068049390992401555,0.00964838181623215,0.007420740527444144,0.0443754288323836,0.036312761376852826,0.014601949814144513,0.0,-0.5044207997672399,0.06595763754693251,
2007-09,0.037395113160262075,0.04246282702804441,0.1293286782828036,0.024877725264579077,0.01045206305733522,,0.12066915054590509,-0.29440107535965115,-0.03459156044229649,-0.00871409601467801,-0.0009447040463815539,0.14367158403618518,0.007472482441671077,0.0074925416931579236,-0.015144883075386327,0.0,0.005642436987866635,0.0,0.04629534450486179,0.019523416786340446,0.0,0.01467202716261258,-0.33790500495738424,0.05774908077201814,
2007-10,0.03822018789153333,0.0,0.10791221502450533,0.015819946913750403,0.0,,0.11052688325026566,-0.31329875020563136,-0.07192857068755734,-0.012297240018910678,0.001622524457170127,0.15254283431962315,0.004358059491575412,0.0,-0.0230699621045393,-0.004753820298154428,-0.0030222630273982554,-0.008440624763801759,0.039382090578598636,0.0,-0.019876050572729793,0.03163726322747206,-0.14055158866011314,0.03849151761168194,
2007-11,0.036986689432745204,-0.043944655663062014,0.09646206791880096,0.012190726617340155,-0.009755697211155375,,0.09191206981597419,-0.3050545171694176,-0.09202678049705937,-0.010952722443559096,0.004198247011952191,0.1708263403528742,0.0035732270916334673,0.0,-0.029633655852779345,-0.00350953519256308,-0.009154725858470878,-0.012839005881236954,0.03859587933978372,-0.012027622841965466,-0.0341661468412066,0.05871210775943843,0.006483422500474291,0.021873147410358562,
2007-12,0.026322299373932836,-0.09733984443179661,0.07000159362549802,0.0,-0.021283908176816538,,0.04351597040409789,-0.262869239233542,-0.11698631758679566,-0.010344025801555681,0.007655427812559285,0.17036698159741984,0.0,-0.004746841206602162,-0.04920010624169986,-0.00687407323088598,-0.017496915196357425,-0.016872236767216844,0.04366794156706506,-0.02549207361032062,-0.05249417567823941,0.068564234490609,0.0,0.0,
2008-01,0.013078249771476853,-0.16103972215785825,0.03218586973393833,0.0,-0.034373475418859094,,0.0,-0.1995279150666297,-0.1382645064387659,-0.0070805391271353485,0.006529927719950237,0.15434365305576112,0.0,-0.006306878640154232,-0.05464290775913848,-0.017808592469947045,-0.023998251301213358,-0.021432339529516033,0.0349478764782766,-0.033296061003492146,-0.06455063990227683,0.06139096540620876,-0.007442059355276052,-0.01466079217854724,
2008-02,-0.006460979401476877,-0.22600124368441504,-0.008974279051690633,-0.006448394869801786,-0.05493306645938594,,-0.03516111931597357,-0.13903336183443452,-0.1784317217256121,-0.00928230858919549,0.0,0.10070925767586475,-0.005749117761368054,-0.006805130198212203,-0.05623843762145357,-0.03579462106490478,-0.031631472988729106,-0.02724216867469879,0.02474666925767586,-0.042483482316362224,-0.07532363000388652,0.03515672755538282,-0.019947298872911,-0.03018123591138749,
2008-03,-0.013568939000257203,-0.23009130427283894,-0.020004435485987536,-0.004909636815058599,-0.06591516486285236,,-0.06364520461350533,-0.05710998280546174,-0.17846488692322743,-0.010819766295255637,-0.0045750032056978175,0.05980281771464864,-0.008339268560990369,-0.004231487376299431,-0.0385544027541256,-0.04593436530557611,-0.035626393353744804,-0.024451825673027814,0.02864976757753476,-0.04194070696322557,-0.07811197521226966,0.011658283110734172,-0.02736103581158145,-0.035614519149076554,
2008-04,-0.011257765849832365,-0.23223421015730036,-0.026307707247426624,-0.003960866490746963,-0.06255780566797368,,-0.08473063139874154,0.052137544307992945,-0.1528592874877302,-0.0080870832499102,-0.009273472644337009,0.03966744728220563,-0.005049607705072802,0.0,-0.013048311178399516,-0.04890542479057981,-0.036237508089231624,-0.02295834542500054,0.031105598310690975,-0.034020125033462974,-0.08166553061235199,0.0,-0.0347425768411391,-0.024735021892479017,
2008-05,-0.009076834015340854,-0.22134981249479768,-0.03078655826533879,-0.006438072292047688,-0.06119113982616492,,-0.10459514098696497,0.02989606040359545,-0.15052577943449238,-0.008808350261667423,-0.013394920224991242,0.026397950453034447,-0.005220207069332308,0.003392888075029074,-0.0146398070432368,-0.050559054952784364,-0.03417048538389261,-0.024310516263573587,0.03241465157626598,-0.021299222458931445,-0.0820007228754847,-0.021291558779000314,-0.03476550414191155,-0.013532997691147694,
2008-06,-0.015924867099122494,-0.21235811432661825,-0.11987379047974735,-0.019749996665436576,-0.06348026160761526,,-0.1277885101318857,-0.061148460691425426,-0.1542889080564534,-0.015874018712087865,-0.01660125735271233,0.0,-0.008117557439707391,0.004697777402330635,-0.056754462016358635,-0.05274939199793702,-0.030420214271635014,-0.02568623092073965,0.032917498454985615,-0.017041219649915302,-0.07871184333183649,-0.04427131638189495,-0.030580110292537547,-0.017184524365284375,
2008-07,-0.022468981217985195,-0.206768415860368,-0.19713100360462907,-0.04410332764181369,-0.07037516220830961,,-0.14880027319294248,-0.16869564788465186,-0.15534472396129767,-0.025125987478656797,-0.018928575222917854,-0.18030316069057103,-0.007146939859609183,0.0040409865300701925,-0.10317286283437675,-0.05440950104344526,-0.026194103585657366,-0.02393961677101119,0.02041976095617529,-0.020173189148169225,-0.07511185733257446,-0.07374254600645037,-0.016509922215898313,-0.023425088218554352,
2008-08,-0.028984351264392347,-0.1950332196617715,-0.25521309342261067,-0.05788352295883963,-0.07107005399028679,,-0.15184142743026688,-0.2559002135602615,-0.15784510878827893,-0.03140927542159997,-0.019183261677270576,-0.33636721546170373,0.0,0.002246710267935873,-0.13947417639988677,-0.050616301420820416,-0.01888699683290577,-0.020919050138495536,0.0,-0.018158483648042015,-0.06756906621850135,-0.1031677833749042,0.0,-0.03776247089667151,
2008-09,-0.04579536747629867,-0.21415121281776536,-0.31292910273567587,-0.06291266704310182,-0.07501917744471664,,-0.15570621607081722,-0.3113143070554916,-0.18639838251443866,-0.04508636519249323,-0.018954073428568464,-0.4681827740899977,-0.004568566775002928,-0.005983666567370779,-0.179042409718548,-0.05445576219968551,-0.015896671512898832,-0.02048252614668226,-0.053814221838870926,-0.02971650282845079,-0.06253849197704041,-0.12363152481433891,0.0,-0.06198090851291809,
2008-10,-0.06462735723771579,-0.2712631758679567,-0.3545033883513564,-0.062257120091064294,-0.08095644090305444,,-0.15544035666856384,-0.31970504268639727,-0.2248457598178714,-0.05561318914816922,-0.015163923354202238,-0.548642686397268,-0.003740800607095427,-0.015535511288180611,-0.2304117776512996,-0.05189712009106431,-0.016199066590779732,-0.02484297476759628,-0.10169240751280592,-0.042578129387213046,-0.06262479984822614,-0.12190146082337315,-0.008839127300322519,-0.08706835894517169,
2008-11,-0.07364170634797132,-0.2767997750281214,-0.3598356208438372,-0.05821629756754715,-0.08048895814900608,,-0.14743303826152165,-0.2961818063255927,-0.23559300393774885,-0.05632708213844811,-0.010470981147119458,-0.574821897262842,0.0,-0.024100290329321483,-0.28910132774905106,-0.04246214529507921,-0.017919921571068437,-0.0263588420024572,-0.13762170785964006,-0.05026749867728984,-0.059902830822036575,-0.11313719431316144,-0.016848252170059773,-0.10264519059623475,
2008-12,-0.08205771305892559,-0.28829613599057563,-0.35592475571082866,-0.060649733083476376,-0.0802367004783426,,-0.15064127828981452,-0.2838376927074311,-0.2540028067665344,-0.05737788915859241,-0.005613923001762945,-0.5815539235866621,0.003322070273395407,-0.03208469341155985,-0.35596570615711437,-0.037253088155565196,-0.020674351342981165,-0.02918919841057377,-0.167762130473026,-0.053295776052574934,-0.05877592584677286,-0.1005803550338454,-0.02722239219294476,-0.1200698242227776,
2009-01,-0.08757305255169796,-0.32419472585847076,-0.3488442041358375,-0.06461046480743692,-0.07930108138873078,,-0.15050115727565927,-0.267385801555682,-0.2670610055018023,-0.055940345285524565,-0.004226180990324416,-0.5795363991652437,0.00570794915575792,-0.03600479605387971,-0.39675782963384554,-0.04020758869284765,-0.023986089926010243,-0.03371780686776702,-0.20163859609182314,-0.05651093910073988,-0.05417170176437107,-0.10207894517169416,-0.033100891671409595,-0.1322159741984443,
2009-02,-0.09563450726529446,-0.3472675316306225,-0.32183377606745917,-0.06884104227729498,-0.0750499078222058,,-0.14369342416248196,-0.2550043443476797,-0.25928968359308496,-0.05718844363240925,-0.005723752212907822,-0.5591642229329565,-0.006379384395132428,-0.04137005310978769,-0.40982073020923543,-0.04410383595098742,-0.027886691796634003,-0.038437495766412144,-0.22007359211463373,-0.061636854274871075,-0.04731425945623341,-0.12013658057913658,-0.04115971198787319,-0.1385675991849543,
2009-03,-0.09240684917023038,-0.3054306958126462,-0.26018002149129804,-0.06654848702311025,-0.05932151686871934,,-0.12484614900083457,-0.2166640571161617,-0.21179366854059384,-0.05332730062246776,-0.007058995338053018,-0.5042059317782511,-0.018188105848767545,-0.046766317001896415,-0.3821378367576184,-0.04363420775771373,-0.02865051369901533,-0.0355297912434583,-0.21270717618890142,-0.058477484753251235,-0.03554427874798566,-0.12437434901838157,-0.042253114401044414,-0.13232366224917752,
2009-04,-0.08066867767027128,-0.24751352684500097,-0.16679799658508818,-0.05767027888446214,-0.036633420603301076,,-0.0948429140580535,-0.13841354581673307,-0.14088536520584327,-0.04230190855625119,-0.00946306203756403,-0.39561023714665156,-0.02559250996015936,-0.04376575222917852,-0.32127852779358756,-0.03438930753177766,-0.023733363688104723,-0.030887497628533482,-0.18533258205274142,-0.04717768924302789,-0.023780254221210394,-0.11228790741794727,-0.03991810282678808,-0.10478971732119143,
2009-05,-0.06301475241889583,-0.1993606374501992,-0.055991379244925046,-0.04639774615822425,-0.013307486245494214,,-0.0697519408081958,-0.08148969076076645,-0.08272396129766646,-0.032606943653955604,-0.013324507683551506,-0.2486689963953708,-0.02979210017074558,-0.038748055397457785,-0.26707118952760384,-0.024525319673686208,-0.017564006829823557,-0.027557526086131656,-0.14309777271864918,-0.0276631682792639,-0.014055078732688296,-0.0891222158983115,-0.03385922215898311,-0.06884663251754883,
2009-06,-0.04907047619047619,-0.1427033959400493,-0.024178038322898873,-0.04565170935306394,0.007567960538797191,,-0.04536531967368621,-0.04406528552456839,-0.02538378296338454,-0.024904465945740844,-0.015018880667804966,-0.06641170176437107,-0.026723862644659455,-0.03366684120660216,-0.22229531398216656,-0.01780636691329918,-0.011860755074938339,-0.024203892999430848,-0.09439051413394041,-0.012406731170555874,-0.007491383039271487,-0.06506399544678426,-0.024941771959779927,-0.040495488522102066,
2009-07,-0.018423462775404416,-0.059650600489607845,0.012925139922238763,-0.04537382038112612,0.030667360437767018,,0.0,-0.018180198723179577,0.03955070897134355,-0.013607745403926466,-0.013930156962511405,-0.03187070129122067,-0.022253075409206555,-0.023828445255124092,-0.1632223760380167,0.0,-0.0035153266452263234,-0.015581371861949796,-0.031372188355013694,-0.006572518600297609,0.005032062593001489,-0.03625208467335479,0.0,0.0,
2009-08,0.01637102992615623,0.03951008161678974,0.047223482316362225,-0.03193357170617956,0.05715840652934317,,0.03375040031092111,0.01517102215312864,0.11237259230470266,0.0026872988729109977,-0.011723684415079674,0.0,-0.013692063738826274,-0.01267897396035756,-0.06849146521570151,0.01892083948698018,0.0070380023319082784,-0.0027839797901282565,0.03892977846871356,0.003933190827827439,0.01946382432957637,-0.01260263505635445,0.02904592304702682,0.030859603575592698,
2009-09,0.03929844885615338,0.086107050639544,0.06406622572305681,-0.014270035608019127,0.06620976002744167,,0.05126299110507595,0.04241556666787303,0.14799893317556506,0.010394292331924019,-0.008880451937041626,0.007910943761988011,-0.009088097197461655,-0.00603714452953515,0.027376190146507422,0.03601348321325005,0.012647427898875121,0.00451428018460154,0.07478806698650425,0.008095584637098745,0.029364598265072844,0.0,0.036773501213945514,0.039821684544105666,
2009-10,0.04617231247570929,0.08564383210260397,0.07490436844150797,0.011286575981344735,0.06721974349008941,,0.05913830547998446,0.06349474543334627,0.14675546055188493,0.013838608628060628,-0.004851566265060241,0.01630808394869802,0.0,0.0,0.07588720559657988,0.05054882238631948,0.015053657209483092,0.006334061406917994,0.10854927322191994,0.0069325689856199,0.03368755538282161,0.015131216478818498,0.036281570151574044,0.040365402254178,
2009-11,0.05497173522776367,0.10760271492343881,0.08626661930590894,0.03675390390246245,0.0638644803916863,,0.06757501656026499,0.07176557576921233,0.1387118283492536,0.020153256852109638,0.0,0.022269003984063753,0.0,0.005334594153506458,0.09565303508856145,0.06699356597705565,0.01468585417366678,0.009973376854029669,0.13311314549032788,0.0,0.036107771324341204,0.03162017952287238,0.03035489463831422,0.04592214659434552,
2009-12,0.06367253012048193,0.11985681305868635,0.09041351729498641,0.058169646327244466,0.053927757481539065,,0.07231938593082005,0.06341476875242907,0.11258792848814615,0.024613773804897005,0.004078631947143411,0.030274963078118926,0.008856206762534007,0.011255336183443453,0.11312506024096385,0.08075340069957249,0.014451224251846091,0.014262293043140303,0.14814291488534784,0.0,0.038540971628449286,0.05378658375437232,0.02860656820831714,0.05231558492032646,
2010-01,0.06411036144578312,0.10408851923824328,0.08448952195880295,0.06453759036144578,0.03949537504858143,,0.062185876408861245,0.025639984453944806,0.06959806451612906,0.02408841041585698,0.0053028138359891164,0.026706591527399924,0.015443762145355616,0.01893105324523902,0.1030400077730276,0.0838895841430237,0.012881235911387484,0.01476808394869802,0.14638670034978626,0.0,0.03974115040808396,0.05760792848814613,0.025117193937038478,0.04840990283715508,
2010-02,0.05926675946815151,0.08972579273268375,0.07629591897470364,0.0647496145538329,0.026763753660058575,,0.04467888062208997,-0.011342854125666015,0.04012721739547834,0.019351824509192154,0.006779033264532233,0.014723098929582878,0.018925040080641296,0.02481867421878751,0.07472556808908945,0.08549829981279704,0.010680501128018051,0.012612140354245675,0.14101154898478377,-0.012133342293476698,0.03916726731627708,0.043361689627034045,0.019976149378390064,0.03937806748907982,
2010-03,0.06462303176398952,0.09539904819749159,0.07396432668115328,0.06061309755149634,0.02642870292715856,,0.04041843356185617,-0.020794508843785756,0.034743505824263506,0.01650287318793262,0.008235530603542552,0.010228938478217434,0.024101581984199053,0.029644081091244973,0.06857006975269503,0.08615737469926728,0.01041222615419233,0.012939286203190726,0.13753951813522874,-0.015472140619419046,0.039247554407259466,0.03801455397140346,0.02128522054785684,0.03398055720334651,
2010-04,0.06066479841266597,0.08099888518420036,0.06534955808607294,0.05215573669891794,0.025446115138364624,,0.03900680690635077,-0.016674540659700327,0.023326804671998703,0.012065733221510836,0.005526921582110081,0.0037997241676645224,0.02052196509690323,0.03326222088300966,0.06103528388072339,0.08000913802788538,0.010041473193282472,0.010987095830101136,0.12294170544001792,-0.020726510587209757,0.03981635435564907,0.025812898977390576,0.01992167966629481,0.021390427846950045,
2010-05,0.05408045083560047,0.0527857986785853,0.05711185386708123,0.045649211037699186,0.02958470268169452,,0.03994723668869025,-0.01501747376603187,0.011798204430625731,0.00690962300816168,0.0029974504469490863,-0.005876603186941313,0.022497450446949088,0.0365079595802565,0.03815321414691022,0.07277820443062573,0.00928150019432569,0.006977108433734941,0.10468457054022544,-0.01873325301204819,0.036868223863194716,0.0,0.01941099106101827,0.008296883015934703,
2010-06,0.039592911282061806,0.022344480442338773,0.04448519427061782,0.033291590024719514,0.03248352165354642,,0.037238309382233145,-0.01928595536645735,0.0,0.001723645266713978,0.001413121468504291,-0.019818089125471467,0.026526691852954472,0.03578905277633981,0.0,0.05825035285454214,0.008638484983423317,0.003044737392825843,0.07612828091784671,-0.013808551431794835,0.029490123219795744,-0.0241473232619652,0.0168620964201589,-0.007154513312489875,
2010-07,0.03483212211395383,0.011351156338501414,0.035758168290692664,0.016832302596841552,0.04250953007248118,,0.036203300532808534,-0.023884583113329815,0.0,0.0,0.001589942879086066,-0.023789699035184568,0.028138814381030105,0.0353871991551865,-0.031179271348341583,0.04534225507608124,0.00767948543176691,0.0029521547544760726,0.06922352037632605,-0.007989159506552108,0.029667819325109215,-0.04046894062304998,0.0161708404934479,-0.009522492199875202,
2010-08,0.03432429520015177,0.0,0.026585300701954084,0.0046314247770821455,0.06060532726237905,,0.041346051982546,-0.025135890722822987,-0.006914369189907039,0.001330775943843674,0.0020220072092582055,-0.02524432555492316,0.03068308932942928,0.03287253272623791,-0.04398640865110984,0.032139639537089724,0.006943616012141908,0.005720736103206221,0.06883669891861126,0.0,0.033139464997154235,-0.054202830582432165,0.019096042496679944,-0.01038681085183077,
2010-09,0.037389096145538335,0.0,0.028333244371909965,0.004159796476743624,0.07999567993087892,,0.052784463111409795,-0.02159202035232565,-0.017068205251284028,0.001354535592569482,0.0016311236979791696,-0.02882909998559978,0.03232641274776525,0.028879992319877132,-0.05116728267652284,0.025884729035664585,0.007404682954927281,0.01001147410358566,0.07272725003600061,0.0,0.03818091681466905,-0.07050027552440839,0.02286881006096098,-0.006341051216819469,
2010-10,0.041155530259912726,0.010400159362549798,0.04160056156327072,0.003908647315499901,0.10225230885979888,,0.06401523050654524,-0.020005167899829254,-0.032504761904761904,0.0013009372035666864,0.0015747751849743892,-0.03021343198634035,0.030341773148370384,0.028294456459874787,-0.04458442041358376,0.026985224815025608,0.007839954467842912,0.014762360083475616,0.08874154429899447,0.0,0.04454187820147979,-0.0827416429520015,0.020047816353633084,0.0,
2010-11,0.049691413154084194,0.01569956200044542,0.0630724307737992,0.003719483069041356,0.12599777063400824,,0.07995352300566225,-0.01532502401461348,-0.04591420127882972,0.001559750083048195,0.002139437731850688,-0.02749130337299399,0.024519500228942424,0.027467041302135703,-0.021658129387213045,0.03386291836231208,0.009475240389842847,0.020627923090247698,0.11715083951789303,0.0,0.05132376198199859,-0.08407010767395315,0.01620734078554969,0.01625549374120307,
2010-12,0.04901919374702668,0.0287265746919975,0.07158877126525193,0.0,0.13195169773738757,,0.09186953409479941,0.0,-0.05176288734659156,0.003645981999285663,0.0021247393482929254,-0.02047788739846254,0.015140264282938205,0.02404011257486095,0.0,0.037480855900917515,0.011325681621813083,0.024984512805464532,0.1246419568107346,0.0,0.055821591965035985,-0.06997350874618934,0.019134258415326545,0.029144017570926162,
2011-01,0.042258685055672394,0.04901588882417366,0.07540723170473258,-0.008440632173942685,0.12922818936170527,,0.0888370154323595,0.0,-0.0554936561783532,0.003502810666453255,0.001471891112425176,-0.014952575098073214,0.008836813058686359,0.02078618631169127,0.018074400778954013,0.03523951798515304,0.013356186207949301,0.02399060542333394,0.1257295061437478,0.0,0.05882590763111134,-0.05897456246822901,0.024444009716176777,0.03395659287648333,
2011-02,0.031692409496243794,0.07118805307439338,0.07954867795675735,-0.009552412667784116,0.11574338533770236,,0.0695973625826416,0.0,-0.04903871946836685,0.002695364660445112,0.0018427538454926329,-0.011679011961449482,0.008433167508744656,0.019840674559948777,0.03035524956613625,0.03265781006623184,0.014052502330489321,0.02147727828487842,0.1283295689817429,0.0,0.054837369637095755,-0.05505822147725605,0.028573896148356946,0.03799960281644636,
2011-03,0.030237099227976655,0.09391405770860836,0.09217903545595516,-0.009265444586225142,0.10863963516999343,,0.06116237388485009,0.014089197348355176,-0.03703935177133317,0.0025886527029971057,0.003805168913290629,-0.005353975544965739,0.016650656170498733,0.02218487185730475,0.04718418899102389,0.033959060976480486,0.015094533957493864,0.020650604968264114,0.13615103610769888,0.0032722000194058513,0.04911240564820122,-0.04522229768942217,0.03612435123126467,0.04338660666719149,
2011-04,0.03495991288052188,0.09050687728885334,0.09442341282330056,-0.00805307278553445,0.09990019884412916,,0.049197359950789686,0.022193129148546594,-0.03331709201190206,0.0014721081769283593,0.0030405699244678433,-0.004099168144884416,0.021458258394991457,0.023230144197756937,0.059399229657816466,0.03621887159533076,0.015767516880292983,0.01666982933737698,0.13502527394712757,0.011548323414969107,0.03785463278210119,-0.04658321769855805,0.038354418202105764,0.0456926213092241,
2011-05,0.03677237354085606,0.07223923881322963,0.09300090481231409,-0.0031132910849164573,0.09223814803158623,,0.037154554818036194,0.02016118891622798,-0.03283701576447701,-0.0010601324673838418,0.0019348964293888773,-0.008015199416342418,0.0291133447163726,0.024045651894026104,0.0645301377603571,0.03871280255779357,0.014896096789883276,0.009746212663080804,0.12333547436484332,0.0178026364728771,0.02461920991645687,-0.05521020613984897,0.038684953650721006,0.04627419031815063,
2011-06,0.0386658464566929,0.05600393700787402,0.09194975972672532,0.0,0.0896924936313108,,0.030168929481241318,0.019497792670217694,-0.030408963930060207,-0.002312507237146827,0.0020648231241315426,-0.013069317392311255,0.0326680708491336,0.023129371236683644,0.05142981415006948,0.03692186052570634,0.013382179249652619,0.0038126664543770257,0.1146113362667902,0.02384108672996758,0.009897210803612784,-0.06518525648448353,0.03764867270727188,0.04107867502315886,
2011-07,0.023990694380865204,0.0,0.051976478456168505,-0.004182457370107579,0.05773411392767227,,-0.009884305619134812,0.0,-0.032140660763332586,-0.005963471332112616,0.0009765928988326852,-0.023214179446097518,0.03100575981787136,0.01945490243762876,0.0,0.0193142488269627,0.007390596389333949,-0.007155484664682997,0.07312727812428477,0.023912640907530345,-0.012499105916685748,-0.08627424753948275,0.021709161850537898,0.017011387045090417,
2011-08,0.011639698729686431,-0.06490916113527126,0.0,-0.010874155985351346,0.024376477025635175,,-0.048704977540627165,-0.02293187800411995,-0.05016932865072101,-0.01049935626001374,-0.001943640564202336,-0.033003504806591914,0.031142581940260785,0.016418549010070966,-0.037655538309681866,0.0,0.0,-0.01870766694323645,0.025117743619821498,0.020546835660334186,-0.030909890707255683,-0.10895318579766543,0.007002800268940269,-0.011477261673151757,
2011-09,0.007939481288624404,-0.09700599393453885,-0.03048969658388649,-0.008345345044632645,0.0,,-0.07323878461890598,-0.045519866531242875,-0.06566108162623029,-0.012840770914396896,-0.0033400163080796533,-0.03667697842755781,0.030899436322093514,0.012330703536278331,-0.07524673480773636,-0.014564080739299618,-0.004139348249027238,-0.027068468900206016,0.0,0.011738405527580691,-0.04106167386701764,-0.11727293502517745,0.0,-0.033221224822613894,
2011-10,0.00877276693751431,-0.1294278689345389,-0.04939885414282448,-0.0067326690890364,-0.019385185397116058,,-0.09479634927901127,-0.06571160806248574,-0.08047688973449307,-0.01329161063744565,-0.004654061284046695,-0.03808116130693526,0.027831864921267303,0.01220149061570154,-0.09968338721675447,-0.019321934367132074,-0.0073775642309453,-0.03186362726024264,-0.01564592512588693,0.00889135457198444,-0.04584318851567868,-0.1207181062600138,0.0,-0.05100207427328911,
2011-11,0.012409747653925392,-0.15102750557907996,-0.05186297279125661,-0.004916878862439924,-0.024960663910505852,,-0.10138487425612273,-0.07593778610666062,-0.08989674410620282,-0.013884395027466247,-0.006324523632410167,-0.03737269326504924,0.02047427534706267,0.010811598764019235,-0.10689070010299845,-0.016649869821469453,-0.009059174010070958,-0.03290211575875488,-0.01361091282330053,0.009225659475852604,-0.04440293473907076,-0.1209966024834059,-0.006105491102082854,-0.061165015592813045,
2011-12,0.01674687952447743,-0.14838512210433447,-0.04917280534567008,-0.005226301635598593,-0.02296583736765904,,-0.08716455241607095,-0.07537964607275362,-0.08572256611392638,-0.010308569360238898,-0.008158452854945257,-0.03302560288661661,0.013889604562297365,0.00939141536964981,-0.09824458759388295,-0.010078867297077191,-0.008668248348565742,-0.031201920357886173,0.0,0.010706087118812779,-0.03525687013618679,-0.10639037191204422,-0.006285898900551984,-0.06424120271921095,
2012-01,0.026791838052357454,-0.10386412033502794,-0.03544355426176074,0.0,0.0,,-0.06018147172341362,-0.05416661396844184,-0.06454510135353494,-0.005004316596027751,-0.009244810564148179,-0.025002108511293187,0.012601821784161145,0.009794169468407091,-0.07721318044908668,0.0,-0.005127050470458305,-0.027935266082945016,0.0,0.015523932738664429,-0.019395271274739192,-0.07779392769710385,0.009105827002849896,-0.06189429213589923,
2012-02,0.03050141814089223,-0.06063457209754777,-0.01716969900913945,0.009299215003167136,0.0,,-0.04127812245498147,-0.03753990023527282,-0.040049224900461505,0.0,-0.00960486466156909,-0.017259241245136187,0.005905381542380733,0.009587862523753507,-0.045907525337073596,0.007267208567098004,-0.0026529556148764824,-0.025760741392181707,0.031200160053388836,0.017995804961089497,-0.005331389693240432,-0.048917073398335,0.02880442098000182,-0.06437093503981543,
2012-03,0.03351509478780201,-0.02531923722966249,0.0,0.01971213719346666,0.02145244915618497,,-0.024646878676137917,-0.023252236788525928,-0.022598909318161265,0.0053016766016650094,-0.00810720607863542,-0.010000933173468462,0.004763164370078741,0.008683525529363861,-0.014402563964799569,0.02121234079495069,0.0,-0.022400249411817938,0.05555081977875308,0.02217495164464755,0.0,-0.023581887385756957,0.042487932370373724,-0.06376462678716861,
2012-04,0.04706148623427745,0.0,0.018317721529725814,0.035872093023255835,0.0297113100624378,,-0.01216151960229844,-0.012372805628449918,0.0,0.010876702334630353,-0.006589936713872051,-0.005682955727988417,0.005703554159990848,0.010421462141435165,0.01042971224323591,0.04099922376934216,0.0016180520993575246,-0.018339099685548824,0.0741198901683106,0.02862475680933853,0.009486174893674782,0.0,0.04991286846213013,-0.05854989791647816,
2012-05,0.050829516193637014,0.0,0.027658996623941418,0.04853335288395517,0.02659435440032046,,0.0,-0.009466099937056539,0.0,0.014075911249713902,-0.006018253604943928,-0.0041615465495536755,0.006824528138026862,0.012829830910963614,0.028501226682307177,0.0520667057679103,0.002271912193865875,-0.01478476195925842,0.07870157644769973,0.033159189745937304,0.015307267824444958,0.007853162909132527,0.04962087291142141,-0.04947399648088809,
2012-06,0.06123475816668175,0.040270747556782206,0.048596415199981924,0.06045713481811603,0.03836797150710344,,0.015283105035743375,0.0,0.010154235193647634,0.018942403402407028,-0.002924777735046603,0.002235890699936658,0.010026057164110784,0.019258303829970146,0.04609021525201341,0.07003610391593523,0.001963990815310833,-0.006870086700298619,0.09284071435842912,0.0415172128087956,0.023216352026965894,0.025091175289566565,0.05319091598045428,-0.034115280856936034,
2012-07,0.06016213182064972,0.04729352123111032,0.050604866075468304,0.07002607230114924,0.03200686023889242,,0.022040235329381968,0.0,0.0,0.021433439281512992,0.0,0.00299506973350828,0.008207019626916917,0.022107579348022807,0.04813801494208671,0.08203850330286853,0.0,-0.0021648776128857126,0.08436229611573615,0.04321022277395712,0.021197650382318346,0.02608614322233283,0.05028439875350648,-0.027629230386390383,
2012-08,0.0583483455882353,0.03971466101204262,0.04323258742473367,0.07252863015284854,0.01541812615794349,,0.014183461672070404,0.0,0.0,0.020273115446966184,0.0,0.0028214306391848073,0.006650626937152504,0.024728462251042145,0.04329219980314959,0.08276392427049561,-0.003056131310792033,0.0,0.06985760189902734,0.04204811255210746,0.01976616778601204,0.021098548228346458,0.045567660085687814,-0.02437764879573877,
2012-09,0.05851186402814226,0.052829770778662584,0.03829602524658402,0.0716124177110669,0.0,,0.0,-0.013289386989865174,0.0,0.018716066419328575,0.0013588066125237539,0.005582434564745272,0.009226778868162056,0.02809769760655145,0.03438899760202697,0.08530072928920462,-0.005930501198986518,0.0031935953194281073,0.06587575502216995,0.04297847762645916,0.020926570559225414,0.024501148086146052,0.044522646423400605,-0.018381820649714962,
2012-10,0.05426485018324135,0.05419032355669171,0.028240508494706374,0.0685652245837481,0.0,,-0.011938858757126055,-0.01969076610713963,0.0,0.015859792100262428,0.0007856684349832599,0.0,0.007582451531535609,0.025730491018912317,0.023049073613247678,0.07944910952628724,-0.007426010655144335,0.006901227830060631,0.0488984664849335,0.04730214601619764,0.020418705038005615,0.019996854074291928,0.04903234153017828,-0.015350180413537246,
2012-11,0.04806349305151085,0.06402429192398382,0.02764472375735642,0.06725593589338882,-0.013426419523646494,,-0.024435754819185147,-0.01950734419067181,0.0,0.0141547770955508,0.0,0.0,0.004175206854083952,0.02300295961028587,0.015460821843909825,0.0723285552744642,-0.009007189318726462,0.010643459587314432,0.03693873740090788,0.05286892498121529,0.01856189172005673,0.009731819589744959,0.05186528067390785,-0.01504715813685345,
2012-12,0.047113661187608465,0.08246236759930702,0.03842656772646502,0.06560030292656105,0.0,,-0.018967004124484443,-0.015513130028706888,0.0,0.01489253072614935,0.000826971727348311,-0.008139661890089828,0.0,0.02012462375009448,0.019507996283073314,0.06304119593746432,-0.00766008497949614,0.01750808075867987,0.03261432735927772,0.05740085601947978,0.020871106526703927,-0.00614994271961064,0.05063987307910622,-0.006450964874449985,
2013-01,0.051990682105007395,0.10809669284465746,0.053293871380654674,0.06812813867811268,0.02387642728540009,,0.0,0.0,0.015342717216959376,0.015456210167798596,0.0,-0.013930324251647652,0.0,0.020839787846543428,0.03112529366816566,0.05846550931602029,-0.004574095861987771,0.024878967097917377,0.0372387356277881,0.06277007535452016,0.027382448373267698,-0.01563182991729674,0.05487026109752594,0.004233347055969607,
2013-02,0.06808120193923106,0.14483719099505596,0.07320903182450923,0.07534002016032258,0.04619410742571883,,0.024342621801948842,0.022726965871453952,0.028843281332501323,0.018509883358133736,0.0,-0.01617081745307926,0.0,0.02273753372053954,0.05939166898670382,0.06716369605913697,0.0,0.031560324485191776,0.07031759228147652,0.07431986943791102,0.039026329381270104,-0.01484381126098018,0.07087147890366248,0.012311824509192151,
2013-03,0.08167387292538858,0.15611003004732435,0.07648270460413191,0.08007696674247858,0.05689104301784017,,0.02976560912382841,0.03507866894927348,0.032302920821888424,0.01958051475633322,-0.0008760103572159694,-0.016942405420666287,0.011993272908741467,0.022367964618094528,0.07838077016233952,0.07652460363702351,0.0013786337803313377,0.03306415969849193,0.09381352811978133,0.08646160698819626,0.0470569256945491,-0.015891543931557787,0.07100463570150042,0.010731101567754954,
2013-04,0.10485468253093401,0.1682337879800204,0.07719623600834756,0.0836299822355599,0.0724638393536713,,0.039409176769301474,0.03863729722555288,0.03765691609620242,0.021868518307721494,0.0,-0.021495384919947534,0.023259730601403905,0.01927234783808488,0.09182890872047288,0.08603877357125234,0.0040311591728324795,0.03378419692208016,0.11720075886928477,0.09038206668901279,0.05595206225727617,-0.024384798468463805,0.06593388913759604,0.007317175866457005,
2013-05,0.10583971162967178,0.14798305444887117,0.06293311188979026,0.07466062606715991,0.06343676721684689,,0.038767490039840626,0.035546264465945734,0.033735936254980066,0.02105317909086546,-0.002043392145702902,-0.026736110794915575,0.032046449383190144,0.014704686017833426,0.08650515651678997,0.07849866059571238,0.005173634138146212,0.03127011952191235,0.11105480727691647,0.0857596357427433,0.06171211534813128,-0.03717033579965851,0.04496675393663441,-0.002658888256497817,
2013-06,0.10580362157618349,0.1272854000898345,0.03907583380762663,0.06580692475721053,0.0521791171470714,,0.04653398452116621,0.04158778025485109,0.020640033504228893,0.022373705179282867,-0.0017490324791554644,-0.027458725234578336,0.03851747158959562,0.014710276154932306,0.07616245726673579,0.06992671512332,0.005551918042117245,0.027283199218934528,0.09370385126162019,0.07443628085062347,0.06548233191832704,-0.04797744088580741,0.022321487623756804,-0.0080893966014354,
2013-07,0.10343063555302599,0.1100654676531967,0.017464825997215966,0.058023198634035274,0.046107266173401634,,0.06500701195219123,0.04537073800037943,0.00436375640295959,0.026724692555080885,0.0,-0.024974623411117437,,0.012987387592487193,0.07386682602921646,0.07115269208878768,0.006471091057456922,0.020045881236956938,0.08295135602169638,0.06441627774615823,0.06249001707455891,-0.05726962625687725,0.005885448681464618,-0.0094302712957693,
2013-08,0.09264364257256685,0.09710574084613924,0.009765103441655074,0.043144860557768915,0.04302970973249858,,0.07658660595712387,0.0506255587175109,0.0,0.03167036912590602,0.004146742553595143,-0.01722800227660785,0.04707272731788367,0.00940222348700436,0.07123351166761524,0.06843422500474293,0.00703252340037441,0.012047338265983684,0.08326873709979361,0.05259484727755643,0.05753167899829254,-0.05271843672927338,-0.0077758148358945175,-0.00827250996015936,
2013-09,0.082546051982546,0.08817592107759438,0.0,0.03034920887877063,0.04168215518876873,,0.08557729463099979,0.054144382470119504,0.0,0.03658196899150387,0.009460405995067348,-0.006999628154050465,,0.010105604249667995,0.06241095048377916,0.06440428002276607,0.0059940018240291874,0.0037839575033200537,0.07344514952239241,0.04440151014987668,0.054132361980648816,-0.037826545247581105,-0.023387448302029972,0.0,
2013-10,0.07438443623097972,0.08498027168434698,0.0,0.027399767676282834,0.04570259108145732,,0.08583973119569917,0.04850628522056355,0.0,0.03849781577924601,0.012020317765084245,-0.0021654912878606063,,0.00924941007056113,0.0462179042864686,0.06651566649066387,0.005116828604741547,0.0,0.05606132918771862,0.04058145058320934,0.04797492055872897,-0.02433837853405655,-0.02327127922046754,0.004188500936014978,
2013-11,0.06825553405425916,0.08777123885410737,0.008778004128066058,0.02521141339404288,0.05412556251185732,,0.08656333902485297,0.04715574274331247,-0.0030155947638019326,0.04021211347381559,0.014126586985391763,0.0,,0.01319617529880478,0.030914695503699487,0.06356680705748433,0.005024570633130132,-0.002089341680895466,0.049377180434886966,0.03914559666097514,0.042978061088977414,-0.015475325365205841,-0.01679504458357048,0.005721130715234301,
2013-12,0.05804315689622462,0.09454907987099222,0.023581525464407442,0.023984443179662307,0.07172151773856952,,0.09479163726048188,0.053649022955795864,0.005797579206981599,0.042271392502280056,0.017824253462341108,0.00156796812749004,0.05554579922239127,0.020002132422690187,0.01867931701764371,0.05601384177575411,0.006122428838861423,0.0,0.03366624105985697,0.03383660026560425,0.035349315120470494,-0.007676630620375637,-0.010965645987478656,0.012005744640485675,
2014-01,0.03568180610889775,0.08693982166571809,0.0391139634234148,0.022600986530070196,0.0782550028457598,,0.1011931398216657,0.0542881047239613,0.011002147600075885,0.041131232179714886,0.018430643141718835,0.0022274558907228233,0.06580923257509824,0.026743562891291973,0.011073033579965853,0.04899304875735155,0.006884942159074548,0.006165061658129386,0.01215943935102961,0.018890206791880096,0.026908981217985194,0.0,-0.010747949155757924,0.01870023145513185,
2014-02,0.01419744324040184,0.07490956557732929,0.04819532536520584,0.021240773776716963,0.08068411091189541,0.027223589130266086,0.10507040162332035,0.051771086180405414,0.004782747421756601,0.03952683741225574,0.01697832048429657,0.003024060355603747,0.05548951852940049,0.02947936467943396,0.01884471524779856,0.039410282828782735,0.008258873079112121,0.012347568131389364,0.0,0.011546151175460026,0.019512617701600888,0.010200219262232076,-0.004362234855046217,0.022591336142349476,
2014-03,-0.007459669891861125,0.052434528552456845,0.048494941679066886,0.020738121798520207,0.0842004629102637,0.029029299943084806,0.09582129387213052,0.037549512426484535,-0.005968066780497058,0.03582209763356215,0.015045501802314547,0.005499427053690001,0.04518442102298645,0.03268802883703281,0.024707865680136595,0.029836152532726236,0.007859484471751551,0.015779563650161258,0.0,0.006016080440144185,0.008151257825839498,0.019109079870992217,0.0,0.0213612900777841,
2014-04,-0.014943841021456348,0.05124032064513034,0.06304817165074644,0.026707554360869787,0.0870274506792109,0.030045504728075663,0.08732899534392553,0.02156235203763261,-0.008961728027648445,0.033098537896606356,0.015372472519560317,0.006025590169442714,0.02137456195469413,0.033407228915662654,0.03628131138098211,0.03733342293476696,0.008544082945327129,0.019938159650554413,0.01328200451207219,0.008423048048768785,0.0,0.025520126722027563,0.005280380166082657,0.023298205731291707,
2014-05,-0.029314202238664388,0.038768355150825266,0.0748589489660406,0.022730502750901157,0.0834312274710681,0.026656596471257826,0.07814703092392333,0.008546484538038319,-0.019359142477708213,0.02688412066021627,0.013625847087839118,0.007291891481692277,0.0,0.030908358945171695,0.04124473534433694,0.040236220830961865,0.009313344716372605,0.021093287801176246,0.02559654714475431,0.014334957313602733,0.0,0.031537066970214384,0.0,0.022879423259343577,0.012588753907680886
2014-06,-0.04589683930942894,0.034149611079491556,0.0713826598368431,0.013620034149117815,0.07597315120470498,0.016842549800796813,0.06330640865110984,0.0,-0.03302459495351925,0.017611451337507113,0.010155613735534051,0.007357981407702522,-0.02268188907209328,0.028987987099222155,0.03236852210206792,0.037776884841586034,0.009799605387971921,0.015454980079681277,0.0329014987668374,0.018533788654904192,0.0,0.03173126920887876,0.0,0.022565570100550176,0.014855587175109087
2014-07,-0.08318850285604572,0.02273231891710268,0.04513824797196756,0.0,0.057779565113041824,0.008906603945663134,0.04072260740171844,-0.010172733643738302,-0.0456846925550809,0.006986534824557194,0.005310670570729132,0.004218522536360583,-0.01507945903033207,0.02446415206643307,0.020158663658618545,0.028969461911390586,0.008675382326117222,0.004820682570921136,0.031078462055392896,0.02145144338309414,-0.005215352565641052,0.02182634858157731,0.0,0.019565811932990937,0.0170566313061009
2014-08,-0.11729615323760478,0.020984666641171056,0.022896061153466304,-0.019927082560029032,0.04622554015070903,0.00562496484980462,0.023403731207299536,-0.01487119468671521,-0.048872996626331114,0.0021877481603793715,0.001688780357583406,0.0037833045757868196,0.0,0.018715797453888558,0.008678356403109561,0.0180214245596196,0.008529180848598827,-0.006106539398588593,0.03832779178786453,0.02510924493256036,-0.009605826646360161,0.019088805703217616,0.0,0.01719713279387625,0.019504706564294292
2014-09,-0.14640293682413202,0.0,-0.01180594194649972,-0.039770844242079294,0.023288173022196927,0.0,0.0,-0.01922027698728894,-0.05154753936634414,-0.005069542781255928,0.0,0.002223600834756213,0.014704648292883591,0.010860701954088406,-0.00687802693985961,0.0,0.004936133560994119,-0.01900784670840448,0.030695162208309614,0.0301868943274521,-0.013581938911022573,0.013258083855055966,-0.014372043255549229,0.011808726996774804,0.020148025042686393
2014-10,-0.14635756348101578,0.015919665914654636,-0.029293973983583754,-0.038812345797532774,0.012325921374741998,-0.0047189785436567,-0.01047022320357126,-0.019679685114961844,-0.0539434512552201,-0.007910480487687806,0.0,0.0013274209187346994,0.026648727056082403,0.010864378630058083,-0.011005765852253642,0.0,0.001999481591705468,-0.026455642490279853,0.020246666346661557,0.04751415542648684,-0.011351628666058659,0.00883798588777421,-0.015268606537704605,0.009781719387510202,0.02387161522584362
2014-11,-0.14114446594574082,0.032860330108138866,-0.04534719787516601,-0.03437696072851451,0.008408931891481687,-0.007451906659077972,-0.011849926010244734,-0.01308537279453614,-0.0527758451906659,-0.006721950294061846,0.0012343084803642563,0.0016241168658698531,0.034910514133940425,0.016115241889584516,-0.017554801745399355,0.011816763422500478,0.0,-0.02983425535951432,0.02218960349079871,0.06772047049895655,-0.0061557806867767,0.003111265414532347,-0.011164484917472963,0.006208355150825273,0.027668154050464803
2014-12,-0.12587856198989508,0.06263746599300427,-0.05487509521958805,-0.018697753595025266,0.010637955693742705,-0.00781343179168286,0.0,0.009762860474154682,-0.04338227749708511,-0.003123637776914109,0.005530742324135251,0.0,0.05656158569762923,0.03296799067236689,-0.017703085891954913,0.03777349397590363,0.0,-0.028918087835211822,0.03554290711232025,0.09955231247570928,0.006173742712786632,-0.011080956082394093,-0.005566171783909833,0.0035136883015934725,0.034471877186164006
2015-01,-0.09749528177225028,0.09706303925378934,-0.03906515351729498,0.0,0.03385122425184609,-0.0061469335406140685,0.029430050524679358,0.03995531286436067,-0.028414675476097943,0.0031418344345122435,0.01150655266226195,-0.0017154760979401478,0.07514936649825106,0.05030455499417024,0.0,0.06975036144578314,0.0020347298872910994,-0.026390252623396813,0.07107240575204042,0.12136570540225415,0.023073221919937815,-0.019506428293820443,0.0,0.005955538282160901,0.04522359113874854
2015-02,-0.0627004348869582,0.13188667978687663,-0.012036972111553787,0.022486551144818328,0.07012276676426825,-0.0027023664378630057,0.07112225411606589,0.07165630298084774,-0.01081297172754764,0.009910399846397544,0.017821014736235784,-0.0018391091057456932,0.1048471367541881,0.07021212883406136,0.021272784524552397,0.09745450391206263,0.005696420102721645,-0.021810804012864206,0.12099206067297084,0.15964116161858596,0.04484900302404841,-0.025672773004368078,0.016091643066289064,0.008453795420726735,0.05358222819565115
2015-03,-0.023489363989823844,0.1619315701051217,0.016375369845917538,0.041125287764604244,0.10132224835597373,0.002646416742667883,0.10058216099457594,0.09586811692987089,0.006897998367973891,0.01735025392406279,0.021959994239907847,-0.0012088475015600256,0.13053199827197237,0.0849975327605242,0.04877771612345799,0.1184159247347958,0.009335358325733215,-0.016238763500216007,0.15026296740747858,0.18831671290740656,0.06167976575625212,-0.03104329861277782,0.035527718523496385,0.01182573033168531,0.055908691019056315
2015-04,0.016953787462767357,0.16059106479463633,0.037246220089972026,0.06199395466153502,0.10919120389091962,0.004065002336628742,0.12218036570993397,0.1097112532669532,0.017009205687842144,0.022279817978981372,0.025651297891054907,-0.0022673952962168663,0.14016587310453787,0.09562840758357977,0.07203166328629133,0.13571502412942887,0.012465379344201942,-0.008673896316623428,0.1604297233337163,0.1973796164152497,0.07238109155965645,-0.039731114611246364,0.04582013308556155,0.017471999792299676,0.05287913178114052
2015-05,0.050284819277108435,0.13545775359502527,0.055091169840652945,0.07526495141857754,0.10675180722891567,0.004955584920326465,0.1359194792071512,0.11827937815779249,0.01956572872133696,0.021373929265448892,0.026575507190050526,-0.003270555771472989,0.13786352895452775,0.10262470268169452,0.09345941702293041,0.1463801787796347,0.016358274387874072,-0.003722837155071901,0.1645096385542169,0.18515606684803732,0.07829034589972794,-0.045478748542557325,0.05011290322580645,0.019957310532452394,0.04175645549941703
2015-06,0.07743942479595804,0.12194247959580258,0.06653971239797901,0.07549294209094443,0.09261173727166731,0.003373703847648659,0.13700979401476873,0.1339874465604353,0.021924267392149244,0.020225650991061023,0.027013369607462104,-0.004376805285658764,0.1316570229304314,0.11137847648659152,0.10202678585308979,0.15227735717061797,0.017818523124757093,-0.00204258064516129,0.16136132918771862,0.16350594636610963,0.08210442285270113,-0.046710890011659546,0.05602278274387873,0.021729374271278665,0.031210213758258852
2015-07,0.07134285270112709,0.0998524679362612,0.052170695685969694,0.0664051301982122,0.05383305091333075,0.0,0.10883300427516517,0.13597073455110764,0.019139082782743882,0.011985099106101824,0.02364078507578702,-0.008627469879518072,0.11153676642052078,0.11462426739214925,0.09163746599300426,0.12974579090555774,0.01493118538670812,-0.00475855421686747,0.12495320637388266,0.1215198756315585,0.07359413136416634,-0.05339856198989505,0.053476991838321025,0.016935623785464437,0.02319268558103382
2015-08,0.059599828993392924,0.06969242129809565,0.02582921881072678,0.04867369607462107,0.0,-0.002720334240186553,0.06542903225806451,0.12388927322191993,0.013280411970462496,0.0,0.018467874076952977,-0.01596341235911387,0.08420999611348619,0.11180835600466381,0.06711057909055577,0.08281846871356391,0.012345075787019044,-0.006752055965798679,0.05582429071123203,0.0692427050136028,0.06387181500194325,-0.0613391838321026,0.04161638554216868,0.005563256898561987,0.015084391760590753
2015-09,0.05788945200155462,0.029596929654100282,0.0,0.03660617955693743,-0.04495606684803731,-0.0067323513408472585,0.0,0.1009133540614069,0.0046612670034978645,-0.007611472988729112,0.010587026816945202,-0.022075740380878353,0.06036404197434902,0.09477860085503305,0.030917823552273602,0.027726925767586473,0.008485184609405361,-0.00786867469879518,0.0,0.0,0.04816455499417022,-0.06862789739603577,0.029720404197434904,-0.01095223474543335,0.0
2015-10,0.07760046848749583,0.026873498775980425,-0.031492439879038076,0.03867634234147748,-0.06802840109441755,-0.0075802121633946175,-0.01623290740651851,0.08124143042288678,-0.007050468007488123,-0.012857040272644369,0.007251284020544331,-0.025895776892430288,0.05015095281524505,0.09200436998991986,0.018411278260452166,0.0,0.005935483127730046,-0.0066331493303892885,-0.05851691067057075,0.0,0.04057481879710077,-0.0702623913982624,0.034841407382518126,-0.02073090961455384,-0.006479270388326214
2015-11,0.08657556760908176,0.027194969519512318,-0.06036675274804399,0.03044709067345079,-0.08306310564969041,-0.010117628762060194,-0.04137693083089331,0.05578218019488313,-0.020088236931790914,-0.017211024816397066,0.0032324984399750394,-0.027143466615465853,0.0312755954495272,0.07954646186338984,0.0,-0.02116146882350119,0.006963705659290551,-0.0029329582873325985,-0.1451079729275669,-0.03807054192867087,0.02794781740507849,-0.0685088004608074,0.035366835309364957,-0.028526818029088477,-0.01388795084721356
2015-12,0.08372888014208231,0.0,-0.1020411500984016,0.019990833773340384,-0.11905202323237178,-0.015881134738155816,-0.07693702875246006,0.03066979119665916,-0.039509831517304285,-0.023467625402006444,-0.0014482177314837055,-0.02912606729707676,0.01443267892286277,0.06038903662458602,-0.014231356021696352,-0.04754445735131764,0.005707905726491626,0.0026988105409686564,-0.2348599817597082,-0.06724270532328519,0.013581506264100231,-0.06951014640234247,0.030614951279220478,-0.0393953132050113,-0.01913303700859214
2016-01,0.09606803263137925,-0.02591531018782015,-0.1279904458357048,0.013292399924113069,-0.14175269967748055,-0.021483961297666474,-0.1013264200341491,0.01266906469360653,-0.058506423828495524,-0.02942701574653766,-0.004195348131284388,-0.028903494593056342,0.0,0.0335668981217985,-0.027090851830772145,-0.05893844811231266,0.0035562360083475617,0.004523384557010055,-0.2818949724909884,-0.1006969455511288,0.0,-0.0664210662113451,0.02319363317813086,-0.04798451147789793,-0.015044864352115349
2016-02,0.12358942831085304,-0.02541577305236886,-0.12079018096289544,0.013511432822925173,-0.11950402534440555,-0.022536736907790532,-0.09724320069121109,0.0,-0.06493936350981618,-0.02749415254644075,-0.0034831162098593596,-0.0268772351557625,0.0,0.023643964863437825,-0.02008755724091586,-0.05604548552776846,0.00415053808860942,0.008220242883886142,-0.2726760812172996,-0.1013705755292085,0.0,-0.05942751980031683,0.025916307811892726,-0.04579530552488841,-0.0032251716027456466
2016-03,0.15934583949914624,0.0,-0.09391754126351735,0.012202200720925817,-0.09550778220451527,-0.021073784860557766,-0.0957591424777082,-0.01050042876114589,-0.06695826977803072,-0.019881138303927147,-0.0023041168658698547,-0.021697598178713712,0.010486943653955609,0.01909329538986909,0.0,-0.036217461582242455,0.006679461202807816,0.009169038133181559,-0.24820842344906088,-0.08225708973629291,0.0042692695883134145,-0.0462175147030924,0.03253137234195747,-0.03457593625498007,0.00688067539366344
2016-04,0.1951254018148917,0.0,-0.07088422247614302,0.011695099377399959,-0.08588897978661758,-0.020267246732498356,-0.0950822673845611,-0.019334687907094614,-0.06976824784253746,-0.011793906196508044,-0.0017317795749839568,-0.016496077812407837,0.011171195003786586,0.013990938879675615,0.019149152798587928,-0.018630257680240556,0.008605159532923996,0.00845929831893543,-0.2283325997293817,-0.05777888435882274,0.0,-0.03409240593937616,0.03594120037823483,-0.023755726186400615,0.011523250799183694
2016-05,0.2236706948192741,-0.04157485502059279,-0.04985223437979343,0.01012474972249022,-0.08371193225352758,-0.019941986006689876,-0.09592473371658583,-0.02931036041443436,-0.07249471286444925,-0.007869414050516412,-0.004315228877022783,-0.011207030445305006,0.010674908225404628,0.006687474342387041,0.02864103943528798,0.0,0.011901531083318144,0.003396704858533001,-0.2019434947113824,-0.030764526469764398,-0.008031399731160085,-0.02080680132374757,0.034943695948372884,-0.013413851924635902,0.012408547745761028
2016-06,0.26051071902864725,-0.07811288180610888,-0.02478619616771011,0.010767899829254402,-0.0810982963384557,-0.02003960538797192,-0.08999797381900967,-0.028256179093151212,-0.07003210017074557,0.0,-0.0045944147220641236,-0.004291603111364067,0.021348730791121217,0.009971200910643137,0.031180436349838737,0.03839068108518308,0.014185763612217796,-0.0021995674445076828,-0.15816042496679947,0.0,-0.017656930373743124,0.0,0.037047703163250616,0.0,0.016074862454942135
2016-07,0.3099386292128504,-0.09595335909098318,0.0,0.008495934055673863,-0.07673462506909956,-0.019777836564895786,-0.07928280210033034,-0.0234211879641527,-0.06356710845926869,0.006993720646579256,-0.004471864435917842,0.0,0.025052071060287423,0.0170681481020406,0.045709002283805436,0.07157749303076247,0.015425853388879751,-0.00931188690346513,-0.08297586813506021,0.042297625346238835,-0.027564560852818297,0.012975245683222402,0.04275918722999962,0.012112453334637518,0.026287089607870164
2016-08,0.32092062849851277,-0.12180293174815597,0.0,0.0,-0.0839197941166445,-0.019325721636574086,-0.07661803391176893,-0.028677171282443455,-0.058930427668873415,0.00991576151795255,-0.005949379845305897,-0.003890531470127498,0.014368026131120962,0.026962835179199438,0.05084359267344546,0.08554645343245137,0.014626862353668243,-0.016123118009458304,-0.03425986030402327,0.0545817271852876,-0.03926007519811012,0.015725319414124615,0.03495327179893262,0.01635693018609828,0.031738589494495
2016-09,0.3338047049895656,-0.11835773098083853,0.028375875545437298,-0.005049652817302227,-0.0739879643331436,-0.018057962435970402,-0.06295738948966038,-0.03433095048377917,-0.04824094099791309,0.01592110036046291,-0.007368560045532158,-0.00647915765509391,0.0,0.0286900322519446,0.05590314551318534,0.09650739518118004,0.016362952001517737,-0.01845771200910643,0.0,0.05902925441092771,-0.04548281540504647,0.01752223866439006,0.034310845293524704,0.020906826029216466,0.03048815025611838
2016-10,0.3098740516945954,-0.0649824192782793,0.06328910220214566,0.0,-0.03597464086811044,-0.012731213298509328,-0.03207126697426368,-0.027284665216416464,-0.03246608146746722,0.024579937355790463,-0.005899826254927588,-0.008955306198507304,0.0,0.038210223289038454,0.07130276184927144,0.10014834694723831,0.018180625887190927,-0.01602869155787915,0.11075284782196267,0.08046561729742051,-0.04971907963853225,0.015220608250228895,0.04532358186302409,0.025611560908633483,0.026952311214393305
2016-11,0.28531448280659877,0.0,0.09355984965957378,0.0,0.018198430322924355,-0.007102395158057,0.0,-0.017445691992523257,-0.014110349726395808,0.03229615892293864,-0.002770126705563805,-0.011029275374523782,0.0,0.04807024918211661,0.08492137884066517,0.10148174293837545,0.02262361252739247,-0.012156066983140713,0.14988869096547774,0.09704278624088522,-0.050049294524071516,0.009764369026064257,0.054683727775134826,0.030264047731071525,0.01879542021906644
2016-12,0.25271119678416126,0.06025320439459835,0.10923483277065699,0.0,0.04643561169604031,-0.0027054174296177636,0.029235068808651885,-0.006282455224307627,0.0,0.03615554903868164,0.0,-0.01128081368734265,0.0,0.05261751473449305,0.08582246724078742,0.08969334015220878,0.0240682865072099,-0.008261362010757617,0.15320307135500125,0.10755984993705663,-0.04522657144083317,0.0060282530327306055,0.06707198066234368,0.0301472447928588,0.008647892109178308
2017-01,0.21278106183418252,0.08175833719314497,0.10854027472209357,0.006696510247799903,0.04656735612552106,0.0,0.03566188773737842,0.00883735959935155,0.00874641037517369,0.03284131831866605,0.001367741141732283,-0.01081519221861973,0.0,0.04722096456692914,0.07490207416628067,0.07897894713987959,0.023305660896248265,-0.004702893411301528,0.14034181044465027,0.09920688107920332,-0.04004304654932838,0.0028179929944418735,0.07388118776053727,0.024182585977304306,0.0
2017-02,0.2139354611573614,0.1307236760247942,0.11163280613745365,0.01654363151524749,0.058291076599402795,0.003772502205682744,0.05337967152293912,0.02141413248801014,0.01745927263369831,0.031190305176002183,0.00346309157542304,-0.01027060616686273,0.0,0.04627872336213919,0.07252279205501766,0.06686124276083615,0.02291217282372637,0.004964348531807078,0.13523708968645376,0.08547581242647727,-0.02843916840104969,0.0,0.08524830190706727,0.02047813829065243,0.0
